timestamp, name, memory.total [MiB], memory.used [MiB], memory.free [MiB], utilization.gpu [%], power.draw [W], temperature.gpu
2026/09/23 18:06:02.548, NVIDIA GeForce RTX 5090, 32607 MiB, 23 MiB, 32165 MiB, 0 %, 17.98 W, 39
2026/09/23 18:06:07.564, NVIDIA GeForce RTX 5090, 32607 MiB, 23 MiB, 32165 MiB, 0 %, 18.21 W, 38
2026/09/23 18:06:12.569, NVIDIA GeForce RTX 5090, 32607 MiB, 23 MiB, 32165 MiB, 0 %, 18.21 W, 38
2026/09/23 18:06:17.582, NVIDIA GeForce RTX 5090, 32607 MiB, 23 MiB, 32165 MiB, 0 %, 18.20 W, 38
2026/09/23 18:06:22.592, NVIDIA GeForce RTX 5090, 32607 MiB, 23 MiB, 32165 MiB, 0 %, 66.43 W, 39
2026/09/23 18:06:27.600, NVIDIA GeForce RTX 5090, 32607 MiB, 23 MiB, 32165 MiB, 0 %, 18.12 W, 37
2026/09/23 18:06:32.610, NVIDIA GeForce RTX 5090, 32607 MiB, 23 MiB, 32165 MiB, 0 %, 18.13 W, 37
2026/09/23 18:06:37.624, NVIDIA GeForce RTX 5090, 32607 MiB, 23 MiB, 32165 MiB, 0 %, 18.18 W, 37
2026/09/23 18:06:42.626, NVIDIA GeForce RTX 5090, 32607 MiB, 23 MiB, 32165 MiB, 0 %, 18.00 W, 37
2026/09/23 18:06:47.634, NVIDIA GeForce RTX 5090, 32607 MiB, 23 MiB, 32165 MiB, 0 %, 18.17 W, 36
2026/09/23 18:06:52.641, NVIDIA GeForce RTX 5090, 32607 MiB, 23 MiB, 32165 MiB, 0 %, 18.50 W, 36
2026/09/23 18:06:57.645, NVIDIA GeForce RTX 5090, 32607 MiB, 23 MiB, 32165 MiB, 0 %, 17.95 W, 36
2026/09/23 18:07:02.658, NVIDIA GeForce RTX 5090, 32607 MiB, 23 MiB, 32165 MiB, 0 %, 17.97 W, 36
2026/09/23 18:07:07.671, NVIDIA GeForce RTX 5090, 32607 MiB, 23 MiB, 32165 MiB, 0 %, 18.36 W, 35
2026/09/23 18:07:12.687, NVIDIA GeForce RTX 5090, 32607 MiB, 23 MiB, 32165 MiB, 0 %, 18.00 W, 35
2026/09/23 18:07:17.693, NVIDIA GeForce RTX 5090, 32607 MiB, 23 MiB, 32165 MiB, 0 %, 17.91 W, 35
2026/09/23 18:07:22.696, NVIDIA GeForce RTX 5090, 32607 MiB, 23 MiB, 32165 MiB, 0 %, 18.15 W, 35
2026/09/23 18:07:27.705, NVIDIA GeForce RTX 5090, 32607 MiB, 23 MiB, 32165 MiB, 0 %, 18.06 W, 35
2026/09/23 18:07:32.721, NVIDIA GeForce RTX 5090, 32607 MiB, 23 MiB, 32165 MiB, 0 %, 17.86 W, 35
2026/09/23 18:07:37.737, NVIDIA GeForce RTX 5090, 32607 MiB, 23 MiB, 32165 MiB, 0 %, 18.03 W, 34
2026/09/23 18:07:42.740, NVIDIA GeForce RTX 5090, 32607 MiB, 23 MiB, 32165 MiB, 0 %, 18.13 W, 34
2026/09/23 18:07:47.745, NVIDIA GeForce RTX 5090, 32607 MiB, 23 MiB, 32165 MiB, 0 %, 18.13 W, 34
2026/09/23 18:07:52.755, NVIDIA GeForce RTX 5090, 32607 MiB, 23 MiB, 32165 MiB, 0 %, 18.30 W, 34
2026/09/23 18:07:57.762, NVIDIA GeForce RTX 5090, 32607 MiB, 23 MiB, 32165 MiB, 0 %, 18.28 W, 34
2026/09/23 18:08:02.772, NVIDIA GeForce RTX 5090, 32607 MiB, 23 MiB, 32165 MiB, 0 %, 18.21 W, 34
2026/09/23 18:08:07.785, NVIDIA GeForce RTX 5090, 32607 MiB, 23 MiB, 32165 MiB, 0 %, 18.19 W, 34
2026/09/23 18:08:12.790, NVIDIA GeForce RTX 5090, 32607 MiB, 23 MiB, 32165 MiB, 0 %, 17.85 W, 33
2026/09/23 18:08:17.801, NVIDIA GeForce RTX 5090, 32607 MiB, 23 MiB, 32165 MiB, 0 %, 13.22 W, 34
2026/09/23 18:08:22.802, NVIDIA GeForce RTX 5090, 32607 MiB, 23 MiB, 32165 MiB, 0 %, 13.15 W, 34
2026/09/23 18:08:27.809, NVIDIA GeForce RTX 5090, 32607 MiB, 23 MiB, 32165 MiB, 0 %, 12.86 W, 34
2026/09/23 18:08:32.819, NVIDIA GeForce RTX 5090, 32607 MiB, 23 MiB, 32165 MiB, 0 %, 13.12 W, 34
2026/09/23 18:08:37.833, NVIDIA GeForce RTX 5090, 32607 MiB, 23 MiB, 32165 MiB, 0 %, 13.22 W, 34
2026/09/23 18:08:42.836, NVIDIA GeForce RTX 5090, 32607 MiB, 23 MiB, 32165 MiB, 0 %, 13.24 W, 34
2026/09/23 18:08:47.850, NVIDIA GeForce RTX 5090, 32607 MiB, 23 MiB, 32165 MiB, 0 %, 13.39 W, 34
2026/09/23 18:08:52.862, NVIDIA GeForce RTX 5090, 32607 MiB, 23 MiB, 32165 MiB, 0 %, 13.44 W, 34
2026/09/23 18:08:57.877, NVIDIA GeForce RTX 5090, 32607 MiB, 23 MiB, 32165 MiB, 0 %, 13.02 W, 34
2026/09/23 18:09:02.885, NVIDIA GeForce RTX 5090, 32607 MiB, 23 MiB, 32165 MiB, 0 %, 13.25 W, 34
2026/09/23 18:09:07.896, NVIDIA GeForce RTX 5090, 32607 MiB, 23 MiB, 32165 MiB, 0 %, 13.26 W, 34
2026/09/23 18:09:12.903, NVIDIA GeForce RTX 5090, 32607 MiB, 23 MiB, 32165 MiB, 0 %, 13.02 W, 34
2026/09/23 18:09:17.917, NVIDIA GeForce RTX 5090, 32607 MiB, 23 MiB, 32165 MiB, 0 %, 13.25 W, 34
2026/09/23 18:09:22.918, NVIDIA GeForce RTX 5090, 32607 MiB, 23 MiB, 32165 MiB, 0 %, 13.42 W, 34
2026/09/23 18:09:27.926, NVIDIA GeForce RTX 5090, 32607 MiB, 23 MiB, 32165 MiB, 0 %, 13.21 W, 34
2026/09/23 18:09:32.935, NVIDIA GeForce RTX 5090, 32607 MiB, 23 MiB, 32165 MiB, 0 %, 13.32 W, 34
2026/09/23 18:09:37.937, NVIDIA GeForce RTX 5090, 32607 MiB, 23 MiB, 32165 MiB, 0 %, 13.05 W, 34
2026/09/23 18:09:42.952, NVIDIA GeForce RTX 5090, 32607 MiB, 23 MiB, 32165 MiB, 0 %, 13.08 W, 34
2026/09/23 18:09:47.959, NVIDIA GeForce RTX 5090, 32607 MiB, 23 MiB, 32165 MiB, 0 %, 13.27 W, 34
2026/09/23 18:09:52.965, NVIDIA GeForce RTX 5090, 32607 MiB, 23 MiB, 32165 MiB, 0 %, 13.16 W, 34
2026/09/23 18:09:57.968, NVIDIA GeForce RTX 5090, 32607 MiB, 23 MiB, 32165 MiB, 0 %, 13.25 W, 34
2026/09/23 18:10:02.981, NVIDIA GeForce RTX 5090, 32607 MiB, 23 MiB, 32165 MiB, 0 %, 13.03 W, 34
2026/09/23 18:10:07.994, NVIDIA GeForce RTX 5090, 32607 MiB, 23 MiB, 32165 MiB, 0 %, 12.97 W, 34
2026/09/23 18:10:13.003, NVIDIA GeForce RTX 5090, 32607 MiB, 23 MiB, 32165 MiB, 0 %, 13.41 W, 34
2026/09/23 18:10:18.014, NVIDIA GeForce RTX 5090, 32607 MiB, 23 MiB, 32165 MiB, 0 %, 13.16 W, 34
2026/09/23 18:10:23.015, NVIDIA GeForce RTX 5090, 32607 MiB, 23 MiB, 32165 MiB, 0 %, 12.95 W, 34
2026/09/23 18:10:28.019, NVIDIA GeForce RTX 5090, 32607 MiB, 23 MiB, 32165 MiB, 0 %, 13.26 W, 33
2026/09/23 18:10:33.031, NVIDIA GeForce RTX 5090, 32607 MiB, 23 MiB, 32165 MiB, 0 %, 13.25 W, 33
2026/09/23 18:10:38.046, NVIDIA GeForce RTX 5090, 32607 MiB, 23 MiB, 32165 MiB, 0 %, 13.23 W, 33
2026/09/23 18:10:43.056, NVIDIA GeForce RTX 5090, 32607 MiB, 23 MiB, 32165 MiB, 0 %, 13.39 W, 33
2026/09/23 18:10:48.062, NVIDIA GeForce RTX 5090, 32607 MiB, 23 MiB, 32165 MiB, 0 %, 13.25 W, 33
2026/09/23 18:10:53.068, NVIDIA GeForce RTX 5090, 32607 MiB, 23 MiB, 32165 MiB, 0 %, 13.12 W, 33
2026/09/23 18:10:58.071, NVIDIA GeForce RTX 5090, 32607 MiB, 23 MiB, 32165 MiB, 0 %, 13.21 W, 33
2026/09/23 18:11:03.083, NVIDIA GeForce RTX 5090, 32607 MiB, 23 MiB, 32165 MiB, 0 %, 13.09 W, 33
2026/09/23 18:11:08.090, NVIDIA GeForce RTX 5090, 32607 MiB, 23 MiB, 32165 MiB, 0 %, 13.18 W, 33
2026/09/23 18:11:13.097, NVIDIA GeForce RTX 5090, 32607 MiB, 23 MiB, 32165 MiB, 0 %, 13.31 W, 33
2026/09/23 18:11:18.099, NVIDIA GeForce RTX 5090, 32607 MiB, 23 MiB, 32165 MiB, 0 %, 13.16 W, 33
2026/09/23 18:11:23.113, NVIDIA GeForce RTX 5090, 32607 MiB, 23 MiB, 32165 MiB, 0 %, 13.18 W, 33
2026/09/23 18:11:28.121, NVIDIA GeForce RTX 5090, 32607 MiB, 23 MiB, 32165 MiB, 0 %, 13.37 W, 33
2026/09/23 18:11:33.122, NVIDIA GeForce RTX 5090, 32607 MiB, 23 MiB, 32165 MiB, 0 %, 13.02 W, 33
2026/09/23 18:11:38.130, NVIDIA GeForce RTX 5090, 32607 MiB, 23 MiB, 32165 MiB, 0 %, 13.18 W, 33
2026/09/23 18:11:43.139, NVIDIA GeForce RTX 5090, 32607 MiB, 23 MiB, 32165 MiB, 0 %, 13.35 W, 33
2026/09/23 18:11:48.155, NVIDIA GeForce RTX 5090, 32607 MiB, 23 MiB, 32165 MiB, 0 %, 13.09 W, 33
2026/09/23 18:11:53.156, NVIDIA GeForce RTX 5090, 32607 MiB, 23 MiB, 32165 MiB, 0 %, 13.24 W, 33
2026/09/23 18:11:58.166, NVIDIA GeForce RTX 5090, 32607 MiB, 23 MiB, 32165 MiB, 0 %, 13.23 W, 33
2026/09/23 18:12:03.168, NVIDIA GeForce RTX 5090, 32607 MiB, 23 MiB, 32165 MiB, 0 %, 13.02 W, 33
2026/09/23 18:12:08.173, NVIDIA GeForce RTX 5090, 32607 MiB, 33 MiB, 32155 MiB, 0 %, 13.29 W, 33
2026/09/23 18:12:13.183, NVIDIA GeForce RTX 5090, 32607 MiB, 680 MiB, 31508 MiB, 0 %, 60.57 W, 36
2026/09/23 18:12:18.199, NVIDIA GeForce RTX 5090, 32607 MiB, 23278 MiB, 8910 MiB, 1 %, 89.61 W, 37
2026/09/23 18:12:23.207, NVIDIA GeForce RTX 5090, 32607 MiB, 23278 MiB, 8910 MiB, 6 %, 20.27 W, 34
2026/09/23 18:12:28.219, NVIDIA GeForce RTX 5090, 32607 MiB, 23278 MiB, 8910 MiB, 9 %, 21.33 W, 34
2026/09/23 18:12:33.227, NVIDIA GeForce RTX 5090, 32607 MiB, 23278 MiB, 8910 MiB, 13 %, 18.73 W, 34
2026/09/23 18:12:38.238, NVIDIA GeForce RTX 5090, 32607 MiB, 23278 MiB, 8910 MiB, 4 %, 16.82 W, 33
2026/09/23 18:12:43.254, NVIDIA GeForce RTX 5090, 32607 MiB, 23278 MiB, 8910 MiB, 21 %, 19.27 W, 33
2026/09/23 18:12:48.258, NVIDIA GeForce RTX 5090, 32607 MiB, 23278 MiB, 8910 MiB, 15 %, 17.56 W, 33
2026/09/23 18:12:53.263, NVIDIA GeForce RTX 5090, 32607 MiB, 23278 MiB, 8910 MiB, 2 %, 16.22 W, 33
2026/09/23 18:12:58.274, NVIDIA GeForce RTX 5090, 32607 MiB, 23278 MiB, 8910 MiB, 6 %, 16.63 W, 33
2026/09/23 18:13:03.288, NVIDIA GeForce RTX 5090, 32607 MiB, 23278 MiB, 8910 MiB, 34 %, 18.38 W, 33
2026/09/23 18:13:08.299, NVIDIA GeForce RTX 5090, 32607 MiB, 22674 MiB, 9514 MiB, 0 %, 44.15 W, 34
2026/09/23 18:13:13.314, NVIDIA GeForce RTX 5090, 32607 MiB, 22674 MiB, 9514 MiB, 0 %, 14.58 W, 33
2026/09/23 18:13:18.319, NVIDIA GeForce RTX 5090, 32607 MiB, 22748 MiB, 9440 MiB, 0 %, 13.65 W, 33
2026/09/23 18:13:23.326, NVIDIA GeForce RTX 5090, 32607 MiB, 22832 MiB, 9356 MiB, 0 %, 13.25 W, 33
2026/09/23 18:13:28.330, NVIDIA GeForce RTX 5090, 32607 MiB, 22832 MiB, 9356 MiB, 0 %, 12.96 W, 33
2026/09/23 18:13:33.330, NVIDIA GeForce RTX 5090, 32607 MiB, 23180 MiB, 9008 MiB, 20 %, 155.12 W, 40
2026/09/23 18:13:38.337, NVIDIA GeForce RTX 5090, 32607 MiB, 23180 MiB, 9008 MiB, 0 %, 150.16 W, 41
2026/09/23 18:13:43.342, NVIDIA GeForce RTX 5090, 32607 MiB, 23180 MiB, 9008 MiB, 0 %, 130.65 W, 41
2026/09/23 18:13:48.358, NVIDIA GeForce RTX 5090, 32607 MiB, 23180 MiB, 9008 MiB, 48 %, 133.32 W, 41
2026/09/23 18:13:53.365, NVIDIA GeForce RTX 5090, 32607 MiB, 23182 MiB, 9006 MiB, 83 %, 160.93 W, 43
2026/09/23 18:13:58.374, NVIDIA GeForce RTX 5090, 32607 MiB, 23184 MiB, 9004 MiB, 0 %, 111.96 W, 40
2026/09/23 18:14:03.381, NVIDIA GeForce RTX 5090, 32607 MiB, 23184 MiB, 9004 MiB, 0 %, 114.35 W, 40
2026/09/23 18:14:08.396, NVIDIA GeForce RTX 5090, 32607 MiB, 23184 MiB, 9004 MiB, 0 %, 133.88 W, 40
2026/09/23 18:14:13.407, NVIDIA GeForce RTX 5090, 32607 MiB, 23184 MiB, 9004 MiB, 0 %, 138.66 W, 41
2026/09/23 18:14:18.415, NVIDIA GeForce RTX 5090, 32607 MiB, 22974 MiB, 9214 MiB, 0 %, 135.71 W, 41
2026/09/23 18:14:23.432, NVIDIA GeForce RTX 5090, 32607 MiB, 29368 MiB, 2820 MiB, 0 %, 147.91 W, 44
2026/09/23 18:14:28.448, NVIDIA GeForce RTX 5090, 32607 MiB, 29368 MiB, 2820 MiB, 0 %, 35.81 W, 36
2026/09/23 18:14:33.454, NVIDIA GeForce RTX 5090, 32607 MiB, 29368 MiB, 2820 MiB, 0 %, 15.01 W, 34
2026/09/23 18:14:38.468, NVIDIA GeForce RTX 5090, 32607 MiB, 29368 MiB, 2820 MiB, 0 %, 14.24 W, 34
2026/09/23 18:14:43.483, NVIDIA GeForce RTX 5090, 32607 MiB, 29368 MiB, 2820 MiB, 0 %, 13.81 W, 34
2026/09/23 18:14:48.489, NVIDIA GeForce RTX 5090, 32607 MiB, 29368 MiB, 2820 MiB, 0 %, 14.05 W, 34
2026/09/23 18:14:53.497, NVIDIA GeForce RTX 5090, 32607 MiB, 29368 MiB, 2820 MiB, 23 %, 126.85 W, 38
2026/09/23 18:14:58.511, NVIDIA GeForce RTX 5090, 32607 MiB, 29374 MiB, 2814 MiB, 0 %, 35.21 W, 35
2026/09/23 18:15:03.514, NVIDIA GeForce RTX 5090, 32607 MiB, 29374 MiB, 2814 MiB, 0 %, 14.30 W, 34
2026/09/23 18:15:08.523, NVIDIA GeForce RTX 5090, 32607 MiB, 29374 MiB, 2814 MiB, 0 %, 14.18 W, 33
2026/09/23 18:15:13.532, NVIDIA GeForce RTX 5090, 32607 MiB, 29374 MiB, 2814 MiB, 0 %, 13.99 W, 33
2026/09/23 18:15:18.535, NVIDIA GeForce RTX 5090, 32607 MiB, 29374 MiB, 2814 MiB, 0 %, 14.00 W, 33
2026/09/23 18:15:23.545, NVIDIA GeForce RTX 5090, 32607 MiB, 29374 MiB, 2814 MiB, 0 %, 14.01 W, 33
2026/09/23 18:15:28.554, NVIDIA GeForce RTX 5090, 32607 MiB, 29374 MiB, 2814 MiB, 0 %, 13.47 W, 33
2026/09/23 18:15:33.567, NVIDIA GeForce RTX 5090, 32607 MiB, 29374 MiB, 2814 MiB, 0 %, 13.07 W, 33
2026/09/23 18:15:38.581, NVIDIA GeForce RTX 5090, 32607 MiB, 29374 MiB, 2814 MiB, 0 %, 12.91 W, 33
2026/09/23 18:15:43.591, NVIDIA GeForce RTX 5090, 32607 MiB, 29374 MiB, 2814 MiB, 0 %, 13.20 W, 33
2026/09/23 18:15:48.598, NVIDIA GeForce RTX 5090, 32607 MiB, 29374 MiB, 2814 MiB, 0 %, 69.26 W, 36
2026/09/23 18:15:53.604, NVIDIA GeForce RTX 5090, 32607 MiB, 29374 MiB, 2814 MiB, 0 %, 13.50 W, 33
2026/09/23 18:15:58.617, NVIDIA GeForce RTX 5090, 32607 MiB, 29374 MiB, 2814 MiB, 0 %, 13.43 W, 33
2026/09/23 18:16:03.624, NVIDIA GeForce RTX 5090, 32607 MiB, 29374 MiB, 2814 MiB, 0 %, 13.18 W, 33
2026/09/23 18:16:08.633, NVIDIA GeForce RTX 5090, 32607 MiB, 29374 MiB, 2814 MiB, 0 %, 13.04 W, 33
2026/09/23 18:16:13.645, NVIDIA GeForce RTX 5090, 32607 MiB, 29374 MiB, 2814 MiB, 0 %, 13.17 W, 33
2026/09/23 18:16:18.655, NVIDIA GeForce RTX 5090, 32607 MiB, 29374 MiB, 2814 MiB, 0 %, 13.07 W, 33
2026/09/23 18:16:23.669, NVIDIA GeForce RTX 5090, 32607 MiB, 29374 MiB, 2814 MiB, 0 %, 13.20 W, 33
2026/09/23 18:16:28.676, NVIDIA GeForce RTX 5090, 32607 MiB, 29374 MiB, 2814 MiB, 0 %, 13.50 W, 33
2026/09/23 18:16:33.685, NVIDIA GeForce RTX 5090, 32607 MiB, 29374 MiB, 2814 MiB, 0 %, 13.03 W, 33
2026/09/23 18:16:38.687, NVIDIA GeForce RTX 5090, 32607 MiB, 29376 MiB, 2812 MiB, 33 %, 231.85 W, 45
2026/09/23 18:16:43.690, NVIDIA GeForce RTX 5090, 32607 MiB, 29376 MiB, 2812 MiB, 32 %, 176.49 W, 46
2026/09/23 18:16:48.693, NVIDIA GeForce RTX 5090, 32607 MiB, 29376 MiB, 2812 MiB, 32 %, 170.98 W, 46
2026/09/23 18:16:53.705, NVIDIA GeForce RTX 5090, 32607 MiB, 29376 MiB, 2812 MiB, 33 %, 171.45 W, 46
2026/09/23 18:16:58.715, NVIDIA GeForce RTX 5090, 32607 MiB, 29376 MiB, 2812 MiB, 62 %, 185.90 W, 52
2026/09/23 18:17:03.716, NVIDIA GeForce RTX 5090, 32607 MiB, 29376 MiB, 2812 MiB, 97 %, 280.88 W, 58
2026/09/23 18:17:08.719, NVIDIA GeForce RTX 5090, 32607 MiB, 29376 MiB, 2812 MiB, 97 %, 357.63 W, 60
2026/09/23 18:17:13.726, NVIDIA GeForce RTX 5090, 32607 MiB, 29376 MiB, 2812 MiB, 32 %, 377.23 W, 53
2026/09/23 18:17:18.738, NVIDIA GeForce RTX 5090, 32607 MiB, 29376 MiB, 2812 MiB, 31 %, 357.63 W, 51
2026/09/23 18:17:23.750, NVIDIA GeForce RTX 5090, 32607 MiB, 29376 MiB, 2812 MiB, 32 %, 361.69 W, 51
2026/09/23 18:17:28.756, NVIDIA GeForce RTX 5090, 32607 MiB, 29376 MiB, 2812 MiB, 32 %, 168.90 W, 46
2026/09/23 18:17:33.767, NVIDIA GeForce RTX 5090, 32607 MiB, 29376 MiB, 2812 MiB, 28 %, 165.34 W, 45
2026/09/23 18:17:38.770, NVIDIA GeForce RTX 5090, 32607 MiB, 29376 MiB, 2812 MiB, 31 %, 167.63 W, 45
2026/09/23 18:17:43.784, NVIDIA GeForce RTX 5090, 32607 MiB, 29376 MiB, 2812 MiB, 31 %, 169.24 W, 45
2026/09/23 18:17:48.797, NVIDIA GeForce RTX 5090, 32607 MiB, 29376 MiB, 2812 MiB, 32 %, 165.65 W, 45
2026/09/23 18:17:53.806, NVIDIA GeForce RTX 5090, 32607 MiB, 29376 MiB, 2812 MiB, 32 %, 169.65 W, 45
2026/09/23 18:17:58.810, NVIDIA GeForce RTX 5090, 32607 MiB, 29376 MiB, 2812 MiB, 30 %, 167.38 W, 45
2026/09/23 18:18:03.815, NVIDIA GeForce RTX 5090, 32607 MiB, 29376 MiB, 2812 MiB, 31 %, 357.58 W, 50
2026/09/23 18:18:08.830, NVIDIA GeForce RTX 5090, 32607 MiB, 29376 MiB, 2812 MiB, 31 %, 262.33 W, 50
2026/09/23 18:18:13.844, NVIDIA GeForce RTX 5090, 32607 MiB, 29376 MiB, 2812 MiB, 32 %, 207.61 W, 49
2026/09/23 18:18:18.846, NVIDIA GeForce RTX 5090, 32607 MiB, 29376 MiB, 2812 MiB, 31 %, 174.43 W, 49
2026/09/23 18:18:23.852, NVIDIA GeForce RTX 5090, 32607 MiB, 29376 MiB, 2812 MiB, 33 %, 174.83 W, 49
2026/09/23 18:18:28.856, NVIDIA GeForce RTX 5090, 32607 MiB, 29376 MiB, 2812 MiB, 31 %, 171.22 W, 48
2026/09/23 18:18:33.867, NVIDIA GeForce RTX 5090, 32607 MiB, 29376 MiB, 2812 MiB, 49 %, 180.72 W, 51
2026/09/23 18:18:38.881, NVIDIA GeForce RTX 5090, 32607 MiB, 29376 MiB, 2812 MiB, 96 %, 289.64 W, 60
2026/09/23 18:18:43.890, NVIDIA GeForce RTX 5090, 32607 MiB, 29376 MiB, 2812 MiB, 97 %, 346.47 W, 61
2026/09/23 18:18:48.894, NVIDIA GeForce RTX 5090, 32607 MiB, 29376 MiB, 2812 MiB, 38 %, 375.04 W, 56
2026/09/23 18:18:53.906, NVIDIA GeForce RTX 5090, 32607 MiB, 29376 MiB, 2812 MiB, 31 %, 172.13 W, 48
2026/09/23 18:18:58.911, NVIDIA GeForce RTX 5090, 32607 MiB, 29376 MiB, 2812 MiB, 28 %, 167.63 W, 47
2026/09/23 18:19:03.924, NVIDIA GeForce RTX 5090, 32607 MiB, 29376 MiB, 2812 MiB, 31 %, 170.22 W, 47
2026/09/23 18:19:08.930, NVIDIA GeForce RTX 5090, 32607 MiB, 29376 MiB, 2812 MiB, 28 %, 163.56 W, 47
2026/09/23 18:19:13.940, NVIDIA GeForce RTX 5090, 32607 MiB, 29376 MiB, 2812 MiB, 32 %, 170.94 W, 47
2026/09/23 18:19:18.946, NVIDIA GeForce RTX 5090, 32607 MiB, 29376 MiB, 2812 MiB, 30 %, 168.30 W, 47
2026/09/23 18:19:23.954, NVIDIA GeForce RTX 5090, 32607 MiB, 29376 MiB, 2812 MiB, 31 %, 171.92 W, 47
2026/09/23 18:19:28.955, NVIDIA GeForce RTX 5090, 32607 MiB, 29376 MiB, 2812 MiB, 0 %, 39.28 W, 41
2026/09/23 18:19:33.970, NVIDIA GeForce RTX 5090, 32607 MiB, 29376 MiB, 2812 MiB, 0 %, 23.85 W, 38
2026/09/23 18:19:38.980, NVIDIA GeForce RTX 5090, 32607 MiB, 29376 MiB, 2812 MiB, 0 %, 14.05 W, 38
2026/09/23 18:19:43.988, NVIDIA GeForce RTX 5090, 32607 MiB, 29376 MiB, 2812 MiB, 31 %, 82.52 W, 43
2026/09/23 18:19:48.997, NVIDIA GeForce RTX 5090, 32607 MiB, 29376 MiB, 2812 MiB, 28 %, 168.70 W, 46
2026/09/23 18:19:54.001, NVIDIA GeForce RTX 5090, 32607 MiB, 29376 MiB, 2812 MiB, 31 %, 171.38 W, 47
2026/09/23 18:19:59.016, NVIDIA GeForce RTX 5090, 32607 MiB, 29376 MiB, 2812 MiB, 29 %, 167.83 W, 47
2026/09/23 18:20:04.024, NVIDIA GeForce RTX 5090, 32607 MiB, 29376 MiB, 2812 MiB, 30 %, 169.29 W, 47
2026/09/23 18:20:09.025, NVIDIA GeForce RTX 5090, 32607 MiB, 29376 MiB, 2812 MiB, 30 %, 168.68 W, 47
2026/09/23 18:20:14.040, NVIDIA GeForce RTX 5090, 32607 MiB, 29376 MiB, 2812 MiB, 31 %, 173.19 W, 47
2026/09/23 18:20:19.053, NVIDIA GeForce RTX 5090, 32607 MiB, 29376 MiB, 2812 MiB, 31 %, 169.02 W, 47
2026/09/23 18:20:24.055, NVIDIA GeForce RTX 5090, 32607 MiB, 29376 MiB, 2812 MiB, 32 %, 178.86 W, 47
2026/09/23 18:20:29.060, NVIDIA GeForce RTX 5090, 32607 MiB, 29376 MiB, 2812 MiB, 27 %, 167.60 W, 47
2026/09/23 18:20:34.065, NVIDIA GeForce RTX 5090, 32607 MiB, 29376 MiB, 2812 MiB, 31 %, 169.12 W, 47
2026/09/23 18:20:39.079, NVIDIA GeForce RTX 5090, 32607 MiB, 29376 MiB, 2812 MiB, 29 %, 161.64 W, 47
2026/09/23 18:20:44.083, NVIDIA GeForce RTX 5090, 32607 MiB, 29376 MiB, 2812 MiB, 21 %, 161.68 W, 47
2026/09/23 18:20:49.084, NVIDIA GeForce RTX 5090, 32607 MiB, 29376 MiB, 2812 MiB, 28 %, 167.17 W, 47
2026/09/23 18:20:54.089, NVIDIA GeForce RTX 5090, 32607 MiB, 29376 MiB, 2812 MiB, 0 %, 36.81 W, 39
2026/09/23 18:20:59.101, NVIDIA GeForce RTX 5090, 32607 MiB, 29376 MiB, 2812 MiB, 0 %, 14.29 W, 38
2026/09/23 18:21:04.106, NVIDIA GeForce RTX 5090, 32607 MiB, 29376 MiB, 2812 MiB, 0 %, 14.26 W, 37
2026/09/23 18:21:09.110, NVIDIA GeForce RTX 5090, 32607 MiB, 29376 MiB, 2812 MiB, 0 %, 14.06 W, 37
2026/09/23 18:21:14.125, NVIDIA GeForce RTX 5090, 32607 MiB, 29376 MiB, 2812 MiB, 0 %, 14.30 W, 37
2026/09/23 18:21:19.127, NVIDIA GeForce RTX 5090, 32607 MiB, 29376 MiB, 2812 MiB, 100 %, 36.25 W, 40
2026/09/23 18:21:24.139, NVIDIA GeForce RTX 5090, 32607 MiB, 29376 MiB, 2812 MiB, 32 %, 169.74 W, 46
2026/09/23 18:21:29.143, NVIDIA GeForce RTX 5090, 32607 MiB, 29376 MiB, 2812 MiB, 33 %, 169.58 W, 46
2026/09/23 18:21:34.144, NVIDIA GeForce RTX 5090, 32607 MiB, 29376 MiB, 2812 MiB, 31 %, 169.93 W, 46
2026/09/23 18:21:39.146, NVIDIA GeForce RTX 5090, 32607 MiB, 29376 MiB, 2812 MiB, 32 %, 169.87 W, 46
2026/09/23 18:21:44.152, NVIDIA GeForce RTX 5090, 32607 MiB, 29376 MiB, 2812 MiB, 33 %, 172.45 W, 47
2026/09/23 18:21:49.165, NVIDIA GeForce RTX 5090, 32607 MiB, 29376 MiB, 2812 MiB, 31 %, 170.23 W, 46
2026/09/23 18:21:54.175, NVIDIA GeForce RTX 5090, 32607 MiB, 29376 MiB, 2812 MiB, 33 %, 171.48 W, 46
2026/09/23 18:21:59.181, NVIDIA GeForce RTX 5090, 32607 MiB, 29376 MiB, 2812 MiB, 31 %, 170.74 W, 46
2026/09/23 18:22:04.194, NVIDIA GeForce RTX 5090, 32607 MiB, 29376 MiB, 2812 MiB, 32 %, 171.21 W, 46
2026/09/23 18:22:09.201, NVIDIA GeForce RTX 5090, 32607 MiB, 29376 MiB, 2812 MiB, 33 %, 170.42 W, 47
2026/09/23 18:22:14.215, NVIDIA GeForce RTX 5090, 32607 MiB, 29376 MiB, 2812 MiB, 32 %, 171.75 W, 47
2026/09/23 18:22:19.226, NVIDIA GeForce RTX 5090, 32607 MiB, 29376 MiB, 2812 MiB, 58 %, 296.96 W, 54
2026/09/23 18:22:24.234, NVIDIA GeForce RTX 5090, 32607 MiB, 29376 MiB, 2812 MiB, 32 %, 170.34 W, 47
2026/09/23 18:22:29.241, NVIDIA GeForce RTX 5090, 32607 MiB, 29376 MiB, 2812 MiB, 31 %, 168.72 W, 46
2026/09/23 18:22:34.256, NVIDIA GeForce RTX 5090, 32607 MiB, 29376 MiB, 2812 MiB, 34 %, 171.96 W, 47
2026/09/23 18:22:39.267, NVIDIA GeForce RTX 5090, 32607 MiB, 29376 MiB, 2812 MiB, 33 %, 169.84 W, 47
2026/09/23 18:22:44.268, NVIDIA GeForce RTX 5090, 32607 MiB, 29376 MiB, 2812 MiB, 33 %, 171.71 W, 47
2026/09/23 18:22:49.276, NVIDIA GeForce RTX 5090, 32607 MiB, 29376 MiB, 2812 MiB, 33 %, 170.74 W, 47
2026/09/23 18:22:54.285, NVIDIA GeForce RTX 5090, 32607 MiB, 29376 MiB, 2812 MiB, 31 %, 170.18 W, 47
2026/09/23 18:22:59.289, NVIDIA GeForce RTX 5090, 32607 MiB, 29376 MiB, 2812 MiB, 33 %, 169.56 W, 47
2026/09/23 18:23:04.303, NVIDIA GeForce RTX 5090, 32607 MiB, 29376 MiB, 2812 MiB, 33 %, 172.00 W, 47
2026/09/23 18:23:09.316, NVIDIA GeForce RTX 5090, 32607 MiB, 29376 MiB, 2812 MiB, 31 %, 170.46 W, 47
2026/09/23 18:23:14.318, NVIDIA GeForce RTX 5090, 32607 MiB, 29376 MiB, 2812 MiB, 33 %, 172.58 W, 47
2026/09/23 18:23:19.332, NVIDIA GeForce RTX 5090, 32607 MiB, 29376 MiB, 2812 MiB, 33 %, 169.84 W, 47
2026/09/23 18:23:24.336, NVIDIA GeForce RTX 5090, 32607 MiB, 29376 MiB, 2812 MiB, 32 %, 171.70 W, 47
2026/09/23 18:23:29.344, NVIDIA GeForce RTX 5090, 32607 MiB, 29376 MiB, 2812 MiB, 29 %, 169.55 W, 47
2026/09/23 18:23:34.348, NVIDIA GeForce RTX 5090, 32607 MiB, 29376 MiB, 2812 MiB, 32 %, 172.13 W, 47
2026/09/23 18:23:39.350, NVIDIA GeForce RTX 5090, 32607 MiB, 29376 MiB, 2812 MiB, 33 %, 170.57 W, 47
2026/09/23 18:23:44.354, NVIDIA GeForce RTX 5090, 32607 MiB, 29376 MiB, 2812 MiB, 33 %, 171.52 W, 47
2026/09/23 18:23:49.364, NVIDIA GeForce RTX 5090, 32607 MiB, 29376 MiB, 2812 MiB, 32 %, 170.81 W, 47
2026/09/23 18:23:54.369, NVIDIA GeForce RTX 5090, 32607 MiB, 29376 MiB, 2812 MiB, 34 %, 172.50 W, 47
2026/09/23 18:23:59.371, NVIDIA GeForce RTX 5090, 32607 MiB, 29376 MiB, 2812 MiB, 29 %, 170.63 W, 47
2026/09/23 18:24:04.380, NVIDIA GeForce RTX 5090, 32607 MiB, 29376 MiB, 2812 MiB, 33 %, 172.70 W, 47
2026/09/23 18:24:09.390, NVIDIA GeForce RTX 5090, 32607 MiB, 29376 MiB, 2812 MiB, 33 %, 168.28 W, 47
2026/09/23 18:24:14.405, NVIDIA GeForce RTX 5090, 32607 MiB, 29376 MiB, 2812 MiB, 33 %, 172.09 W, 47
2026/09/23 18:24:19.406, NVIDIA GeForce RTX 5090, 32607 MiB, 29376 MiB, 2812 MiB, 33 %, 170.26 W, 47
2026/09/23 18:24:24.411, NVIDIA GeForce RTX 5090, 32607 MiB, 29376 MiB, 2812 MiB, 33 %, 172.41 W, 47
2026/09/23 18:24:29.423, NVIDIA GeForce RTX 5090, 32607 MiB, 29376 MiB, 2812 MiB, 32 %, 169.73 W, 47
2026/09/23 18:24:34.429, NVIDIA GeForce RTX 5090, 32607 MiB, 29376 MiB, 2812 MiB, 33 %, 173.21 W, 48
2026/09/23 18:24:39.432, NVIDIA GeForce RTX 5090, 32607 MiB, 29376 MiB, 2812 MiB, 31 %, 170.71 W, 47
2026/09/23 18:24:44.439, NVIDIA GeForce RTX 5090, 32607 MiB, 29376 MiB, 2812 MiB, 33 %, 171.62 W, 47
2026/09/23 18:24:49.450, NVIDIA GeForce RTX 5090, 32607 MiB, 29376 MiB, 2812 MiB, 31 %, 171.81 W, 47
2026/09/23 18:24:54.460, NVIDIA GeForce RTX 5090, 32607 MiB, 29376 MiB, 2812 MiB, 32 %, 172.37 W, 47
2026/09/23 18:24:59.468, NVIDIA GeForce RTX 5090, 32607 MiB, 29376 MiB, 2812 MiB, 33 %, 170.56 W, 47
2026/09/23 18:25:04.475, NVIDIA GeForce RTX 5090, 32607 MiB, 29376 MiB, 2812 MiB, 31 %, 171.23 W, 47
2026/09/23 18:25:09.484, NVIDIA GeForce RTX 5090, 32607 MiB, 29376 MiB, 2812 MiB, 33 %, 171.70 W, 47
2026/09/23 18:25:14.500, NVIDIA GeForce RTX 5090, 32607 MiB, 29376 MiB, 2812 MiB, 31 %, 170.49 W, 48
2026/09/23 18:25:19.515, NVIDIA GeForce RTX 5090, 32607 MiB, 29376 MiB, 2812 MiB, 32 %, 169.20 W, 47
2026/09/23 18:25:24.529, NVIDIA GeForce RTX 5090, 32607 MiB, 29376 MiB, 2812 MiB, 34 %, 173.06 W, 48
2026/09/23 18:25:29.530, NVIDIA GeForce RTX 5090, 32607 MiB, 29376 MiB, 2812 MiB, 31 %, 170.20 W, 48
2026/09/23 18:25:34.540, NVIDIA GeForce RTX 5090, 32607 MiB, 29376 MiB, 2812 MiB, 32 %, 171.78 W, 48
2026/09/23 18:25:39.556, NVIDIA GeForce RTX 5090, 32607 MiB, 29376 MiB, 2812 MiB, 33 %, 172.29 W, 48
2026/09/23 18:25:44.572, NVIDIA GeForce RTX 5090, 32607 MiB, 29376 MiB, 2812 MiB, 32 %, 171.31 W, 48
2026/09/23 18:25:49.584, NVIDIA GeForce RTX 5090, 32607 MiB, 29376 MiB, 2812 MiB, 32 %, 170.90 W, 48
2026/09/23 18:25:54.597, NVIDIA GeForce RTX 5090, 32607 MiB, 29376 MiB, 2812 MiB, 32 %, 172.59 W, 48
2026/09/23 18:25:59.605, NVIDIA GeForce RTX 5090, 32607 MiB, 29376 MiB, 2812 MiB, 33 %, 170.93 W, 48
2026/09/23 18:26:04.609, NVIDIA GeForce RTX 5090, 32607 MiB, 29376 MiB, 2812 MiB, 32 %, 171.80 W, 48
2026/09/23 18:26:09.623, NVIDIA GeForce RTX 5090, 32607 MiB, 29376 MiB, 2812 MiB, 31 %, 171.45 W, 48
2026/09/23 18:26:14.623, NVIDIA GeForce RTX 5090, 32607 MiB, 29376 MiB, 2812 MiB, 32 %, 171.35 W, 48
2026/09/23 18:26:19.628, NVIDIA GeForce RTX 5090, 32607 MiB, 29376 MiB, 2812 MiB, 32 %, 169.99 W, 48
2026/09/23 18:26:24.638, NVIDIA GeForce RTX 5090, 32607 MiB, 29376 MiB, 2812 MiB, 34 %, 172.83 W, 48
2026/09/23 18:26:29.645, NVIDIA GeForce RTX 5090, 32607 MiB, 29376 MiB, 2812 MiB, 32 %, 171.66 W, 48
2026/09/23 18:26:34.655, NVIDIA GeForce RTX 5090, 32607 MiB, 29376 MiB, 2812 MiB, 24 %, 168.82 W, 47
2026/09/23 18:26:39.671, NVIDIA GeForce RTX 5090, 32607 MiB, 29376 MiB, 2812 MiB, 30 %, 164.05 W, 47
2026/09/23 18:26:44.683, NVIDIA GeForce RTX 5090, 32607 MiB, 29376 MiB, 2812 MiB, 33 %, 173.66 W, 48
2026/09/23 18:26:49.696, NVIDIA GeForce RTX 5090, 32607 MiB, 29376 MiB, 2812 MiB, 31 %, 170.03 W, 48
2026/09/23 18:26:54.704, NVIDIA GeForce RTX 5090, 32607 MiB, 29376 MiB, 2812 MiB, 33 %, 171.96 W, 48
2026/09/23 18:26:59.715, NVIDIA GeForce RTX 5090, 32607 MiB, 29376 MiB, 2812 MiB, 32 %, 170.21 W, 48
2026/09/23 18:27:04.726, NVIDIA GeForce RTX 5090, 32607 MiB, 29376 MiB, 2812 MiB, 31 %, 171.62 W, 48
2026/09/23 18:27:09.727, NVIDIA GeForce RTX 5090, 32607 MiB, 29376 MiB, 2812 MiB, 31 %, 169.71 W, 48
2026/09/23 18:27:14.743, NVIDIA GeForce RTX 5090, 32607 MiB, 29376 MiB, 2812 MiB, 33 %, 171.78 W, 48
2026/09/23 18:27:19.753, NVIDIA GeForce RTX 5090, 32607 MiB, 29376 MiB, 2812 MiB, 32 %, 170.75 W, 48
2026/09/23 18:27:24.754, NVIDIA GeForce RTX 5090, 32607 MiB, 29376 MiB, 2812 MiB, 32 %, 171.51 W, 48
2026/09/23 18:27:29.760, NVIDIA GeForce RTX 5090, 32607 MiB, 29376 MiB, 2812 MiB, 32 %, 170.70 W, 48
2026/09/23 18:27:34.775, NVIDIA GeForce RTX 5090, 32607 MiB, 29376 MiB, 2812 MiB, 32 %, 172.86 W, 48
2026/09/23 18:27:39.787, NVIDIA GeForce RTX 5090, 32607 MiB, 29376 MiB, 2812 MiB, 32 %, 171.48 W, 48
2026/09/23 18:27:44.790, NVIDIA GeForce RTX 5090, 32607 MiB, 29376 MiB, 2812 MiB, 32 %, 173.10 W, 48
2026/09/23 18:27:49.806, NVIDIA GeForce RTX 5090, 32607 MiB, 29376 MiB, 2812 MiB, 32 %, 169.51 W, 48
2026/09/23 18:27:54.820, NVIDIA GeForce RTX 5090, 32607 MiB, 29376 MiB, 2812 MiB, 33 %, 172.49 W, 48
2026/09/23 18:27:59.824, NVIDIA GeForce RTX 5090, 32607 MiB, 29376 MiB, 2812 MiB, 31 %, 171.72 W, 48
2026/09/23 18:28:04.826, NVIDIA GeForce RTX 5090, 32607 MiB, 29376 MiB, 2812 MiB, 31 %, 173.18 W, 48
2026/09/23 18:28:09.835, NVIDIA GeForce RTX 5090, 32607 MiB, 29376 MiB, 2812 MiB, 31 %, 169.87 W, 48
2026/09/23 18:28:14.838, NVIDIA GeForce RTX 5090, 32607 MiB, 29376 MiB, 2812 MiB, 33 %, 173.01 W, 48
2026/09/23 18:28:19.844, NVIDIA GeForce RTX 5090, 32607 MiB, 29376 MiB, 2812 MiB, 33 %, 171.69 W, 48
2026/09/23 18:28:24.856, NVIDIA GeForce RTX 5090, 32607 MiB, 29376 MiB, 2812 MiB, 33 %, 172.53 W, 48
2026/09/23 18:28:29.857, NVIDIA GeForce RTX 5090, 32607 MiB, 29376 MiB, 2812 MiB, 32 %, 170.40 W, 48
2026/09/23 18:28:34.866, NVIDIA GeForce RTX 5090, 32607 MiB, 29376 MiB, 2812 MiB, 33 %, 172.87 W, 48
2026/09/23 18:28:39.880, NVIDIA GeForce RTX 5090, 32607 MiB, 29376 MiB, 2812 MiB, 31 %, 171.95 W, 48
2026/09/23 18:28:44.890, NVIDIA GeForce RTX 5090, 32607 MiB, 29376 MiB, 2812 MiB, 31 %, 172.09 W, 48
2026/09/23 18:28:49.906, NVIDIA GeForce RTX 5090, 32607 MiB, 29376 MiB, 2812 MiB, 31 %, 171.27 W, 48
2026/09/23 18:28:54.906, NVIDIA GeForce RTX 5090, 32607 MiB, 29376 MiB, 2812 MiB, 0 %, 38.22 W, 41
2026/09/23 18:28:59.921, NVIDIA GeForce RTX 5090, 32607 MiB, 29376 MiB, 2812 MiB, 0 %, 16.96 W, 39
2026/09/23 18:29:04.936, NVIDIA GeForce RTX 5090, 32607 MiB, 29376 MiB, 2812 MiB, 0 %, 14.10 W, 38
2026/09/23 18:29:09.943, NVIDIA GeForce RTX 5090, 32607 MiB, 29376 MiB, 2812 MiB, 0 %, 14.08 W, 38
2026/09/23 18:29:14.955, NVIDIA GeForce RTX 5090, 32607 MiB, 29376 MiB, 2812 MiB, 0 %, 13.89 W, 38
2026/09/23 18:29:19.960, NVIDIA GeForce RTX 5090, 32607 MiB, 29376 MiB, 2812 MiB, 0 %, 13.89 W, 37
2026/09/23 18:29:24.969, NVIDIA GeForce RTX 5090, 32607 MiB, 29376 MiB, 2812 MiB, 0 %, 14.21 W, 37
2026/09/23 18:29:29.970, NVIDIA GeForce RTX 5090, 32607 MiB, 29376 MiB, 2812 MiB, 32 %, 311.94 W, 51
2026/09/23 18:29:34.978, NVIDIA GeForce RTX 5090, 32607 MiB, 29376 MiB, 2812 MiB, 30 %, 170.32 W, 47
2026/09/23 18:29:39.987, NVIDIA GeForce RTX 5090, 32607 MiB, 29376 MiB, 2812 MiB, 0 %, 74.87 W, 42
2026/09/23 18:29:44.995, NVIDIA GeForce RTX 5090, 32607 MiB, 29376 MiB, 2812 MiB, 0 %, 36.35 W, 39
2026/09/23 18:29:50.010, NVIDIA GeForce RTX 5090, 32607 MiB, 29376 MiB, 2812 MiB, 0 %, 14.95 W, 38
2026/09/23 18:29:55.021, NVIDIA GeForce RTX 5090, 32607 MiB, 29376 MiB, 2812 MiB, 0 %, 13.88 W, 37
2026/09/23 18:30:00.024, NVIDIA GeForce RTX 5090, 32607 MiB, 29376 MiB, 2812 MiB, 0 %, 14.03 W, 37
2026/09/23 18:30:05.038, NVIDIA GeForce RTX 5090, 32607 MiB, 29376 MiB, 2812 MiB, 0 %, 14.27 W, 37
2026/09/23 18:30:10.051, NVIDIA GeForce RTX 5090, 32607 MiB, 29376 MiB, 2812 MiB, 0 %, 13.93 W, 36
2026/09/23 18:30:15.062, NVIDIA GeForce RTX 5090, 32607 MiB, 29376 MiB, 2812 MiB, 0 %, 14.19 W, 36
2026/09/23 18:30:20.071, NVIDIA GeForce RTX 5090, 32607 MiB, 29376 MiB, 2812 MiB, 32 %, 302.14 W, 46
2026/09/23 18:30:25.076, NVIDIA GeForce RTX 5090, 32607 MiB, 29376 MiB, 2812 MiB, 33 %, 171.98 W, 46
2026/09/23 18:30:30.078, NVIDIA GeForce RTX 5090, 32607 MiB, 29376 MiB, 2812 MiB, 33 %, 298.97 W, 49
2026/09/23 18:30:35.093, NVIDIA GeForce RTX 5090, 32607 MiB, 29376 MiB, 2812 MiB, 31 %, 167.40 W, 47
2026/09/23 18:30:40.108, NVIDIA GeForce RTX 5090, 32607 MiB, 29376 MiB, 2812 MiB, 33 %, 266.37 W, 49
2026/09/23 18:30:45.123, NVIDIA GeForce RTX 5090, 32607 MiB, 29376 MiB, 2812 MiB, 32 %, 171.34 W, 47
2026/09/23 18:30:50.124, NVIDIA GeForce RTX 5090, 32607 MiB, 29376 MiB, 2812 MiB, 32 %, 253.25 W, 49
2026/09/23 18:30:55.140, NVIDIA GeForce RTX 5090, 32607 MiB, 29376 MiB, 2812 MiB, 33 %, 170.67 W, 47
2026/09/23 18:31:00.146, NVIDIA GeForce RTX 5090, 32607 MiB, 29376 MiB, 2812 MiB, 32 %, 220.44 W, 49
2026/09/23 18:31:05.160, NVIDIA GeForce RTX 5090, 32607 MiB, 29376 MiB, 2812 MiB, 31 %, 171.41 W, 47
2026/09/23 18:31:10.175, NVIDIA GeForce RTX 5090, 32607 MiB, 29376 MiB, 2812 MiB, 32 %, 209.52 W, 49
2026/09/23 18:31:15.185, NVIDIA GeForce RTX 5090, 32607 MiB, 29376 MiB, 2812 MiB, 31 %, 171.17 W, 47
2026/09/23 18:31:20.199, NVIDIA GeForce RTX 5090, 32607 MiB, 29376 MiB, 2812 MiB, 33 %, 171.72 W, 48
2026/09/23 18:31:25.205, NVIDIA GeForce RTX 5090, 32607 MiB, 29376 MiB, 2812 MiB, 32 %, 171.96 W, 47
2026/09/23 18:31:30.221, NVIDIA GeForce RTX 5090, 32607 MiB, 29376 MiB, 2812 MiB, 31 %, 158.40 W, 48
2026/09/23 18:31:35.227, NVIDIA GeForce RTX 5090, 32607 MiB, 29376 MiB, 2812 MiB, 32 %, 171.48 W, 47
2026/09/23 18:31:40.242, NVIDIA GeForce RTX 5090, 32607 MiB, 29376 MiB, 2812 MiB, 32 %, 168.25 W, 49
2026/09/23 18:31:45.249, NVIDIA GeForce RTX 5090, 32607 MiB, 29376 MiB, 2812 MiB, 32 %, 170.64 W, 48
2026/09/23 18:31:50.254, NVIDIA GeForce RTX 5090, 32607 MiB, 29376 MiB, 2812 MiB, 31 %, 170.83 W, 49
2026/09/23 18:31:55.267, NVIDIA GeForce RTX 5090, 32607 MiB, 29376 MiB, 2812 MiB, 33 %, 170.80 W, 48
2026/09/23 18:32:00.278, NVIDIA GeForce RTX 5090, 32607 MiB, 29376 MiB, 2812 MiB, 33 %, 172.38 W, 49
2026/09/23 18:32:05.291, NVIDIA GeForce RTX 5090, 32607 MiB, 29376 MiB, 2812 MiB, 78 %, 197.05 W, 56
2026/09/23 18:32:10.304, NVIDIA GeForce RTX 5090, 32607 MiB, 29376 MiB, 2812 MiB, 32 %, 172.96 W, 49
2026/09/23 18:32:15.312, NVIDIA GeForce RTX 5090, 32607 MiB, 29376 MiB, 2812 MiB, 97 %, 235.54 W, 59
2026/09/23 18:32:20.317, NVIDIA GeForce RTX 5090, 32607 MiB, 29376 MiB, 2812 MiB, 32 %, 172.18 W, 49
2026/09/23 18:32:25.322, NVIDIA GeForce RTX 5090, 32607 MiB, 29376 MiB, 2812 MiB, 97 %, 272.55 W, 60
2026/09/23 18:32:30.330, NVIDIA GeForce RTX 5090, 32607 MiB, 29376 MiB, 2812 MiB, 33 %, 172.64 W, 49
2026/09/23 18:32:35.345, NVIDIA GeForce RTX 5090, 32607 MiB, 29376 MiB, 2812 MiB, 67 %, 313.12 W, 56
2026/09/23 18:32:40.358, NVIDIA GeForce RTX 5090, 32607 MiB, 29376 MiB, 2812 MiB, 32 %, 172.13 W, 49
2026/09/23 18:32:45.364, NVIDIA GeForce RTX 5090, 32607 MiB, 29376 MiB, 2812 MiB, 33 %, 313.24 W, 54
2026/09/23 18:32:50.370, NVIDIA GeForce RTX 5090, 32607 MiB, 29376 MiB, 2812 MiB, 32 %, 172.28 W, 49
2026/09/23 18:32:55.377, NVIDIA GeForce RTX 5090, 32607 MiB, 29376 MiB, 2812 MiB, 32 %, 314.29 W, 53
2026/09/23 18:33:00.382, NVIDIA GeForce RTX 5090, 32607 MiB, 29376 MiB, 2812 MiB, 33 %, 173.82 W, 49
2026/09/23 18:33:05.393, NVIDIA GeForce RTX 5090, 32607 MiB, 29376 MiB, 2812 MiB, 32 %, 301.52 W, 53
2026/09/23 18:33:10.399, NVIDIA GeForce RTX 5090, 32607 MiB, 29376 MiB, 2812 MiB, 33 %, 172.70 W, 49
2026/09/23 18:33:15.407, NVIDIA GeForce RTX 5090, 32607 MiB, 29376 MiB, 2812 MiB, 33 %, 302.18 W, 52
2026/09/23 18:33:20.413, NVIDIA GeForce RTX 5090, 32607 MiB, 29376 MiB, 2812 MiB, 32 %, 172.01 W, 49
2026/09/23 18:33:25.424, NVIDIA GeForce RTX 5090, 32607 MiB, 29376 MiB, 2812 MiB, 33 %, 302.49 W, 52
2026/09/23 18:33:30.435, NVIDIA GeForce RTX 5090, 32607 MiB, 29376 MiB, 2812 MiB, 30 %, 171.73 W, 49
2026/09/23 18:33:35.449, NVIDIA GeForce RTX 5090, 32607 MiB, 29376 MiB, 2812 MiB, 32 %, 267.84 W, 51
2026/09/23 18:33:40.462, NVIDIA GeForce RTX 5090, 32607 MiB, 29376 MiB, 2812 MiB, 31 %, 170.65 W, 49
2026/09/23 18:33:45.464, NVIDIA GeForce RTX 5090, 32607 MiB, 29376 MiB, 2812 MiB, 32 %, 241.12 W, 51
2026/09/23 18:33:50.468, NVIDIA GeForce RTX 5090, 32607 MiB, 29376 MiB, 2812 MiB, 31 %, 172.87 W, 49
2026/09/23 18:33:55.478, NVIDIA GeForce RTX 5090, 32607 MiB, 29376 MiB, 2812 MiB, 31 %, 265.02 W, 51
2026/09/23 18:34:00.484, NVIDIA GeForce RTX 5090, 32607 MiB, 29376 MiB, 2812 MiB, 31 %, 169.18 W, 49
2026/09/23 18:34:05.487, NVIDIA GeForce RTX 5090, 32607 MiB, 29376 MiB, 2812 MiB, 33 %, 303.89 W, 52
2026/09/23 18:34:10.499, NVIDIA GeForce RTX 5090, 32607 MiB, 29376 MiB, 2812 MiB, 31 %, 172.02 W, 49
2026/09/23 18:34:15.515, NVIDIA GeForce RTX 5090, 32607 MiB, 29376 MiB, 2812 MiB, 31 %, 175.10 W, 50
2026/09/23 18:34:20.518, NVIDIA GeForce RTX 5090, 32607 MiB, 29376 MiB, 2812 MiB, 97 %, 229.96 W, 59
2026/09/23 18:34:25.518, NVIDIA GeForce RTX 5090, 32607 MiB, 29376 MiB, 2812 MiB, 32 %, 173.92 W, 50
2026/09/23 18:34:30.522, NVIDIA GeForce RTX 5090, 32607 MiB, 29376 MiB, 2812 MiB, 97 %, 288.04 W, 61
2026/09/23 18:34:35.533, NVIDIA GeForce RTX 5090, 32607 MiB, 29376 MiB, 2812 MiB, 32 %, 175.01 W, 50
2026/09/23 18:34:40.545, NVIDIA GeForce RTX 5090, 32607 MiB, 29376 MiB, 2812 MiB, 57 %, 313.83 W, 56
2026/09/23 18:34:45.560, NVIDIA GeForce RTX 5090, 32607 MiB, 29376 MiB, 2812 MiB, 32 %, 173.26 W, 50
2026/09/23 18:34:50.564, NVIDIA GeForce RTX 5090, 32607 MiB, 29376 MiB, 2812 MiB, 32 %, 301.88 W, 55
2026/09/23 18:34:55.573, NVIDIA GeForce RTX 5090, 32607 MiB, 29376 MiB, 2812 MiB, 33 %, 174.75 W, 50
2026/09/23 18:35:00.584, NVIDIA GeForce RTX 5090, 32607 MiB, 29376 MiB, 2812 MiB, 29 %, 313.24 W, 54
2026/09/23 18:35:05.599, NVIDIA GeForce RTX 5090, 32607 MiB, 29376 MiB, 2812 MiB, 32 %, 173.99 W, 50
2026/09/23 18:35:10.611, NVIDIA GeForce RTX 5090, 32607 MiB, 29376 MiB, 2812 MiB, 33 %, 302.92 W, 54
2026/09/23 18:35:15.626, NVIDIA GeForce RTX 5090, 32607 MiB, 29376 MiB, 2812 MiB, 33 %, 173.51 W, 50
2026/09/23 18:35:20.638, NVIDIA GeForce RTX 5090, 32607 MiB, 29376 MiB, 2812 MiB, 31 %, 312.33 W, 52
2026/09/23 18:35:25.649, NVIDIA GeForce RTX 5090, 32607 MiB, 29376 MiB, 2812 MiB, 32 %, 174.08 W, 50
2026/09/23 18:35:30.659, NVIDIA GeForce RTX 5090, 32607 MiB, 29376 MiB, 2812 MiB, 31 %, 304.21 W, 52
2026/09/23 18:35:35.668, NVIDIA GeForce RTX 5090, 32607 MiB, 29376 MiB, 2812 MiB, 32 %, 174.45 W, 50
2026/09/23 18:35:40.677, NVIDIA GeForce RTX 5090, 32607 MiB, 29376 MiB, 2812 MiB, 33 %, 234.80 W, 51
2026/09/23 18:35:45.693, NVIDIA GeForce RTX 5090, 32607 MiB, 29376 MiB, 2812 MiB, 33 %, 173.57 W, 50
2026/09/23 18:35:50.696, NVIDIA GeForce RTX 5090, 32607 MiB, 29376 MiB, 2812 MiB, 0 %, 50.81 W, 43
2026/09/23 18:35:55.705, NVIDIA GeForce RTX 5090, 32607 MiB, 29376 MiB, 2812 MiB, 0 %, 36.25 W, 41
2026/09/23 18:36:00.719, NVIDIA GeForce RTX 5090, 32607 MiB, 29376 MiB, 2812 MiB, 0 %, 14.52 W, 40
2026/09/23 18:36:05.729, NVIDIA GeForce RTX 5090, 32607 MiB, 29376 MiB, 2812 MiB, 0 %, 14.25 W, 39
2026/09/23 18:36:10.731, NVIDIA GeForce RTX 5090, 32607 MiB, 29376 MiB, 2812 MiB, 0 %, 14.07 W, 39
2026/09/23 18:36:15.731, NVIDIA GeForce RTX 5090, 32607 MiB, 29376 MiB, 2812 MiB, 0 %, 14.05 W, 39
2026/09/23 18:36:20.739, NVIDIA GeForce RTX 5090, 32607 MiB, 29376 MiB, 2812 MiB, 0 %, 14.09 W, 39
2026/09/23 18:36:25.747, NVIDIA GeForce RTX 5090, 32607 MiB, 29376 MiB, 2812 MiB, 0 %, 13.98 W, 38
2026/09/23 18:36:30.757, NVIDIA GeForce RTX 5090, 32607 MiB, 29376 MiB, 2812 MiB, 0 %, 14.12 W, 38
2026/09/23 18:36:35.758, NVIDIA GeForce RTX 5090, 32607 MiB, 29376 MiB, 2812 MiB, 0 %, 14.08 W, 38
2026/09/23 18:36:40.762, NVIDIA GeForce RTX 5090, 32607 MiB, 29376 MiB, 2812 MiB, 0 %, 14.08 W, 38
2026/09/23 18:36:45.766, NVIDIA GeForce RTX 5090, 32607 MiB, 23 MiB, 32165 MiB, 0 %, 14.32 W, 38
2026/09/23 18:36:50.773, NVIDIA GeForce RTX 5090, 32607 MiB, 23 MiB, 32165 MiB, 0 %, 14.32 W, 37
2026/09/23 18:36:55.776, NVIDIA GeForce RTX 5090, 32607 MiB, 23 MiB, 32165 MiB, 0 %, 14.03 W, 37
2026/09/23 18:37:00.785, NVIDIA GeForce RTX 5090, 32607 MiB, 23 MiB, 32165 MiB, 0 %, 14.24 W, 37
2026/09/23 18:37:05.792, NVIDIA GeForce RTX 5090, 32607 MiB, 23 MiB, 32165 MiB, 0 %, 14.15 W, 37
2026/09/23 18:37:10.800, NVIDIA GeForce RTX 5090, 32607 MiB, 23 MiB, 32165 MiB, 0 %, 14.06 W, 36
2026/09/23 18:37:15.812, NVIDIA GeForce RTX 5090, 32607 MiB, 23 MiB, 32165 MiB, 0 %, 14.25 W, 36
2026/09/23 18:37:20.817, NVIDIA GeForce RTX 5090, 32607 MiB, 23 MiB, 32165 MiB, 0 %, 14.22 W, 36
2026/09/23 18:37:25.832, NVIDIA GeForce RTX 5090, 32607 MiB, 23 MiB, 32165 MiB, 0 %, 14.30 W, 36
2026/09/23 18:37:30.842, NVIDIA GeForce RTX 5090, 32607 MiB, 23 MiB, 32165 MiB, 0 %, 14.17 W, 36
2026/09/23 18:37:35.853, NVIDIA GeForce RTX 5090, 32607 MiB, 23 MiB, 32165 MiB, 0 %, 14.10 W, 35
2026/09/23 18:37:40.862, NVIDIA GeForce RTX 5090, 32607 MiB, 23 MiB, 32165 MiB, 0 %, 15.33 W, 35
2026/09/23 18:37:45.878, NVIDIA GeForce RTX 5090, 32607 MiB, 680 MiB, 31508 MiB, 0 %, 62.22 W, 38
2026/09/23 18:37:50.890, NVIDIA GeForce RTX 5090, 32607 MiB, 16648 MiB, 15540 MiB, 75 %, 28.57 W, 37
2026/09/23 18:37:55.891, NVIDIA GeForce RTX 5090, 32607 MiB, 23278 MiB, 8910 MiB, 4 %, 29.79 W, 36
2026/09/23 18:38:00.902, NVIDIA GeForce RTX 5090, 32607 MiB, 23278 MiB, 8910 MiB, 10 %, 18.60 W, 35
2026/09/23 18:38:05.907, NVIDIA GeForce RTX 5090, 32607 MiB, 23278 MiB, 8910 MiB, 10 %, 18.34 W, 35
2026/09/23 18:38:10.914, NVIDIA GeForce RTX 5090, 32607 MiB, 23278 MiB, 8910 MiB, 5 %, 17.42 W, 35
2026/09/23 18:38:15.929, NVIDIA GeForce RTX 5090, 32607 MiB, 23278 MiB, 8910 MiB, 8 %, 17.33 W, 35
2026/09/23 18:38:20.944, NVIDIA GeForce RTX 5090, 32607 MiB, 23278 MiB, 8910 MiB, 9 %, 17.24 W, 34
2026/09/23 18:38:25.946, NVIDIA GeForce RTX 5090, 32607 MiB, 23278 MiB, 8910 MiB, 2 %, 17.01 W, 34
2026/09/23 18:38:30.961, NVIDIA GeForce RTX 5090, 32607 MiB, 23278 MiB, 8910 MiB, 3 %, 17.18 W, 34
2026/09/23 18:38:35.965, NVIDIA GeForce RTX 5090, 32607 MiB, 23278 MiB, 8910 MiB, 2 %, 17.29 W, 34
2026/09/23 18:38:40.973, NVIDIA GeForce RTX 5090, 32607 MiB, 23278 MiB, 8910 MiB, 2 %, 17.50 W, 34
2026/09/23 18:38:45.988, NVIDIA GeForce RTX 5090, 32607 MiB, 23278 MiB, 8910 MiB, 9 %, 18.42 W, 34
2026/09/23 18:38:50.997, NVIDIA GeForce RTX 5090, 32607 MiB, 23278 MiB, 8910 MiB, 22 %, 28.56 W, 34
2026/09/23 18:38:56.002, NVIDIA GeForce RTX 5090, 32607 MiB, 23278 MiB, 8910 MiB, 26 %, 18.35 W, 34
2026/09/23 18:39:01.011, NVIDIA GeForce RTX 5090, 32607 MiB, 22674 MiB, 9514 MiB, 0 %, 24.78 W, 34
2026/09/23 18:39:06.022, NVIDIA GeForce RTX 5090, 32607 MiB, 22674 MiB, 9514 MiB, 0 %, 13.48 W, 33
2026/09/23 18:39:11.026, NVIDIA GeForce RTX 5090, 32607 MiB, 22748 MiB, 9440 MiB, 0 %, 13.33 W, 33
2026/09/23 18:39:16.034, NVIDIA GeForce RTX 5090, 32607 MiB, 22832 MiB, 9356 MiB, 0 %, 13.30 W, 33
2026/09/23 18:39:21.037, NVIDIA GeForce RTX 5090, 32607 MiB, 22832 MiB, 9356 MiB, 0 %, 13.21 W, 33
2026/09/23 18:39:26.046, NVIDIA GeForce RTX 5090, 32607 MiB, 22922 MiB, 9266 MiB, 0 %, 41.58 W, 35
2026/09/23 18:39:31.050, NVIDIA GeForce RTX 5090, 32607 MiB, 22922 MiB, 9266 MiB, 0 %, 13.60 W, 34
2026/09/23 18:39:36.060, NVIDIA GeForce RTX 5090, 32607 MiB, 22922 MiB, 9266 MiB, 0 %, 13.08 W, 34
2026/09/23 18:39:41.067, NVIDIA GeForce RTX 5090, 32607 MiB, 22736 MiB, 9452 MiB, 37 %, 106.35 W, 40
2026/09/23 18:39:46.076, NVIDIA GeForce RTX 5090, 32607 MiB, 22994 MiB, 9194 MiB, 0 %, 36.20 W, 36
2026/09/23 18:39:51.089, NVIDIA GeForce RTX 5090, 32607 MiB, 22994 MiB, 9194 MiB, 0 %, 32.26 W, 35
2026/09/23 18:39:56.095, NVIDIA GeForce RTX 5090, 32607 MiB, 22994 MiB, 9194 MiB, 0 %, 16.88 W, 34
2026/09/23 18:40:01.110, NVIDIA GeForce RTX 5090, 32607 MiB, 22994 MiB, 9194 MiB, 0 %, 80.97 W, 38
2026/09/23 18:40:06.120, NVIDIA GeForce RTX 5090, 32607 MiB, 22994 MiB, 9194 MiB, 0 %, 101.31 W, 39
2026/09/23 18:40:11.130, NVIDIA GeForce RTX 5090, 32607 MiB, 22994 MiB, 9194 MiB, 0 %, 34.10 W, 35
2026/09/23 18:40:16.136, NVIDIA GeForce RTX 5090, 32607 MiB, 23252 MiB, 8936 MiB, 0 %, 156.15 W, 41
2026/09/23 18:40:21.143, NVIDIA GeForce RTX 5090, 32607 MiB, 23252 MiB, 8936 MiB, 0 %, 145.58 W, 42
2026/09/23 18:40:26.152, NVIDIA GeForce RTX 5090, 32607 MiB, 23252 MiB, 8936 MiB, 0 %, 124.67 W, 42
2026/09/23 18:40:31.155, NVIDIA GeForce RTX 5090, 32607 MiB, 23252 MiB, 8936 MiB, 0 %, 130.28 W, 41
2026/09/23 18:40:36.162, NVIDIA GeForce RTX 5090, 32607 MiB, 23252 MiB, 8936 MiB, 83 %, 158.99 W, 45
2026/09/23 18:40:41.169, NVIDIA GeForce RTX 5090, 32607 MiB, 23256 MiB, 8932 MiB, 3 %, 55.28 W, 38
2026/09/23 18:40:46.172, NVIDIA GeForce RTX 5090, 32607 MiB, 23256 MiB, 8932 MiB, 0 %, 103.07 W, 40
2026/09/23 18:40:51.182, NVIDIA GeForce RTX 5090, 32607 MiB, 23256 MiB, 8932 MiB, 0 %, 138.29 W, 41
2026/09/23 18:40:56.189, NVIDIA GeForce RTX 5090, 32607 MiB, 23256 MiB, 8932 MiB, 10 %, 136.72 W, 42
2026/09/23 18:41:01.204, NVIDIA GeForce RTX 5090, 32607 MiB, 22974 MiB, 9214 MiB, 0 %, 150.79 W, 43
2026/09/23 18:41:06.207, NVIDIA GeForce RTX 5090, 32607 MiB, 22858 MiB, 9330 MiB, 0 %, 36.75 W, 36
2026/09/23 18:41:11.213, NVIDIA GeForce RTX 5090, 32607 MiB, 22858 MiB, 9330 MiB, 0 %, 13.93 W, 35
2026/09/23 18:41:16.227, NVIDIA GeForce RTX 5090, 32607 MiB, 22858 MiB, 9330 MiB, 0 %, 14.57 W, 35
2026/09/23 18:41:21.234, NVIDIA GeForce RTX 5090, 32607 MiB, 22858 MiB, 9330 MiB, 0 %, 13.50 W, 34
2026/09/23 18:41:26.247, NVIDIA GeForce RTX 5090, 32607 MiB, 22858 MiB, 9330 MiB, 0 %, 12.93 W, 34
2026/09/23 18:41:31.251, NVIDIA GeForce RTX 5090, 32607 MiB, 22858 MiB, 9330 MiB, 0 %, 13.02 W, 34
2026/09/23 18:41:36.262, NVIDIA GeForce RTX 5090, 32607 MiB, 22848 MiB, 9340 MiB, 0 %, 87.97 W, 38
2026/09/23 18:41:41.272, NVIDIA GeForce RTX 5090, 32607 MiB, 22848 MiB, 9340 MiB, 0 %, 26.83 W, 35
2026/09/23 18:41:46.277, NVIDIA GeForce RTX 5090, 32607 MiB, 22848 MiB, 9340 MiB, 0 %, 13.16 W, 34
2026/09/23 18:41:51.280, NVIDIA GeForce RTX 5090, 32607 MiB, 22848 MiB, 9340 MiB, 0 %, 13.18 W, 34
2026/09/23 18:41:56.289, NVIDIA GeForce RTX 5090, 32607 MiB, 22848 MiB, 9340 MiB, 0 %, 12.90 W, 34
2026/09/23 18:42:01.294, NVIDIA GeForce RTX 5090, 32607 MiB, 22848 MiB, 9340 MiB, 0 %, 13.09 W, 34
2026/09/23 18:42:06.309, NVIDIA GeForce RTX 5090, 32607 MiB, 22848 MiB, 9340 MiB, 0 %, 13.28 W, 34
2026/09/23 18:42:11.324, NVIDIA GeForce RTX 5090, 32607 MiB, 22848 MiB, 9340 MiB, 0 %, 13.08 W, 34
2026/09/23 18:42:16.337, NVIDIA GeForce RTX 5090, 32607 MiB, 22848 MiB, 9340 MiB, 0 %, 13.21 W, 35
2026/09/23 18:42:21.347, NVIDIA GeForce RTX 5090, 32607 MiB, 22848 MiB, 9340 MiB, 0 %, 13.13 W, 35
2026/09/23 18:42:26.354, NVIDIA GeForce RTX 5090, 32607 MiB, 22848 MiB, 9340 MiB, 0 %, 13.01 W, 35
2026/09/23 18:42:31.366, NVIDIA GeForce RTX 5090, 32607 MiB, 29112 MiB, 3076 MiB, 23 %, 312.77 W, 52
2026/09/23 18:42:36.377, NVIDIA GeForce RTX 5090, 32607 MiB, 28572 MiB, 3616 MiB, 0 %, 40.72 W, 37
2026/09/23 18:42:41.389, NVIDIA GeForce RTX 5090, 32607 MiB, 28572 MiB, 3616 MiB, 0 %, 15.02 W, 35
2026/09/23 18:42:46.404, NVIDIA GeForce RTX 5090, 32607 MiB, 28572 MiB, 3616 MiB, 0 %, 13.23 W, 35
2026/09/23 18:42:51.416, NVIDIA GeForce RTX 5090, 32607 MiB, 28572 MiB, 3616 MiB, 0 %, 13.00 W, 35
2026/09/23 18:42:56.430, NVIDIA GeForce RTX 5090, 32607 MiB, 28572 MiB, 3616 MiB, 0 %, 12.91 W, 35
2026/09/23 18:43:01.440, NVIDIA GeForce RTX 5090, 32607 MiB, 28572 MiB, 3616 MiB, 0 %, 13.17 W, 35
2026/09/23 18:43:06.445, NVIDIA GeForce RTX 5090, 32607 MiB, 28572 MiB, 3616 MiB, 0 %, 13.04 W, 35
2026/09/23 18:43:11.455, NVIDIA GeForce RTX 5090, 32607 MiB, 28572 MiB, 3616 MiB, 0 %, 13.65 W, 35
2026/09/23 18:43:16.462, NVIDIA GeForce RTX 5090, 32607 MiB, 28572 MiB, 3616 MiB, 0 %, 13.19 W, 35
2026/09/23 18:43:21.466, NVIDIA GeForce RTX 5090, 32607 MiB, 28572 MiB, 3616 MiB, 0 %, 13.00 W, 35
2026/09/23 18:43:26.473, NVIDIA GeForce RTX 5090, 32607 MiB, 28572 MiB, 3616 MiB, 0 %, 13.16 W, 35
2026/09/23 18:43:31.479, NVIDIA GeForce RTX 5090, 32607 MiB, 28834 MiB, 3354 MiB, 99 %, 132.78 W, 43
2026/09/23 18:43:36.482, NVIDIA GeForce RTX 5090, 32607 MiB, 28834 MiB, 3354 MiB, 99 %, 447.51 W, 58
2026/09/23 18:43:41.492, NVIDIA GeForce RTX 5090, 32607 MiB, 28834 MiB, 3354 MiB, 98 %, 454.82 W, 64
2026/09/23 18:43:46.504, NVIDIA GeForce RTX 5090, 32607 MiB, 28834 MiB, 3354 MiB, 98 %, 459.78 W, 53
2026/09/23 18:43:51.511, NVIDIA GeForce RTX 5090, 32607 MiB, 28834 MiB, 3354 MiB, 99 %, 400.93 W, 46
2026/09/23 18:43:56.519, NVIDIA GeForce RTX 5090, 32607 MiB, 28834 MiB, 3354 MiB, 99 %, 387.96 W, 46
2026/09/23 18:44:01.524, NVIDIA GeForce RTX 5090, 32607 MiB, 28834 MiB, 3354 MiB, 0 %, 88.85 W, 39
2026/09/23 18:44:06.532, NVIDIA GeForce RTX 5090, 32607 MiB, 28834 MiB, 3354 MiB, 0 %, 18.14 W, 37
2026/09/23 18:44:11.537, NVIDIA GeForce RTX 5090, 32607 MiB, 28834 MiB, 3354 MiB, 0 %, 18.23 W, 37
2026/09/23 18:44:16.547, NVIDIA GeForce RTX 5090, 32607 MiB, 28834 MiB, 3354 MiB, 0 %, 17.91 W, 37
2026/09/23 18:44:21.559, NVIDIA GeForce RTX 5090, 32607 MiB, 28834 MiB, 3354 MiB, 0 %, 18.09 W, 37
2026/09/23 18:44:26.572, NVIDIA GeForce RTX 5090, 32607 MiB, 28834 MiB, 3354 MiB, 0 %, 18.25 W, 37
2026/09/23 18:44:31.586, NVIDIA GeForce RTX 5090, 32607 MiB, 28834 MiB, 3354 MiB, 0 %, 17.94 W, 36
2026/09/23 18:44:36.597, NVIDIA GeForce RTX 5090, 32607 MiB, 28834 MiB, 3354 MiB, 0 %, 18.11 W, 36
2026/09/23 18:44:41.602, NVIDIA GeForce RTX 5090, 32607 MiB, 28834 MiB, 3354 MiB, 0 %, 18.27 W, 36
2026/09/23 18:44:46.606, NVIDIA GeForce RTX 5090, 32607 MiB, 28834 MiB, 3354 MiB, 0 %, 17.69 W, 36
2026/09/23 18:44:51.613, NVIDIA GeForce RTX 5090, 32607 MiB, 28834 MiB, 3354 MiB, 0 %, 18.02 W, 35
2026/09/23 18:44:56.622, NVIDIA GeForce RTX 5090, 32607 MiB, 28834 MiB, 3354 MiB, 99 %, 384.71 W, 45
2026/09/23 18:45:01.636, NVIDIA GeForce RTX 5090, 32607 MiB, 28834 MiB, 3354 MiB, 99 %, 380.05 W, 46
2026/09/23 18:45:06.651, NVIDIA GeForce RTX 5090, 32607 MiB, 28834 MiB, 3354 MiB, 99 %, 380.76 W, 46
2026/09/23 18:45:11.655, NVIDIA GeForce RTX 5090, 32607 MiB, 28834 MiB, 3354 MiB, 86 %, 389.26 W, 47
2026/09/23 18:45:16.670, NVIDIA GeForce RTX 5090, 32607 MiB, 28834 MiB, 3354 MiB, 0 %, 40.65 W, 36
2026/09/23 18:45:21.683, NVIDIA GeForce RTX 5090, 32607 MiB, 28834 MiB, 3354 MiB, 0 %, 17.88 W, 36
2026/09/23 18:45:26.695, NVIDIA GeForce RTX 5090, 32607 MiB, 28834 MiB, 3354 MiB, 0 %, 17.94 W, 36
2026/09/23 18:45:31.697, NVIDIA GeForce RTX 5090, 32607 MiB, 28834 MiB, 3354 MiB, 0 %, 17.95 W, 37
2026/09/23 18:45:36.699, NVIDIA GeForce RTX 5090, 32607 MiB, 28834 MiB, 3354 MiB, 0 %, 18.11 W, 36
2026/09/23 18:45:41.701, NVIDIA GeForce RTX 5090, 32607 MiB, 28834 MiB, 3354 MiB, 0 %, 18.18 W, 36
2026/09/23 18:45:46.704, NVIDIA GeForce RTX 5090, 32607 MiB, 28834 MiB, 3354 MiB, 99 %, 433.27 W, 49
2026/09/23 18:45:51.711, NVIDIA GeForce RTX 5090, 32607 MiB, 28834 MiB, 3354 MiB, 98 %, 434.54 W, 53
2026/09/23 18:45:56.718, NVIDIA GeForce RTX 5090, 32607 MiB, 28834 MiB, 3354 MiB, 94 %, 436.37 W, 52
2026/09/23 18:46:01.726, NVIDIA GeForce RTX 5090, 32607 MiB, 28834 MiB, 3354 MiB, 99 %, 429.90 W, 48
2026/09/23 18:46:06.731, NVIDIA GeForce RTX 5090, 32607 MiB, 28834 MiB, 3354 MiB, 99 %, 434.62 W, 49
2026/09/23 18:46:11.744, NVIDIA GeForce RTX 5090, 32607 MiB, 28834 MiB, 3354 MiB, 99 %, 434.63 W, 51
2026/09/23 18:46:16.748, NVIDIA GeForce RTX 5090, 32607 MiB, 28834 MiB, 3354 MiB, 98 %, 431.20 W, 57
2026/09/23 18:46:21.760, NVIDIA GeForce RTX 5090, 32607 MiB, 28834 MiB, 3354 MiB, 99 %, 432.11 W, 50
2026/09/23 18:46:26.775, NVIDIA GeForce RTX 5090, 32607 MiB, 28834 MiB, 3354 MiB, 99 %, 435.91 W, 51
2026/09/23 18:46:31.787, NVIDIA GeForce RTX 5090, 32607 MiB, 28834 MiB, 3354 MiB, 99 %, 432.32 W, 52
2026/09/23 18:46:36.799, NVIDIA GeForce RTX 5090, 32607 MiB, 28834 MiB, 3354 MiB, 97 %, 436.85 W, 57
2026/09/23 18:46:41.800, NVIDIA GeForce RTX 5090, 32607 MiB, 28834 MiB, 3354 MiB, 98 %, 440.45 W, 58
2026/09/23 18:46:46.801, NVIDIA GeForce RTX 5090, 32607 MiB, 28834 MiB, 3354 MiB, 99 %, 432.94 W, 53
2026/09/23 18:46:51.811, NVIDIA GeForce RTX 5090, 32607 MiB, 28834 MiB, 3354 MiB, 99 %, 433.70 W, 53
2026/09/23 18:46:56.819, NVIDIA GeForce RTX 5090, 32607 MiB, 28834 MiB, 3354 MiB, 99 %, 438.30 W, 55
2026/09/23 18:47:01.820, NVIDIA GeForce RTX 5090, 32607 MiB, 28834 MiB, 3354 MiB, 98 %, 438.30 W, 60
2026/09/23 18:47:06.825, NVIDIA GeForce RTX 5090, 32607 MiB, 28834 MiB, 3354 MiB, 94 %, 433.97 W, 54
2026/09/23 18:47:11.830, NVIDIA GeForce RTX 5090, 32607 MiB, 28834 MiB, 3354 MiB, 99 %, 435.05 W, 55
2026/09/23 18:47:16.833, NVIDIA GeForce RTX 5090, 32607 MiB, 28834 MiB, 3354 MiB, 99 %, 438.88 W, 55
2026/09/23 18:47:21.847, NVIDIA GeForce RTX 5090, 32607 MiB, 28834 MiB, 3354 MiB, 98 %, 436.20 W, 61
2026/09/23 18:47:26.849, NVIDIA GeForce RTX 5090, 32607 MiB, 28834 MiB, 3354 MiB, 93 %, 431.78 W, 61
2026/09/23 18:47:31.851, NVIDIA GeForce RTX 5090, 32607 MiB, 28834 MiB, 3354 MiB, 0 %, 41.01 W, 44
2026/09/23 18:47:36.866, NVIDIA GeForce RTX 5090, 32607 MiB, 28834 MiB, 3354 MiB, 0 %, 18.37 W, 44
2026/09/23 18:47:41.878, NVIDIA GeForce RTX 5090, 32607 MiB, 28834 MiB, 3354 MiB, 0 %, 18.55 W, 44
2026/09/23 18:47:46.892, NVIDIA GeForce RTX 5090, 32607 MiB, 28834 MiB, 3354 MiB, 0 %, 20.93 W, 43
2026/09/23 18:47:51.903, NVIDIA GeForce RTX 5090, 32607 MiB, 28834 MiB, 3354 MiB, 0 %, 18.36 W, 43
2026/09/23 18:47:56.916, NVIDIA GeForce RTX 5090, 32607 MiB, 28834 MiB, 3354 MiB, 0 %, 18.38 W, 42
2026/09/23 18:48:01.928, NVIDIA GeForce RTX 5090, 32607 MiB, 28834 MiB, 3354 MiB, 0 %, 18.41 W, 41
2026/09/23 18:48:06.931, NVIDIA GeForce RTX 5090, 32607 MiB, 28834 MiB, 3354 MiB, 0 %, 17.97 W, 41
2026/09/23 18:48:11.939, NVIDIA GeForce RTX 5090, 32607 MiB, 28834 MiB, 3354 MiB, 0 %, 18.30 W, 40
2026/09/23 18:48:16.941, NVIDIA GeForce RTX 5090, 32607 MiB, 28834 MiB, 3354 MiB, 0 %, 18.08 W, 40
2026/09/23 18:48:21.948, NVIDIA GeForce RTX 5090, 32607 MiB, 28834 MiB, 3354 MiB, 0 %, 18.22 W, 40
2026/09/23 18:48:26.963, NVIDIA GeForce RTX 5090, 32607 MiB, 28834 MiB, 3354 MiB, 0 %, 18.27 W, 39
2026/09/23 18:48:31.974, NVIDIA GeForce RTX 5090, 32607 MiB, 28834 MiB, 3354 MiB, 0 %, 18.16 W, 39
2026/09/23 18:48:36.986, NVIDIA GeForce RTX 5090, 32607 MiB, 28834 MiB, 3354 MiB, 0 %, 18.23 W, 39
2026/09/23 18:48:41.996, NVIDIA GeForce RTX 5090, 32607 MiB, 28834 MiB, 3354 MiB, 0 %, 17.99 W, 38
2026/09/23 18:48:47.002, NVIDIA GeForce RTX 5090, 32607 MiB, 28838 MiB, 3350 MiB, 98 %, 433.80 W, 55
2026/09/23 18:48:52.013, NVIDIA GeForce RTX 5090, 32607 MiB, 28838 MiB, 3350 MiB, 99 %, 381.51 W, 49
2026/09/23 18:48:57.026, NVIDIA GeForce RTX 5090, 32607 MiB, 28838 MiB, 3350 MiB, 0 %, 40.05 W, 38
2026/09/23 18:49:02.036, NVIDIA GeForce RTX 5090, 32607 MiB, 28838 MiB, 3350 MiB, 0 %, 18.57 W, 38
2026/09/23 18:49:07.040, NVIDIA GeForce RTX 5090, 32607 MiB, 28838 MiB, 3350 MiB, 0 %, 17.75 W, 38
2026/09/23 18:49:12.046, NVIDIA GeForce RTX 5090, 32607 MiB, 28838 MiB, 3350 MiB, 0 %, 18.08 W, 38
2026/09/23 18:49:17.049, NVIDIA GeForce RTX 5090, 32607 MiB, 28838 MiB, 3350 MiB, 0 %, 17.93 W, 38
2026/09/23 18:49:22.063, NVIDIA GeForce RTX 5090, 32607 MiB, 28838 MiB, 3350 MiB, 0 %, 17.96 W, 37
2026/09/23 18:49:27.068, NVIDIA GeForce RTX 5090, 32607 MiB, 28838 MiB, 3350 MiB, 0 %, 18.13 W, 37
2026/09/23 18:49:32.078, NVIDIA GeForce RTX 5090, 32607 MiB, 28838 MiB, 3350 MiB, 0 %, 17.91 W, 37
2026/09/23 18:49:37.092, NVIDIA GeForce RTX 5090, 32607 MiB, 28838 MiB, 3350 MiB, 0 %, 17.83 W, 36
2026/09/23 18:49:42.098, NVIDIA GeForce RTX 5090, 32607 MiB, 28838 MiB, 3350 MiB, 0 %, 18.03 W, 36
2026/09/23 18:49:47.108, NVIDIA GeForce RTX 5090, 32607 MiB, 28838 MiB, 3350 MiB, 0 %, 17.80 W, 36
2026/09/23 18:49:52.114, NVIDIA GeForce RTX 5090, 32607 MiB, 28838 MiB, 3350 MiB, 0 %, 18.09 W, 36
2026/09/23 18:49:57.126, NVIDIA GeForce RTX 5090, 32607 MiB, 28838 MiB, 3350 MiB, 0 %, 18.36 W, 35
2026/09/23 18:50:02.133, NVIDIA GeForce RTX 5090, 32607 MiB, 28838 MiB, 3350 MiB, 0 %, 17.90 W, 35
2026/09/23 18:50:07.144, NVIDIA GeForce RTX 5090, 32607 MiB, 28838 MiB, 3350 MiB, 0 %, 18.11 W, 35
2026/09/23 18:50:12.144, NVIDIA GeForce RTX 5090, 32607 MiB, 28838 MiB, 3350 MiB, 0 %, 18.12 W, 35
2026/09/23 18:50:17.147, NVIDIA GeForce RTX 5090, 32607 MiB, 28838 MiB, 3350 MiB, 0 %, 17.63 W, 35
2026/09/23 18:50:22.154, NVIDIA GeForce RTX 5090, 32607 MiB, 28838 MiB, 3350 MiB, 0 %, 17.97 W, 35
2026/09/23 18:50:27.155, NVIDIA GeForce RTX 5090, 32607 MiB, 28838 MiB, 3350 MiB, 0 %, 18.07 W, 34
2026/09/23 18:50:32.168, NVIDIA GeForce RTX 5090, 32607 MiB, 28838 MiB, 3350 MiB, 0 %, 17.81 W, 34
2026/09/23 18:50:37.172, NVIDIA GeForce RTX 5090, 32607 MiB, 28838 MiB, 3350 MiB, 0 %, 18.17 W, 34
2026/09/23 18:50:42.184, NVIDIA GeForce RTX 5090, 32607 MiB, 28838 MiB, 3350 MiB, 0 %, 17.94 W, 34
2026/09/23 18:50:47.195, NVIDIA GeForce RTX 5090, 32607 MiB, 28838 MiB, 3350 MiB, 0 %, 18.01 W, 34
2026/09/23 18:50:52.203, NVIDIA GeForce RTX 5090, 32607 MiB, 28838 MiB, 3350 MiB, 0 %, 18.01 W, 34
2026/09/23 18:50:57.214, NVIDIA GeForce RTX 5090, 32607 MiB, 28838 MiB, 3350 MiB, 0 %, 17.96 W, 33
2026/09/23 18:51:02.224, NVIDIA GeForce RTX 5090, 32607 MiB, 28838 MiB, 3350 MiB, 0 %, 17.98 W, 33
2026/09/23 18:51:07.236, NVIDIA GeForce RTX 5090, 32607 MiB, 28838 MiB, 3350 MiB, 0 %, 13.18 W, 34
2026/09/23 18:51:12.244, NVIDIA GeForce RTX 5090, 32607 MiB, 28838 MiB, 3350 MiB, 0 %, 13.02 W, 34
2026/09/23 18:51:17.248, NVIDIA GeForce RTX 5090, 32607 MiB, 28838 MiB, 3350 MiB, 0 %, 13.08 W, 34
2026/09/23 18:51:22.261, NVIDIA GeForce RTX 5090, 32607 MiB, 28838 MiB, 3350 MiB, 0 %, 13.31 W, 34
2026/09/23 18:51:27.275, NVIDIA GeForce RTX 5090, 32607 MiB, 28838 MiB, 3350 MiB, 0 %, 12.97 W, 34
2026/09/23 18:51:32.279, NVIDIA GeForce RTX 5090, 32607 MiB, 28838 MiB, 3350 MiB, 0 %, 13.08 W, 34
2026/09/23 18:51:37.282, NVIDIA GeForce RTX 5090, 32607 MiB, 28838 MiB, 3350 MiB, 0 %, 13.18 W, 34
2026/09/23 18:51:42.291, NVIDIA GeForce RTX 5090, 32607 MiB, 28838 MiB, 3350 MiB, 0 %, 12.87 W, 34
2026/09/23 18:51:47.306, NVIDIA GeForce RTX 5090, 32607 MiB, 28838 MiB, 3350 MiB, 0 %, 13.14 W, 34
2026/09/23 18:51:52.307, NVIDIA GeForce RTX 5090, 32607 MiB, 28838 MiB, 3350 MiB, 0 %, 13.11 W, 34
2026/09/23 18:51:57.310, NVIDIA GeForce RTX 5090, 32607 MiB, 28838 MiB, 3350 MiB, 0 %, 12.88 W, 34
2026/09/23 18:52:02.319, NVIDIA GeForce RTX 5090, 32607 MiB, 28838 MiB, 3350 MiB, 0 %, 13.24 W, 34
2026/09/23 18:52:07.321, NVIDIA GeForce RTX 5090, 32607 MiB, 28838 MiB, 3350 MiB, 99 %, 385.91 W, 51
2026/09/23 18:52:12.327, NVIDIA GeForce RTX 5090, 32607 MiB, 28838 MiB, 3350 MiB, 99 %, 393.49 W, 55
2026/09/23 18:52:17.329, NVIDIA GeForce RTX 5090, 32607 MiB, 28838 MiB, 3350 MiB, 99 %, 395.44 W, 56
2026/09/23 18:52:22.330, NVIDIA GeForce RTX 5090, 32607 MiB, 28838 MiB, 3350 MiB, 99 %, 396.66 W, 57
2026/09/23 18:52:27.342, NVIDIA GeForce RTX 5090, 32607 MiB, 28838 MiB, 3350 MiB, 99 %, 388.14 W, 45
2026/09/23 18:52:32.356, NVIDIA GeForce RTX 5090, 32607 MiB, 28838 MiB, 3350 MiB, 99 %, 388.19 W, 45
2026/09/23 18:52:37.360, NVIDIA GeForce RTX 5090, 32607 MiB, 28838 MiB, 3350 MiB, 99 %, 383.62 W, 46
2026/09/23 18:52:42.366, NVIDIA GeForce RTX 5090, 32607 MiB, 28838 MiB, 3350 MiB, 99 %, 389.18 W, 47
2026/09/23 18:52:47.377, NVIDIA GeForce RTX 5090, 32607 MiB, 28838 MiB, 3350 MiB, 99 %, 390.85 W, 48
2026/09/23 18:52:52.379, NVIDIA GeForce RTX 5090, 32607 MiB, 28838 MiB, 3350 MiB, 99 %, 391.54 W, 48
2026/09/23 18:52:57.381, NVIDIA GeForce RTX 5090, 32607 MiB, 28838 MiB, 3350 MiB, 99 %, 391.61 W, 49
2026/09/23 18:53:02.385, NVIDIA GeForce RTX 5090, 32607 MiB, 28838 MiB, 3350 MiB, 99 %, 391.69 W, 49
2026/09/23 18:53:07.392, NVIDIA GeForce RTX 5090, 32607 MiB, 28838 MiB, 3350 MiB, 99 %, 392.99 W, 50
2026/09/23 18:53:12.397, NVIDIA GeForce RTX 5090, 32607 MiB, 28838 MiB, 3350 MiB, 99 %, 392.47 W, 50
2026/09/23 18:53:17.400, NVIDIA GeForce RTX 5090, 32607 MiB, 28838 MiB, 3350 MiB, 99 %, 393.51 W, 51
2026/09/23 18:53:22.413, NVIDIA GeForce RTX 5090, 32607 MiB, 28838 MiB, 3350 MiB, 99 %, 394.52 W, 51
2026/09/23 18:53:27.424, NVIDIA GeForce RTX 5090, 32607 MiB, 28838 MiB, 3350 MiB, 99 %, 395.19 W, 51
2026/09/23 18:53:32.428, NVIDIA GeForce RTX 5090, 32607 MiB, 28838 MiB, 3350 MiB, 99 %, 396.12 W, 52
2026/09/23 18:53:37.433, NVIDIA GeForce RTX 5090, 32607 MiB, 28838 MiB, 3350 MiB, 99 %, 395.89 W, 52
2026/09/23 18:53:42.448, NVIDIA GeForce RTX 5090, 32607 MiB, 28838 MiB, 3350 MiB, 99 %, 396.63 W, 52
2026/09/23 18:53:47.450, NVIDIA GeForce RTX 5090, 32607 MiB, 28838 MiB, 3350 MiB, 99 %, 396.82 W, 53
2026/09/23 18:53:52.454, NVIDIA GeForce RTX 5090, 32607 MiB, 28838 MiB, 3350 MiB, 99 %, 397.35 W, 53
2026/09/23 18:53:57.462, NVIDIA GeForce RTX 5090, 32607 MiB, 28838 MiB, 3350 MiB, 99 %, 396.94 W, 53
2026/09/23 18:54:02.464, NVIDIA GeForce RTX 5090, 32607 MiB, 28838 MiB, 3350 MiB, 99 %, 398.90 W, 54
2026/09/23 18:54:07.474, NVIDIA GeForce RTX 5090, 32607 MiB, 28838 MiB, 3350 MiB, 99 %, 398.19 W, 54
2026/09/23 18:54:12.478, NVIDIA GeForce RTX 5090, 32607 MiB, 28838 MiB, 3350 MiB, 99 %, 398.82 W, 54
2026/09/23 18:54:17.490, NVIDIA GeForce RTX 5090, 32607 MiB, 28838 MiB, 3350 MiB, 99 %, 398.75 W, 54
2026/09/23 18:54:22.504, NVIDIA GeForce RTX 5090, 32607 MiB, 28838 MiB, 3350 MiB, 99 %, 398.18 W, 55
2026/09/23 18:54:27.509, NVIDIA GeForce RTX 5090, 32607 MiB, 28838 MiB, 3350 MiB, 99 %, 399.34 W, 55
2026/09/23 18:54:32.519, NVIDIA GeForce RTX 5090, 32607 MiB, 28838 MiB, 3350 MiB, 99 %, 399.61 W, 55
2026/09/23 18:54:37.533, NVIDIA GeForce RTX 5090, 32607 MiB, 28838 MiB, 3350 MiB, 99 %, 400.46 W, 55
2026/09/23 18:54:42.543, NVIDIA GeForce RTX 5090, 32607 MiB, 28838 MiB, 3350 MiB, 99 %, 401.00 W, 55
2026/09/23 18:54:47.557, NVIDIA GeForce RTX 5090, 32607 MiB, 28838 MiB, 3350 MiB, 99 %, 401.08 W, 56
2026/09/23 18:54:52.570, NVIDIA GeForce RTX 5090, 32607 MiB, 28838 MiB, 3350 MiB, 99 %, 401.68 W, 56
2026/09/23 18:54:57.579, NVIDIA GeForce RTX 5090, 32607 MiB, 28838 MiB, 3350 MiB, 99 %, 402.25 W, 56
2026/09/23 18:55:02.595, NVIDIA GeForce RTX 5090, 32607 MiB, 28838 MiB, 3350 MiB, 99 %, 400.76 W, 56
2026/09/23 18:55:07.605, NVIDIA GeForce RTX 5090, 32607 MiB, 28838 MiB, 3350 MiB, 99 %, 400.59 W, 56
2026/09/23 18:55:12.616, NVIDIA GeForce RTX 5090, 32607 MiB, 28838 MiB, 3350 MiB, 99 %, 401.35 W, 56
2026/09/23 18:55:17.625, NVIDIA GeForce RTX 5090, 32607 MiB, 28838 MiB, 3350 MiB, 99 %, 401.30 W, 56
2026/09/23 18:55:22.638, NVIDIA GeForce RTX 5090, 32607 MiB, 28838 MiB, 3350 MiB, 99 %, 401.94 W, 57
2026/09/23 18:55:27.647, NVIDIA GeForce RTX 5090, 32607 MiB, 28838 MiB, 3350 MiB, 99 %, 402.85 W, 57
2026/09/23 18:55:32.659, NVIDIA GeForce RTX 5090, 32607 MiB, 28838 MiB, 3350 MiB, 99 %, 371.71 W, 56
2026/09/23 18:55:37.666, NVIDIA GeForce RTX 5090, 32607 MiB, 28838 MiB, 3350 MiB, 99 %, 400.82 W, 57
2026/09/23 18:55:42.682, NVIDIA GeForce RTX 5090, 32607 MiB, 28838 MiB, 3350 MiB, 99 %, 400.82 W, 57
2026/09/23 18:55:47.683, NVIDIA GeForce RTX 5090, 32607 MiB, 28838 MiB, 3350 MiB, 99 %, 401.12 W, 57
2026/09/23 18:55:52.696, NVIDIA GeForce RTX 5090, 32607 MiB, 28838 MiB, 3350 MiB, 99 %, 401.69 W, 57
2026/09/23 18:55:57.698, NVIDIA GeForce RTX 5090, 32607 MiB, 28838 MiB, 3350 MiB, 99 %, 402.10 W, 57
2026/09/23 18:56:02.706, NVIDIA GeForce RTX 5090, 32607 MiB, 28838 MiB, 3350 MiB, 99 %, 402.65 W, 57
2026/09/23 18:56:07.713, NVIDIA GeForce RTX 5090, 32607 MiB, 28838 MiB, 3350 MiB, 99 %, 402.93 W, 57
2026/09/23 18:56:12.729, NVIDIA GeForce RTX 5090, 32607 MiB, 28838 MiB, 3350 MiB, 99 %, 402.29 W, 57
2026/09/23 18:56:17.738, NVIDIA GeForce RTX 5090, 32607 MiB, 28838 MiB, 3350 MiB, 99 %, 402.63 W, 58
2026/09/23 18:56:22.744, NVIDIA GeForce RTX 5090, 32607 MiB, 28838 MiB, 3350 MiB, 99 %, 402.80 W, 58
2026/09/23 18:56:27.756, NVIDIA GeForce RTX 5090, 32607 MiB, 28838 MiB, 3350 MiB, 99 %, 402.56 W, 58
2026/09/23 18:56:32.758, NVIDIA GeForce RTX 5090, 32607 MiB, 28838 MiB, 3350 MiB, 99 %, 402.76 W, 58
2026/09/23 18:56:37.773, NVIDIA GeForce RTX 5090, 32607 MiB, 28838 MiB, 3350 MiB, 99 %, 403.32 W, 58
2026/09/23 18:56:42.779, NVIDIA GeForce RTX 5090, 32607 MiB, 28838 MiB, 3350 MiB, 99 %, 404.17 W, 58
2026/09/23 18:56:47.792, NVIDIA GeForce RTX 5090, 32607 MiB, 28838 MiB, 3350 MiB, 99 %, 403.84 W, 58
2026/09/23 18:56:52.800, NVIDIA GeForce RTX 5090, 32607 MiB, 28838 MiB, 3350 MiB, 99 %, 402.98 W, 58
2026/09/23 18:56:57.812, NVIDIA GeForce RTX 5090, 32607 MiB, 28838 MiB, 3350 MiB, 99 %, 403.14 W, 58
2026/09/23 18:57:02.819, NVIDIA GeForce RTX 5090, 32607 MiB, 28838 MiB, 3350 MiB, 99 %, 403.83 W, 58
2026/09/23 18:57:07.825, NVIDIA GeForce RTX 5090, 32607 MiB, 28838 MiB, 3350 MiB, 99 %, 404.34 W, 58
2026/09/23 18:57:12.839, NVIDIA GeForce RTX 5090, 32607 MiB, 28838 MiB, 3350 MiB, 99 %, 404.19 W, 58
2026/09/23 18:57:17.850, NVIDIA GeForce RTX 5090, 32607 MiB, 28838 MiB, 3350 MiB, 99 %, 403.98 W, 58
2026/09/23 18:57:22.862, NVIDIA GeForce RTX 5090, 32607 MiB, 28838 MiB, 3350 MiB, 99 %, 404.58 W, 58
2026/09/23 18:57:27.870, NVIDIA GeForce RTX 5090, 32607 MiB, 28838 MiB, 3350 MiB, 100 %, 404.81 W, 59
2026/09/23 18:57:32.882, NVIDIA GeForce RTX 5090, 32607 MiB, 28838 MiB, 3350 MiB, 99 %, 402.95 W, 58
2026/09/23 18:57:37.883, NVIDIA GeForce RTX 5090, 32607 MiB, 28838 MiB, 3350 MiB, 99 %, 403.77 W, 58
2026/09/23 18:57:42.890, NVIDIA GeForce RTX 5090, 32607 MiB, 28838 MiB, 3350 MiB, 99 %, 403.56 W, 58
2026/09/23 18:57:47.892, NVIDIA GeForce RTX 5090, 32607 MiB, 28838 MiB, 3350 MiB, 99 %, 403.47 W, 59
2026/09/23 18:57:52.899, NVIDIA GeForce RTX 5090, 32607 MiB, 28838 MiB, 3350 MiB, 99 %, 404.18 W, 58
2026/09/23 18:57:57.900, NVIDIA GeForce RTX 5090, 32607 MiB, 28838 MiB, 3350 MiB, 99 %, 404.42 W, 59
2026/09/23 18:58:02.904, NVIDIA GeForce RTX 5090, 32607 MiB, 28838 MiB, 3350 MiB, 99 %, 405.07 W, 59
2026/09/23 18:58:07.906, NVIDIA GeForce RTX 5090, 32607 MiB, 28838 MiB, 3350 MiB, 99 %, 402.63 W, 59
2026/09/23 18:58:12.922, NVIDIA GeForce RTX 5090, 32607 MiB, 28838 MiB, 3350 MiB, 99 %, 402.62 W, 59
2026/09/23 18:58:17.926, NVIDIA GeForce RTX 5090, 32607 MiB, 28838 MiB, 3350 MiB, 99 %, 402.84 W, 59
2026/09/23 18:58:22.938, NVIDIA GeForce RTX 5090, 32607 MiB, 28838 MiB, 3350 MiB, 99 %, 403.72 W, 59
2026/09/23 18:58:27.949, NVIDIA GeForce RTX 5090, 32607 MiB, 28838 MiB, 3350 MiB, 99 %, 403.49 W, 59
2026/09/23 18:58:32.951, NVIDIA GeForce RTX 5090, 32607 MiB, 28838 MiB, 3350 MiB, 99 %, 404.61 W, 59
2026/09/23 18:58:37.953, NVIDIA GeForce RTX 5090, 32607 MiB, 28838 MiB, 3350 MiB, 99 %, 403.70 W, 59
2026/09/23 18:58:42.955, NVIDIA GeForce RTX 5090, 32607 MiB, 28838 MiB, 3350 MiB, 99 %, 403.46 W, 59
2026/09/23 18:58:47.964, NVIDIA GeForce RTX 5090, 32607 MiB, 28838 MiB, 3350 MiB, 99 %, 404.51 W, 59
2026/09/23 18:58:52.970, NVIDIA GeForce RTX 5090, 32607 MiB, 28838 MiB, 3350 MiB, 99 %, 404.25 W, 59
2026/09/23 18:58:57.973, NVIDIA GeForce RTX 5090, 32607 MiB, 28838 MiB, 3350 MiB, 99 %, 405.36 W, 59
2026/09/23 18:59:02.981, NVIDIA GeForce RTX 5090, 32607 MiB, 28838 MiB, 3350 MiB, 99 %, 405.57 W, 59
2026/09/23 18:59:07.991, NVIDIA GeForce RTX 5090, 32607 MiB, 28838 MiB, 3350 MiB, 99 %, 404.67 W, 59
2026/09/23 18:59:13.002, NVIDIA GeForce RTX 5090, 32607 MiB, 28838 MiB, 3350 MiB, 99 %, 405.76 W, 59
2026/09/23 18:59:18.015, NVIDIA GeForce RTX 5090, 32607 MiB, 28838 MiB, 3350 MiB, 99 %, 406.01 W, 59
2026/09/23 18:59:23.025, NVIDIA GeForce RTX 5090, 32607 MiB, 28838 MiB, 3350 MiB, 99 %, 404.21 W, 59
2026/09/23 18:59:28.029, NVIDIA GeForce RTX 5090, 32607 MiB, 28838 MiB, 3350 MiB, 99 %, 404.83 W, 59
2026/09/23 18:59:33.031, NVIDIA GeForce RTX 5090, 32607 MiB, 28838 MiB, 3350 MiB, 99 %, 404.96 W, 59
2026/09/23 18:59:38.037, NVIDIA GeForce RTX 5090, 32607 MiB, 28838 MiB, 3350 MiB, 99 %, 404.96 W, 59
2026/09/23 18:59:43.051, NVIDIA GeForce RTX 5090, 32607 MiB, 28838 MiB, 3350 MiB, 99 %, 405.56 W, 59
2026/09/23 18:59:48.059, NVIDIA GeForce RTX 5090, 32607 MiB, 28838 MiB, 3350 MiB, 99 %, 406.19 W, 59
2026/09/23 18:59:53.075, NVIDIA GeForce RTX 5090, 32607 MiB, 28838 MiB, 3350 MiB, 99 %, 405.96 W, 59
2026/09/23 18:59:58.076, NVIDIA GeForce RTX 5090, 32607 MiB, 28838 MiB, 3350 MiB, 99 %, 406.34 W, 59
2026/09/23 19:00:03.080, NVIDIA GeForce RTX 5090, 32607 MiB, 28838 MiB, 3350 MiB, 99 %, 404.81 W, 59
2026/09/23 19:00:08.090, NVIDIA GeForce RTX 5090, 32607 MiB, 28838 MiB, 3350 MiB, 99 %, 405.03 W, 59
2026/09/23 19:00:13.102, NVIDIA GeForce RTX 5090, 32607 MiB, 28838 MiB, 3350 MiB, 99 %, 405.71 W, 59
2026/09/23 19:00:18.106, NVIDIA GeForce RTX 5090, 32607 MiB, 28838 MiB, 3350 MiB, 99 %, 405.73 W, 59
2026/09/23 19:00:23.109, NVIDIA GeForce RTX 5090, 32607 MiB, 28838 MiB, 3350 MiB, 99 %, 406.68 W, 59
2026/09/23 19:00:28.117, NVIDIA GeForce RTX 5090, 32607 MiB, 28838 MiB, 3350 MiB, 99 %, 406.30 W, 59
2026/09/23 19:00:33.128, NVIDIA GeForce RTX 5090, 32607 MiB, 28838 MiB, 3350 MiB, 99 %, 406.98 W, 59
2026/09/23 19:00:38.137, NVIDIA GeForce RTX 5090, 32607 MiB, 28838 MiB, 3350 MiB, 99 %, 394.11 W, 59
2026/09/23 19:00:43.141, NVIDIA GeForce RTX 5090, 32607 MiB, 28838 MiB, 3350 MiB, 99 %, 403.05 W, 59
2026/09/23 19:00:48.142, NVIDIA GeForce RTX 5090, 32607 MiB, 28838 MiB, 3350 MiB, 99 %, 403.34 W, 59
2026/09/23 19:00:53.157, NVIDIA GeForce RTX 5090, 32607 MiB, 28838 MiB, 3350 MiB, 99 %, 404.30 W, 59
2026/09/23 19:00:58.158, NVIDIA GeForce RTX 5090, 32607 MiB, 28838 MiB, 3350 MiB, 99 %, 404.68 W, 59
2026/09/23 19:01:03.165, NVIDIA GeForce RTX 5090, 32607 MiB, 28838 MiB, 3350 MiB, 99 %, 403.17 W, 59
2026/09/23 19:01:08.167, NVIDIA GeForce RTX 5090, 32607 MiB, 28838 MiB, 3350 MiB, 99 %, 403.11 W, 59
2026/09/23 19:01:13.176, NVIDIA GeForce RTX 5090, 32607 MiB, 28838 MiB, 3350 MiB, 99 %, 403.27 W, 59
2026/09/23 19:01:18.181, NVIDIA GeForce RTX 5090, 32607 MiB, 28838 MiB, 3350 MiB, 99 %, 404.18 W, 59
2026/09/23 19:01:23.195, NVIDIA GeForce RTX 5090, 32607 MiB, 28838 MiB, 3350 MiB, 99 %, 404.24 W, 59
2026/09/23 19:01:28.199, NVIDIA GeForce RTX 5090, 32607 MiB, 28838 MiB, 3350 MiB, 99 %, 403.27 W, 59
2026/09/23 19:01:33.213, NVIDIA GeForce RTX 5090, 32607 MiB, 28838 MiB, 3350 MiB, 99 %, 403.79 W, 59
2026/09/23 19:01:38.218, NVIDIA GeForce RTX 5090, 32607 MiB, 28838 MiB, 3350 MiB, 99 %, 404.38 W, 59
2026/09/23 19:01:43.225, NVIDIA GeForce RTX 5090, 32607 MiB, 28838 MiB, 3350 MiB, 99 %, 403.87 W, 59
2026/09/23 19:01:48.238, NVIDIA GeForce RTX 5090, 32607 MiB, 28838 MiB, 3350 MiB, 99 %, 404.30 W, 59
2026/09/23 19:01:53.253, NVIDIA GeForce RTX 5090, 32607 MiB, 28838 MiB, 3350 MiB, 99 %, 403.51 W, 59
2026/09/23 19:01:58.263, NVIDIA GeForce RTX 5090, 32607 MiB, 28838 MiB, 3350 MiB, 99 %, 403.53 W, 59
2026/09/23 19:02:03.275, NVIDIA GeForce RTX 5090, 32607 MiB, 28838 MiB, 3350 MiB, 99 %, 403.50 W, 59
2026/09/23 19:02:08.287, NVIDIA GeForce RTX 5090, 32607 MiB, 28838 MiB, 3350 MiB, 99 %, 402.54 W, 59
2026/09/23 19:02:13.295, NVIDIA GeForce RTX 5090, 32607 MiB, 28838 MiB, 3350 MiB, 0 %, 126.36 W, 51
2026/09/23 19:02:18.304, NVIDIA GeForce RTX 5090, 32607 MiB, 28838 MiB, 3350 MiB, 0 %, 19.48 W, 48
2026/09/23 19:02:23.312, NVIDIA GeForce RTX 5090, 32607 MiB, 28838 MiB, 3350 MiB, 0 %, 19.10 W, 48
2026/09/23 19:02:28.327, NVIDIA GeForce RTX 5090, 32607 MiB, 28838 MiB, 3350 MiB, 0 %, 19.11 W, 47
2026/09/23 19:02:33.333, NVIDIA GeForce RTX 5090, 32607 MiB, 28838 MiB, 3350 MiB, 0 %, 18.79 W, 46
2026/09/23 19:02:38.339, NVIDIA GeForce RTX 5090, 32607 MiB, 28838 MiB, 3350 MiB, 0 %, 18.54 W, 46
2026/09/23 19:02:43.342, NVIDIA GeForce RTX 5090, 32607 MiB, 28838 MiB, 3350 MiB, 0 %, 18.75 W, 45
2026/09/23 19:02:48.352, NVIDIA GeForce RTX 5090, 32607 MiB, 28838 MiB, 3350 MiB, 0 %, 18.45 W, 44
2026/09/23 19:02:53.365, NVIDIA GeForce RTX 5090, 32607 MiB, 28838 MiB, 3350 MiB, 0 %, 18.25 W, 44
2026/09/23 19:02:58.366, NVIDIA GeForce RTX 5090, 32607 MiB, 28838 MiB, 3350 MiB, 0 %, 18.40 W, 43
2026/09/23 19:03:03.368, NVIDIA GeForce RTX 5090, 32607 MiB, 28838 MiB, 3350 MiB, 0 %, 18.25 W, 43
2026/09/23 19:03:08.372, NVIDIA GeForce RTX 5090, 32607 MiB, 28838 MiB, 3350 MiB, 0 %, 18.45 W, 42
2026/09/23 19:03:13.387, NVIDIA GeForce RTX 5090, 32607 MiB, 28838 MiB, 3350 MiB, 0 %, 18.14 W, 42
2026/09/23 19:03:18.402, NVIDIA GeForce RTX 5090, 32607 MiB, 28838 MiB, 3350 MiB, 0 %, 18.43 W, 41
2026/09/23 19:03:23.417, NVIDIA GeForce RTX 5090, 32607 MiB, 28838 MiB, 3350 MiB, 0 %, 18.07 W, 41
2026/09/23 19:03:28.421, NVIDIA GeForce RTX 5090, 32607 MiB, 28838 MiB, 3350 MiB, 0 %, 18.03 W, 40
2026/09/23 19:03:33.437, NVIDIA GeForce RTX 5090, 32607 MiB, 28838 MiB, 3350 MiB, 0 %, 18.17 W, 40
2026/09/23 19:03:38.441, NVIDIA GeForce RTX 5090, 32607 MiB, 28838 MiB, 3350 MiB, 0 %, 18.04 W, 40
2026/09/23 19:03:43.452, NVIDIA GeForce RTX 5090, 32607 MiB, 28838 MiB, 3350 MiB, 0 %, 18.26 W, 39
2026/09/23 19:03:48.457, NVIDIA GeForce RTX 5090, 32607 MiB, 28838 MiB, 3350 MiB, 0 %, 18.28 W, 39
2026/09/23 19:03:53.465, NVIDIA GeForce RTX 5090, 32607 MiB, 23 MiB, 32165 MiB, 0 %, 18.18 W, 39
2026/09/23 19:03:58.479, NVIDIA GeForce RTX 5090, 32607 MiB, 23 MiB, 32165 MiB, 0 %, 18.33 W, 38
2026/09/23 19:04:03.485, NVIDIA GeForce RTX 5090, 32607 MiB, 23 MiB, 32165 MiB, 0 %, 18.13 W, 38
2026/09/23 19:04:08.498, NVIDIA GeForce RTX 5090, 32607 MiB, 23 MiB, 32165 MiB, 0 %, 17.85 W, 38
2026/09/23 19:04:13.510, NVIDIA GeForce RTX 5090, 32607 MiB, 23 MiB, 32165 MiB, 0 %, 18.26 W, 38
2026/09/23 19:04:18.523, NVIDIA GeForce RTX 5090, 32607 MiB, 23 MiB, 32165 MiB, 0 %, 18.10 W, 37
2026/09/23 19:04:23.530, NVIDIA GeForce RTX 5090, 32607 MiB, 23 MiB, 32165 MiB, 0 %, 18.15 W, 37
2026/09/23 19:04:28.541, NVIDIA GeForce RTX 5090, 32607 MiB, 23 MiB, 32165 MiB, 0 %, 18.07 W, 37
2026/09/23 19:04:33.545, NVIDIA GeForce RTX 5090, 32607 MiB, 23 MiB, 32165 MiB, 0 %, 17.88 W, 36
2026/09/23 19:04:38.560, NVIDIA GeForce RTX 5090, 32607 MiB, 23 MiB, 32165 MiB, 0 %, 18.25 W, 36
2026/09/23 19:04:43.574, NVIDIA GeForce RTX 5090, 32607 MiB, 23 MiB, 32165 MiB, 0 %, 18.46 W, 36
2026/09/23 19:04:48.585, NVIDIA GeForce RTX 5090, 32607 MiB, 23 MiB, 32165 MiB, 0 %, 19.11 W, 36
2026/09/23 19:04:53.592, NVIDIA GeForce RTX 5090, 32607 MiB, 23 MiB, 32165 MiB, 0 %, 18.18 W, 36
2026/09/23 19:04:58.605, NVIDIA GeForce RTX 5090, 32607 MiB, 23 MiB, 32165 MiB, 0 %, 17.96 W, 35
2026/09/23 19:05:03.610, NVIDIA GeForce RTX 5090, 32607 MiB, 23 MiB, 32165 MiB, 0 %, 17.91 W, 35
2026/09/23 19:05:08.622, NVIDIA GeForce RTX 5090, 32607 MiB, 23 MiB, 32165 MiB, 0 %, 18.13 W, 35
2026/09/23 19:05:13.633, NVIDIA GeForce RTX 5090, 32607 MiB, 23 MiB, 32165 MiB, 0 %, 18.26 W, 35
2026/09/23 19:05:18.646, NVIDIA GeForce RTX 5090, 32607 MiB, 23 MiB, 32165 MiB, 0 %, 19.18 W, 35
2026/09/23 19:05:23.661, NVIDIA GeForce RTX 5090, 32607 MiB, 690 MiB, 31498 MiB, 0 %, 65.07 W, 36
2026/09/23 19:05:28.673, NVIDIA GeForce RTX 5090, 32607 MiB, 15526 MiB, 16662 MiB, 91 %, 37.59 W, 36
2026/09/23 19:05:33.676, NVIDIA GeForce RTX 5090, 32607 MiB, 23288 MiB, 8900 MiB, 1 %, 39.21 W, 35
2026/09/23 19:05:38.685, NVIDIA GeForce RTX 5090, 32607 MiB, 23288 MiB, 8900 MiB, 3 %, 25.77 W, 34
2026/09/23 19:05:43.693, NVIDIA GeForce RTX 5090, 32607 MiB, 23288 MiB, 8900 MiB, 4 %, 21.99 W, 34
2026/09/23 19:05:48.696, NVIDIA GeForce RTX 5090, 32607 MiB, 23288 MiB, 8900 MiB, 10 %, 20.93 W, 34
2026/09/23 19:05:53.701, NVIDIA GeForce RTX 5090, 32607 MiB, 23288 MiB, 8900 MiB, 1 %, 21.36 W, 34
2026/09/23 19:05:58.710, NVIDIA GeForce RTX 5090, 32607 MiB, 23288 MiB, 8900 MiB, 4 %, 21.10 W, 34
2026/09/23 19:06:03.712, NVIDIA GeForce RTX 5090, 32607 MiB, 23288 MiB, 8900 MiB, 2 %, 21.61 W, 34
2026/09/23 19:06:08.724, NVIDIA GeForce RTX 5090, 32607 MiB, 23288 MiB, 8900 MiB, 9 %, 21.48 W, 34
2026/09/23 19:06:13.732, NVIDIA GeForce RTX 5090, 32607 MiB, 23288 MiB, 8900 MiB, 5 %, 16.24 W, 34
2026/09/23 19:06:18.736, NVIDIA GeForce RTX 5090, 32607 MiB, 23288 MiB, 8900 MiB, 5 %, 18.07 W, 35
2026/09/23 19:06:23.744, NVIDIA GeForce RTX 5090, 32607 MiB, 23288 MiB, 8900 MiB, 8 %, 16.94 W, 34
2026/09/23 19:06:28.749, NVIDIA GeForce RTX 5090, 32607 MiB, 23288 MiB, 8900 MiB, 3 %, 15.51 W, 34
2026/09/23 19:06:33.749, NVIDIA GeForce RTX 5090, 32607 MiB, 23288 MiB, 8900 MiB, 14 %, 18.32 W, 35
2026/09/23 19:06:38.755, NVIDIA GeForce RTX 5090, 32607 MiB, 23288 MiB, 8900 MiB, 12 %, 18.43 W, 35
2026/09/23 19:06:43.764, NVIDIA GeForce RTX 5090, 32607 MiB, 28736 MiB, 3452 MiB, 2 %, 64.73 W, 37
2026/09/23 19:06:48.771, NVIDIA GeForce RTX 5090, 32607 MiB, 23504 MiB, 8684 MiB, 0 %, 35.46 W, 35
2026/09/23 19:06:53.776, NVIDIA GeForce RTX 5090, 32607 MiB, 23578 MiB, 8610 MiB, 4 %, 13.99 W, 34
2026/09/23 19:06:58.792, NVIDIA GeForce RTX 5090, 32607 MiB, 23578 MiB, 8610 MiB, 0 %, 13.23 W, 34
2026/09/23 19:07:03.803, NVIDIA GeForce RTX 5090, 32607 MiB, 23662 MiB, 8526 MiB, 0 %, 13.30 W, 34
2026/09/23 19:07:08.818, NVIDIA GeForce RTX 5090, 32607 MiB, 23662 MiB, 8526 MiB, 0 %, 12.90 W, 34
2026/09/23 19:07:13.828, NVIDIA GeForce RTX 5090, 32607 MiB, 23752 MiB, 8436 MiB, 0 %, 37.35 W, 35
2026/09/23 19:07:18.841, NVIDIA GeForce RTX 5090, 32607 MiB, 23752 MiB, 8436 MiB, 0 %, 13.28 W, 34
2026/09/23 19:07:23.844, NVIDIA GeForce RTX 5090, 32607 MiB, 23752 MiB, 8436 MiB, 0 %, 13.03 W, 34
2026/09/23 19:07:28.854, NVIDIA GeForce RTX 5090, 32607 MiB, 23566 MiB, 8622 MiB, 0 %, 135.19 W, 40
2026/09/23 19:07:33.865, NVIDIA GeForce RTX 5090, 32607 MiB, 23824 MiB, 8364 MiB, 0 %, 53.58 W, 37
2026/09/23 19:07:38.874, NVIDIA GeForce RTX 5090, 32607 MiB, 23824 MiB, 8364 MiB, 0 %, 22.32 W, 35
2026/09/23 19:07:43.875, NVIDIA GeForce RTX 5090, 32607 MiB, 23824 MiB, 8364 MiB, 0 %, 16.87 W, 35
2026/09/23 19:07:48.887, NVIDIA GeForce RTX 5090, 32607 MiB, 23824 MiB, 8364 MiB, 0 %, 111.18 W, 38
2026/09/23 19:07:53.888, NVIDIA GeForce RTX 5090, 32607 MiB, 23824 MiB, 8364 MiB, 0 %, 90.49 W, 39
2026/09/23 19:07:58.901, NVIDIA GeForce RTX 5090, 32607 MiB, 23824 MiB, 8364 MiB, 0 %, 35.07 W, 36
2026/09/23 19:08:03.904, NVIDIA GeForce RTX 5090, 32607 MiB, 24082 MiB, 8106 MiB, 0 %, 152.02 W, 41
2026/09/23 19:08:08.915, NVIDIA GeForce RTX 5090, 32607 MiB, 24082 MiB, 8106 MiB, 96 %, 142.53 W, 44
2026/09/23 19:08:13.923, NVIDIA GeForce RTX 5090, 32607 MiB, 24082 MiB, 8106 MiB, 0 %, 113.42 W, 41
2026/09/23 19:08:18.930, NVIDIA GeForce RTX 5090, 32607 MiB, 24082 MiB, 8106 MiB, 0 %, 132.92 W, 42
2026/09/23 19:08:23.931, NVIDIA GeForce RTX 5090, 32607 MiB, 24084 MiB, 8104 MiB, 0 %, 153.70 W, 43
2026/09/23 19:08:28.941, NVIDIA GeForce RTX 5090, 32607 MiB, 24086 MiB, 8102 MiB, 0 %, 110.23 W, 41
2026/09/23 19:08:33.943, NVIDIA GeForce RTX 5090, 32607 MiB, 24086 MiB, 8102 MiB, 0 %, 104.18 W, 40
2026/09/23 19:08:38.950, NVIDIA GeForce RTX 5090, 32607 MiB, 24086 MiB, 8102 MiB, 0 %, 115.22 W, 41
2026/09/23 19:08:43.954, NVIDIA GeForce RTX 5090, 32607 MiB, 24086 MiB, 8102 MiB, 0 %, 137.07 W, 42
2026/09/23 19:08:48.968, NVIDIA GeForce RTX 5090, 32607 MiB, 23668 MiB, 8520 MiB, 0 %, 108.08 W, 41
2026/09/23 19:08:53.979, NVIDIA GeForce RTX 5090, 32607 MiB, 23638 MiB, 8550 MiB, 1 %, 36.89 W, 37
2026/09/23 19:08:58.991, NVIDIA GeForce RTX 5090, 32607 MiB, 23692 MiB, 8496 MiB, 0 %, 17.81 W, 35
2026/09/23 19:09:03.999, NVIDIA GeForce RTX 5090, 32607 MiB, 23692 MiB, 8496 MiB, 0 %, 14.38 W, 35
2026/09/23 19:09:09.003, NVIDIA GeForce RTX 5090, 32607 MiB, 23692 MiB, 8496 MiB, 0 %, 15.19 W, 35
2026/09/23 19:09:14.011, NVIDIA GeForce RTX 5090, 32607 MiB, 23692 MiB, 8496 MiB, 0 %, 14.19 W, 35
2026/09/23 19:09:19.017, NVIDIA GeForce RTX 5090, 32607 MiB, 23692 MiB, 8496 MiB, 0 %, 14.17 W, 34
2026/09/23 19:09:24.022, NVIDIA GeForce RTX 5090, 32607 MiB, 23692 MiB, 8496 MiB, 0 %, 13.89 W, 34
2026/09/23 19:09:29.037, NVIDIA GeForce RTX 5090, 32607 MiB, 23698 MiB, 8490 MiB, 0 %, 35.99 W, 35
2026/09/23 19:09:34.038, NVIDIA GeForce RTX 5090, 32607 MiB, 23698 MiB, 8490 MiB, 0 %, 13.03 W, 34
2026/09/23 19:09:39.047, NVIDIA GeForce RTX 5090, 32607 MiB, 23698 MiB, 8490 MiB, 0 %, 13.63 W, 34
2026/09/23 19:09:44.061, NVIDIA GeForce RTX 5090, 32607 MiB, 23698 MiB, 8490 MiB, 0 %, 13.08 W, 34
2026/09/23 19:09:49.062, NVIDIA GeForce RTX 5090, 32607 MiB, 23698 MiB, 8490 MiB, 0 %, 12.91 W, 34
2026/09/23 19:09:54.075, NVIDIA GeForce RTX 5090, 32607 MiB, 23698 MiB, 8490 MiB, 0 %, 13.11 W, 34
2026/09/23 19:09:59.080, NVIDIA GeForce RTX 5090, 32607 MiB, 23698 MiB, 8490 MiB, 0 %, 13.14 W, 34
2026/09/23 19:10:04.088, NVIDIA GeForce RTX 5090, 32607 MiB, 23698 MiB, 8490 MiB, 0 %, 13.07 W, 34
2026/09/23 19:10:09.094, NVIDIA GeForce RTX 5090, 32607 MiB, 23698 MiB, 8490 MiB, 0 %, 13.23 W, 34
2026/09/23 19:10:14.109, NVIDIA GeForce RTX 5090, 32607 MiB, 23698 MiB, 8490 MiB, 0 %, 13.29 W, 34
2026/09/23 19:10:19.111, NVIDIA GeForce RTX 5090, 32607 MiB, 28404 MiB, 3784 MiB, 0 %, 103.84 W, 38
2026/09/23 19:10:24.113, NVIDIA GeForce RTX 5090, 32607 MiB, 28444 MiB, 3744 MiB, 0 %, 104.46 W, 41
2026/09/23 19:10:29.114, NVIDIA GeForce RTX 5090, 32607 MiB, 28580 MiB, 3608 MiB, 0 %, 41.21 W, 37
2026/09/23 19:10:34.124, NVIDIA GeForce RTX 5090, 32607 MiB, 28580 MiB, 3608 MiB, 0 %, 15.77 W, 35
2026/09/23 19:10:39.125, NVIDIA GeForce RTX 5090, 32607 MiB, 28580 MiB, 3608 MiB, 0 %, 14.27 W, 35
2026/09/23 19:10:44.136, NVIDIA GeForce RTX 5090, 32607 MiB, 28580 MiB, 3608 MiB, 0 %, 13.98 W, 35
2026/09/23 19:10:49.146, NVIDIA GeForce RTX 5090, 32607 MiB, 28580 MiB, 3608 MiB, 0 %, 14.10 W, 34
2026/09/23 19:10:54.153, NVIDIA GeForce RTX 5090, 32607 MiB, 28580 MiB, 3608 MiB, 0 %, 14.18 W, 34
2026/09/23 19:10:59.159, NVIDIA GeForce RTX 5090, 32607 MiB, 28580 MiB, 3608 MiB, 0 %, 13.87 W, 34
2026/09/23 19:11:04.166, NVIDIA GeForce RTX 5090, 32607 MiB, 28580 MiB, 3608 MiB, 0 %, 14.12 W, 34
2026/09/23 19:11:09.181, NVIDIA GeForce RTX 5090, 32607 MiB, 28580 MiB, 3608 MiB, 0 %, 14.14 W, 34
2026/09/23 19:11:14.196, NVIDIA GeForce RTX 5090, 32607 MiB, 28580 MiB, 3608 MiB, 0 %, 14.15 W, 34
2026/09/23 19:11:19.211, NVIDIA GeForce RTX 5090, 32607 MiB, 28580 MiB, 3608 MiB, 0 %, 14.28 W, 34
2026/09/23 19:11:24.216, NVIDIA GeForce RTX 5090, 32607 MiB, 28580 MiB, 3608 MiB, 0 %, 14.03 W, 33
2026/09/23 19:11:29.229, NVIDIA GeForce RTX 5090, 32607 MiB, 28580 MiB, 3608 MiB, 0 %, 13.94 W, 33
2026/09/23 19:11:34.230, NVIDIA GeForce RTX 5090, 32607 MiB, 28580 MiB, 3608 MiB, 0 %, 14.11 W, 33
2026/09/23 19:11:39.239, NVIDIA GeForce RTX 5090, 32607 MiB, 28580 MiB, 3608 MiB, 0 %, 13.09 W, 33
2026/09/23 19:11:44.243, NVIDIA GeForce RTX 5090, 32607 MiB, 28580 MiB, 3608 MiB, 0 %, 12.94 W, 33
2026/09/23 19:11:49.251, NVIDIA GeForce RTX 5090, 32607 MiB, 28580 MiB, 3608 MiB, 0 %, 13.08 W, 33
2026/09/23 19:11:54.259, NVIDIA GeForce RTX 5090, 32607 MiB, 28580 MiB, 3608 MiB, 0 %, 13.14 W, 33
2026/09/23 19:11:59.269, NVIDIA GeForce RTX 5090, 32607 MiB, 28580 MiB, 3608 MiB, 0 %, 13.02 W, 33
2026/09/23 19:12:04.284, NVIDIA GeForce RTX 5090, 32607 MiB, 28800 MiB, 3388 MiB, 98 %, 468.92 W, 62
2026/09/23 19:12:09.299, NVIDIA GeForce RTX 5090, 32607 MiB, 28800 MiB, 3388 MiB, 99 %, 326.11 W, 55
2026/09/23 19:12:14.301, NVIDIA GeForce RTX 5090, 32607 MiB, 28800 MiB, 3388 MiB, 0 %, 39.59 W, 34
2026/09/23 19:12:19.306, NVIDIA GeForce RTX 5090, 32607 MiB, 28800 MiB, 3388 MiB, 0 %, 18.21 W, 33
2026/09/23 19:12:24.317, NVIDIA GeForce RTX 5090, 32607 MiB, 28800 MiB, 3388 MiB, 0 %, 18.03 W, 33
2026/09/23 19:12:29.327, NVIDIA GeForce RTX 5090, 32607 MiB, 28800 MiB, 3388 MiB, 0 %, 17.82 W, 33
2026/09/23 19:12:34.338, NVIDIA GeForce RTX 5090, 32607 MiB, 28800 MiB, 3388 MiB, 0 %, 18.01 W, 34
2026/09/23 19:12:39.344, NVIDIA GeForce RTX 5090, 32607 MiB, 28800 MiB, 3388 MiB, 0 %, 17.85 W, 34
2026/09/23 19:12:44.359, NVIDIA GeForce RTX 5090, 32607 MiB, 28800 MiB, 3388 MiB, 0 %, 18.07 W, 33
2026/09/23 19:12:49.367, NVIDIA GeForce RTX 5090, 32607 MiB, 28800 MiB, 3388 MiB, 0 %, 18.06 W, 33
2026/09/23 19:12:54.372, NVIDIA GeForce RTX 5090, 32607 MiB, 28800 MiB, 3388 MiB, 0 %, 13.59 W, 33
2026/09/23 19:12:59.385, NVIDIA GeForce RTX 5090, 32607 MiB, 28800 MiB, 3388 MiB, 0 %, 13.03 W, 34
2026/09/23 19:13:04.386, NVIDIA GeForce RTX 5090, 32607 MiB, 28800 MiB, 3388 MiB, 0 %, 13.07 W, 34
2026/09/23 19:13:09.400, NVIDIA GeForce RTX 5090, 32607 MiB, 28800 MiB, 3388 MiB, 0 %, 13.01 W, 34
2026/09/23 19:13:14.410, NVIDIA GeForce RTX 5090, 32607 MiB, 28800 MiB, 3388 MiB, 0 %, 13.11 W, 34
2026/09/23 19:13:19.412, NVIDIA GeForce RTX 5090, 32607 MiB, 28800 MiB, 3388 MiB, 0 %, 13.22 W, 34
2026/09/23 19:13:24.428, NVIDIA GeForce RTX 5090, 32607 MiB, 28800 MiB, 3388 MiB, 0 %, 12.75 W, 34
2026/09/23 19:13:29.435, NVIDIA GeForce RTX 5090, 32607 MiB, 28800 MiB, 3388 MiB, 99 %, 381.27 W, 55
2026/09/23 19:13:34.438, NVIDIA GeForce RTX 5090, 32607 MiB, 28800 MiB, 3388 MiB, 0 %, 211.99 W, 47
2026/09/23 19:13:39.449, NVIDIA GeForce RTX 5090, 32607 MiB, 28800 MiB, 3388 MiB, 0 %, 14.72 W, 36
2026/09/23 19:13:44.456, NVIDIA GeForce RTX 5090, 32607 MiB, 28800 MiB, 3388 MiB, 0 %, 14.15 W, 35
2026/09/23 19:13:49.464, NVIDIA GeForce RTX 5090, 32607 MiB, 28800 MiB, 3388 MiB, 0 %, 14.12 W, 35
2026/09/23 19:13:54.469, NVIDIA GeForce RTX 5090, 32607 MiB, 28804 MiB, 3384 MiB, 98 %, 433.48 W, 63
2026/09/23 19:13:59.472, NVIDIA GeForce RTX 5090, 32607 MiB, 28804 MiB, 3384 MiB, 0 %, 40.10 W, 34
2026/09/23 19:14:04.483, NVIDIA GeForce RTX 5090, 32607 MiB, 28804 MiB, 3384 MiB, 0 %, 22.05 W, 33
2026/09/23 19:14:09.484, NVIDIA GeForce RTX 5090, 32607 MiB, 28804 MiB, 3384 MiB, 0 %, 17.92 W, 33
2026/09/23 19:14:14.497, NVIDIA GeForce RTX 5090, 32607 MiB, 28804 MiB, 3384 MiB, 0 %, 18.99 W, 34
2026/09/23 19:14:19.499, NVIDIA GeForce RTX 5090, 32607 MiB, 28804 MiB, 3384 MiB, 0 %, 17.94 W, 34
2026/09/23 19:14:24.503, NVIDIA GeForce RTX 5090, 32607 MiB, 28804 MiB, 3384 MiB, 0 %, 17.85 W, 34
2026/09/23 19:14:29.516, NVIDIA GeForce RTX 5090, 32607 MiB, 28804 MiB, 3384 MiB, 0 %, 17.99 W, 34
2026/09/23 19:14:34.524, NVIDIA GeForce RTX 5090, 32607 MiB, 28804 MiB, 3384 MiB, 0 %, 18.03 W, 34
2026/09/23 19:14:39.533, NVIDIA GeForce RTX 5090, 32607 MiB, 28804 MiB, 3384 MiB, 99 %, 384.54 W, 44
2026/09/23 19:14:44.537, NVIDIA GeForce RTX 5090, 32607 MiB, 28804 MiB, 3384 MiB, 99 %, 397.08 W, 45
2026/09/23 19:14:49.552, NVIDIA GeForce RTX 5090, 32607 MiB, 28804 MiB, 3384 MiB, 99 %, 395.47 W, 46
2026/09/23 19:14:54.565, NVIDIA GeForce RTX 5090, 32607 MiB, 28804 MiB, 3384 MiB, 99 %, 394.96 W, 46
2026/09/23 19:14:59.578, NVIDIA GeForce RTX 5090, 32607 MiB, 28804 MiB, 3384 MiB, 99 %, 396.35 W, 46
2026/09/23 19:15:04.592, NVIDIA GeForce RTX 5090, 32607 MiB, 28804 MiB, 3384 MiB, 99 %, 394.31 W, 47
2026/09/23 19:15:09.603, NVIDIA GeForce RTX 5090, 32607 MiB, 28804 MiB, 3384 MiB, 99 %, 388.54 W, 47
2026/09/23 19:15:14.603, NVIDIA GeForce RTX 5090, 32607 MiB, 28804 MiB, 3384 MiB, 99 %, 384.21 W, 48
2026/09/23 19:15:19.619, NVIDIA GeForce RTX 5090, 32607 MiB, 28804 MiB, 3384 MiB, 99 %, 379.49 W, 48
2026/09/23 19:15:24.630, NVIDIA GeForce RTX 5090, 32607 MiB, 28804 MiB, 3384 MiB, 99 %, 376.20 W, 48
2026/09/23 19:15:29.635, NVIDIA GeForce RTX 5090, 32607 MiB, 28804 MiB, 3384 MiB, 99 %, 372.85 W, 49
2026/09/23 19:15:34.636, NVIDIA GeForce RTX 5090, 32607 MiB, 28804 MiB, 3384 MiB, 99 %, 368.08 W, 49
2026/09/23 19:15:39.647, NVIDIA GeForce RTX 5090, 32607 MiB, 28804 MiB, 3384 MiB, 99 %, 399.95 W, 50
2026/09/23 19:15:44.648, NVIDIA GeForce RTX 5090, 32607 MiB, 28804 MiB, 3384 MiB, 99 %, 394.84 W, 51
2026/09/23 19:15:49.654, NVIDIA GeForce RTX 5090, 32607 MiB, 28804 MiB, 3384 MiB, 99 %, 388.72 W, 51
2026/09/23 19:15:54.657, NVIDIA GeForce RTX 5090, 32607 MiB, 28804 MiB, 3384 MiB, 99 %, 385.43 W, 51
2026/09/23 19:15:59.661, NVIDIA GeForce RTX 5090, 32607 MiB, 28804 MiB, 3384 MiB, 99 %, 381.65 W, 51
2026/09/23 19:16:04.670, NVIDIA GeForce RTX 5090, 32607 MiB, 28804 MiB, 3384 MiB, 99 %, 378.51 W, 52
2026/09/23 19:16:09.671, NVIDIA GeForce RTX 5090, 32607 MiB, 28804 MiB, 3384 MiB, 99 %, 374.53 W, 52
2026/09/23 19:16:14.677, NVIDIA GeForce RTX 5090, 32607 MiB, 28804 MiB, 3384 MiB, 99 %, 371.19 W, 52
2026/09/23 19:16:19.679, NVIDIA GeForce RTX 5090, 32607 MiB, 28804 MiB, 3384 MiB, 99 %, 401.28 W, 53
2026/09/23 19:16:24.686, NVIDIA GeForce RTX 5090, 32607 MiB, 28804 MiB, 3384 MiB, 99 %, 396.50 W, 53
2026/09/23 19:16:29.688, NVIDIA GeForce RTX 5090, 32607 MiB, 28804 MiB, 3384 MiB, 99 %, 390.34 W, 53
2026/09/23 19:16:34.702, NVIDIA GeForce RTX 5090, 32607 MiB, 28804 MiB, 3384 MiB, 99 %, 385.33 W, 53
2026/09/23 19:16:39.715, NVIDIA GeForce RTX 5090, 32607 MiB, 28804 MiB, 3384 MiB, 99 %, 382.59 W, 54
2026/09/23 19:16:44.727, NVIDIA GeForce RTX 5090, 32607 MiB, 28804 MiB, 3384 MiB, 99 %, 378.83 W, 54
2026/09/23 19:16:49.736, NVIDIA GeForce RTX 5090, 32607 MiB, 28804 MiB, 3384 MiB, 99 %, 375.30 W, 54
2026/09/23 19:16:54.747, NVIDIA GeForce RTX 5090, 32607 MiB, 28804 MiB, 3384 MiB, 99 %, 380.46 W, 55
2026/09/23 19:16:59.757, NVIDIA GeForce RTX 5090, 32607 MiB, 28804 MiB, 3384 MiB, 99 %, 405.18 W, 55
2026/09/23 19:17:04.760, NVIDIA GeForce RTX 5090, 32607 MiB, 28804 MiB, 3384 MiB, 99 %, 398.64 W, 55
2026/09/23 19:17:09.766, NVIDIA GeForce RTX 5090, 32607 MiB, 28804 MiB, 3384 MiB, 99 %, 393.10 W, 55
2026/09/23 19:17:14.774, NVIDIA GeForce RTX 5090, 32607 MiB, 28804 MiB, 3384 MiB, 99 %, 405.55 W, 55
2026/09/23 19:17:19.779, NVIDIA GeForce RTX 5090, 32607 MiB, 28804 MiB, 3384 MiB, 99 %, 398.80 W, 55
2026/09/23 19:17:24.793, NVIDIA GeForce RTX 5090, 32607 MiB, 28804 MiB, 3384 MiB, 99 %, 393.08 W, 55
2026/09/23 19:17:29.799, NVIDIA GeForce RTX 5090, 32607 MiB, 28804 MiB, 3384 MiB, 99 %, 405.41 W, 56
2026/09/23 19:17:34.813, NVIDIA GeForce RTX 5090, 32607 MiB, 28804 MiB, 3384 MiB, 99 %, 399.76 W, 56
2026/09/23 19:17:39.817, NVIDIA GeForce RTX 5090, 32607 MiB, 28804 MiB, 3384 MiB, 99 %, 393.52 W, 56
2026/09/23 19:17:44.824, NVIDIA GeForce RTX 5090, 32607 MiB, 28804 MiB, 3384 MiB, 87 %, 407.52 W, 56
2026/09/23 19:17:49.824, NVIDIA GeForce RTX 5090, 32607 MiB, 28804 MiB, 3384 MiB, 0 %, 152.30 W, 48
2026/09/23 19:17:54.835, NVIDIA GeForce RTX 5090, 32607 MiB, 28804 MiB, 3384 MiB, 0 %, 40.28 W, 45
2026/09/23 19:17:59.838, NVIDIA GeForce RTX 5090, 32607 MiB, 28804 MiB, 3384 MiB, 0 %, 18.88 W, 45
2026/09/23 19:18:04.852, NVIDIA GeForce RTX 5090, 32607 MiB, 28804 MiB, 3384 MiB, 0 %, 18.57 W, 45
2026/09/23 19:18:09.859, NVIDIA GeForce RTX 5090, 32607 MiB, 28804 MiB, 3384 MiB, 0 %, 20.83 W, 44
2026/09/23 19:18:14.868, NVIDIA GeForce RTX 5090, 32607 MiB, 28804 MiB, 3384 MiB, 0 %, 19.29 W, 43
2026/09/23 19:18:19.881, NVIDIA GeForce RTX 5090, 32607 MiB, 28804 MiB, 3384 MiB, 98 %, 463.65 W, 59
2026/09/23 19:18:24.892, NVIDIA GeForce RTX 5090, 32607 MiB, 28804 MiB, 3384 MiB, 0 %, 40.47 W, 43
2026/09/23 19:18:29.905, NVIDIA GeForce RTX 5090, 32607 MiB, 28804 MiB, 3384 MiB, 0 %, 18.95 W, 42
2026/09/23 19:18:34.915, NVIDIA GeForce RTX 5090, 32607 MiB, 28804 MiB, 3384 MiB, 0 %, 18.41 W, 41
2026/09/23 19:18:39.923, NVIDIA GeForce RTX 5090, 32607 MiB, 28804 MiB, 3384 MiB, 0 %, 18.07 W, 41
2026/09/23 19:18:44.939, NVIDIA GeForce RTX 5090, 32607 MiB, 28804 MiB, 3384 MiB, 98 %, 458.58 W, 58
2026/09/23 19:18:49.953, NVIDIA GeForce RTX 5090, 32607 MiB, 28804 MiB, 3384 MiB, 98 %, 456.17 W, 58
2026/09/23 19:18:54.966, NVIDIA GeForce RTX 5090, 32607 MiB, 28804 MiB, 3384 MiB, 98 %, 451.76 W, 58
2026/09/23 19:18:59.968, NVIDIA GeForce RTX 5090, 32607 MiB, 28804 MiB, 3384 MiB, 98 %, 455.06 W, 59
2026/09/23 19:19:04.983, NVIDIA GeForce RTX 5090, 32607 MiB, 28804 MiB, 3384 MiB, 98 %, 453.00 W, 59
2026/09/23 19:19:09.987, NVIDIA GeForce RTX 5090, 32607 MiB, 28804 MiB, 3384 MiB, 98 %, 444.10 W, 59
2026/09/23 19:19:14.998, NVIDIA GeForce RTX 5090, 32607 MiB, 28804 MiB, 3384 MiB, 98 %, 437.93 W, 58
2026/09/23 19:19:20.007, NVIDIA GeForce RTX 5090, 32607 MiB, 28804 MiB, 3384 MiB, 98 %, 429.45 W, 54
2026/09/23 19:19:25.016, NVIDIA GeForce RTX 5090, 32607 MiB, 28804 MiB, 3384 MiB, 99 %, 430.74 W, 59
2026/09/23 19:19:30.019, NVIDIA GeForce RTX 5090, 32607 MiB, 28804 MiB, 3384 MiB, 99 %, 438.08 W, 55
2026/09/23 19:19:35.024, NVIDIA GeForce RTX 5090, 32607 MiB, 28804 MiB, 3384 MiB, 99 %, 440.98 W, 56
2026/09/23 19:19:40.033, NVIDIA GeForce RTX 5090, 32607 MiB, 28804 MiB, 3384 MiB, 99 %, 446.01 W, 56
2026/09/23 19:19:45.037, NVIDIA GeForce RTX 5090, 32607 MiB, 28804 MiB, 3384 MiB, 98 %, 453.18 W, 57
2026/09/23 19:19:50.042, NVIDIA GeForce RTX 5090, 32607 MiB, 28804 MiB, 3384 MiB, 98 %, 463.17 W, 58
2026/09/23 19:19:55.045, NVIDIA GeForce RTX 5090, 32607 MiB, 28804 MiB, 3384 MiB, 98 %, 462.37 W, 61
2026/09/23 19:20:00.060, NVIDIA GeForce RTX 5090, 32607 MiB, 28804 MiB, 3384 MiB, 0 %, 21.06 W, 45
2026/09/23 19:20:05.070, NVIDIA GeForce RTX 5090, 32607 MiB, 28804 MiB, 3384 MiB, 0 %, 18.15 W, 44
2026/09/23 19:20:10.083, NVIDIA GeForce RTX 5090, 32607 MiB, 28804 MiB, 3384 MiB, 0 %, 18.37 W, 44
2026/09/23 19:20:15.095, NVIDIA GeForce RTX 5090, 32607 MiB, 28804 MiB, 3384 MiB, 0 %, 18.38 W, 44
2026/09/23 19:20:20.106, NVIDIA GeForce RTX 5090, 32607 MiB, 28804 MiB, 3384 MiB, 0 %, 18.26 W, 43
2026/09/23 19:20:25.109, NVIDIA GeForce RTX 5090, 32607 MiB, 28804 MiB, 3384 MiB, 0 %, 18.37 W, 42
2026/09/23 19:20:30.113, NVIDIA GeForce RTX 5090, 32607 MiB, 28804 MiB, 3384 MiB, 0 %, 18.30 W, 42
2026/09/23 19:20:35.122, NVIDIA GeForce RTX 5090, 32607 MiB, 28804 MiB, 3384 MiB, 0 %, 18.04 W, 41
2026/09/23 19:20:40.129, NVIDIA GeForce RTX 5090, 32607 MiB, 28804 MiB, 3384 MiB, 0 %, 18.20 W, 41
2026/09/23 19:20:45.139, NVIDIA GeForce RTX 5090, 32607 MiB, 28804 MiB, 3384 MiB, 0 %, 17.93 W, 40
2026/09/23 19:20:50.154, NVIDIA GeForce RTX 5090, 32607 MiB, 28804 MiB, 3384 MiB, 0 %, 18.09 W, 40
2026/09/23 19:20:55.164, NVIDIA GeForce RTX 5090, 32607 MiB, 28804 MiB, 3384 MiB, 0 %, 18.21 W, 40
2026/09/23 19:21:00.177, NVIDIA GeForce RTX 5090, 32607 MiB, 28804 MiB, 3384 MiB, 0 %, 17.81 W, 39
2026/09/23 19:21:05.187, NVIDIA GeForce RTX 5090, 32607 MiB, 28804 MiB, 3384 MiB, 0 %, 18.04 W, 39
2026/09/23 19:21:10.194, NVIDIA GeForce RTX 5090, 32607 MiB, 28804 MiB, 3384 MiB, 0 %, 18.02 W, 38
2026/09/23 19:21:15.209, NVIDIA GeForce RTX 5090, 32607 MiB, 28804 MiB, 3384 MiB, 0 %, 17.96 W, 38
2026/09/23 19:21:20.214, NVIDIA GeForce RTX 5090, 32607 MiB, 28804 MiB, 3384 MiB, 0 %, 18.26 W, 38
2026/09/23 19:21:25.227, NVIDIA GeForce RTX 5090, 32607 MiB, 28804 MiB, 3384 MiB, 0 %, 18.21 W, 37
2026/09/23 19:21:30.235, NVIDIA GeForce RTX 5090, 32607 MiB, 28804 MiB, 3384 MiB, 0 %, 17.84 W, 37
2026/09/23 19:21:35.245, NVIDIA GeForce RTX 5090, 32607 MiB, 23 MiB, 32165 MiB, 0 %, 20.86 W, 37
2026/09/23 19:21:40.255, NVIDIA GeForce RTX 5090, 32607 MiB, 23 MiB, 32165 MiB, 0 %, 18.00 W, 37
2026/09/23 19:21:45.270, NVIDIA GeForce RTX 5090, 32607 MiB, 23 MiB, 32165 MiB, 0 %, 18.31 W, 36
2026/09/23 19:21:50.273, NVIDIA GeForce RTX 5090, 32607 MiB, 23 MiB, 32165 MiB, 0 %, 18.06 W, 36
2026/09/23 19:21:55.275, NVIDIA GeForce RTX 5090, 32607 MiB, 23 MiB, 32165 MiB, 0 %, 18.03 W, 36
2026/09/23 19:22:00.277, NVIDIA GeForce RTX 5090, 32607 MiB, 23 MiB, 32165 MiB, 0 %, 17.98 W, 36
2026/09/23 19:22:05.283, NVIDIA GeForce RTX 5090, 32607 MiB, 23 MiB, 32165 MiB, 0 %, 18.21 W, 35
2026/09/23 19:22:10.295, NVIDIA GeForce RTX 5090, 32607 MiB, 23 MiB, 32165 MiB, 0 %, 17.96 W, 35
2026/09/23 19:22:15.309, NVIDIA GeForce RTX 5090, 32607 MiB, 23 MiB, 32165 MiB, 0 %, 18.31 W, 35
2026/09/23 19:22:20.316, NVIDIA GeForce RTX 5090, 32607 MiB, 23 MiB, 32165 MiB, 0 %, 18.38 W, 35
2026/09/23 19:22:25.318, NVIDIA GeForce RTX 5090, 32607 MiB, 23 MiB, 32165 MiB, 0 %, 18.08 W, 35
2026/09/23 19:22:30.327, NVIDIA GeForce RTX 5090, 32607 MiB, 23 MiB, 32165 MiB, 0 %, 17.90 W, 34
2026/09/23 19:22:35.343, NVIDIA GeForce RTX 5090, 32607 MiB, 23 MiB, 32165 MiB, 0 %, 18.26 W, 34
2026/09/23 19:22:40.352, NVIDIA GeForce RTX 5090, 32607 MiB, 23 MiB, 32165 MiB, 0 %, 18.18 W, 34
2026/09/23 19:22:45.360, NVIDIA GeForce RTX 5090, 32607 MiB, 23 MiB, 32165 MiB, 0 %, 18.12 W, 34
2026/09/23 19:22:50.367, NVIDIA GeForce RTX 5090, 32607 MiB, 690 MiB, 31498 MiB, 0 %, 64.93 W, 35
2026/09/23 19:22:55.380, NVIDIA GeForce RTX 5090, 32607 MiB, 23288 MiB, 8900 MiB, 6 %, 95.28 W, 36
2026/09/23 19:23:00.393, NVIDIA GeForce RTX 5090, 32607 MiB, 23288 MiB, 8900 MiB, 2 %, 27.56 W, 34
2026/09/23 19:23:05.398, NVIDIA GeForce RTX 5090, 32607 MiB, 23288 MiB, 8900 MiB, 7 %, 21.86 W, 33
2026/09/23 19:23:10.410, NVIDIA GeForce RTX 5090, 32607 MiB, 23288 MiB, 8900 MiB, 4 %, 20.73 W, 33
2026/09/23 19:23:15.411, NVIDIA GeForce RTX 5090, 32607 MiB, 23288 MiB, 8900 MiB, 12 %, 18.15 W, 34
2026/09/23 19:23:20.421, NVIDIA GeForce RTX 5090, 32607 MiB, 23288 MiB, 8900 MiB, 12 %, 17.62 W, 34
2026/09/23 19:23:25.423, NVIDIA GeForce RTX 5090, 32607 MiB, 23288 MiB, 8900 MiB, 18 %, 16.47 W, 34
2026/09/23 19:23:30.437, NVIDIA GeForce RTX 5090, 32607 MiB, 23288 MiB, 8900 MiB, 4 %, 16.32 W, 34
2026/09/23 19:23:35.448, NVIDIA GeForce RTX 5090, 32607 MiB, 23288 MiB, 8900 MiB, 14 %, 18.67 W, 34
2026/09/23 19:23:40.453, NVIDIA GeForce RTX 5090, 32607 MiB, 23288 MiB, 8900 MiB, 11 %, 16.49 W, 34
2026/09/23 19:23:45.460, NVIDIA GeForce RTX 5090, 32607 MiB, 28736 MiB, 3452 MiB, 52 %, 28.45 W, 35
2026/09/23 19:23:50.476, NVIDIA GeForce RTX 5090, 32607 MiB, 23504 MiB, 8684 MiB, 0 %, 23.76 W, 35
2026/09/23 19:23:55.478, NVIDIA GeForce RTX 5090, 32607 MiB, 23578 MiB, 8610 MiB, 3 %, 13.29 W, 34
2026/09/23 19:24:00.488, NVIDIA GeForce RTX 5090, 32607 MiB, 23578 MiB, 8610 MiB, 0 %, 13.35 W, 34
2026/09/23 19:24:05.496, NVIDIA GeForce RTX 5090, 32607 MiB, 23662 MiB, 8526 MiB, 0 %, 13.12 W, 34
2026/09/23 19:24:10.509, NVIDIA GeForce RTX 5090, 32607 MiB, 23662 MiB, 8526 MiB, 0 %, 13.39 W, 34
2026/09/23 19:24:15.519, NVIDIA GeForce RTX 5090, 32607 MiB, 23752 MiB, 8436 MiB, 0 %, 32.65 W, 36
2026/09/23 19:24:20.533, NVIDIA GeForce RTX 5090, 32607 MiB, 23752 MiB, 8436 MiB, 0 %, 13.32 W, 34
2026/09/23 19:24:25.539, NVIDIA GeForce RTX 5090, 32607 MiB, 23752 MiB, 8436 MiB, 0 %, 13.34 W, 34
2026/09/23 19:24:30.552, NVIDIA GeForce RTX 5090, 32607 MiB, 23566 MiB, 8622 MiB, 0 %, 135.10 W, 40
2026/09/23 19:24:35.556, NVIDIA GeForce RTX 5090, 32607 MiB, 23824 MiB, 8364 MiB, 33 %, 53.30 W, 37
2026/09/23 19:24:40.560, NVIDIA GeForce RTX 5090, 32607 MiB, 23824 MiB, 8364 MiB, 0 %, 26.37 W, 35
2026/09/23 19:24:45.566, NVIDIA GeForce RTX 5090, 32607 MiB, 23824 MiB, 8364 MiB, 0 %, 17.31 W, 34
2026/09/23 19:24:50.581, NVIDIA GeForce RTX 5090, 32607 MiB, 23824 MiB, 8364 MiB, 0 %, 80.04 W, 38
2026/09/23 19:24:55.593, NVIDIA GeForce RTX 5090, 32607 MiB, 23824 MiB, 8364 MiB, 0 %, 94.98 W, 39
2026/09/23 19:25:00.607, NVIDIA GeForce RTX 5090, 32607 MiB, 23824 MiB, 8364 MiB, 0 %, 34.67 W, 35
2026/09/23 19:25:05.609, NVIDIA GeForce RTX 5090, 32607 MiB, 24082 MiB, 8106 MiB, 27 %, 156.24 W, 41
2026/09/23 19:25:10.620, NVIDIA GeForce RTX 5090, 32607 MiB, 24082 MiB, 8106 MiB, 0 %, 157.02 W, 42
2026/09/23 19:25:15.621, NVIDIA GeForce RTX 5090, 32607 MiB, 24082 MiB, 8106 MiB, 52 %, 137.36 W, 42
2026/09/23 19:25:20.629, NVIDIA GeForce RTX 5090, 32607 MiB, 24082 MiB, 8106 MiB, 14 %, 133.00 W, 41
2026/09/23 19:25:25.644, NVIDIA GeForce RTX 5090, 32607 MiB, 24084 MiB, 8104 MiB, 0 %, 158.06 W, 43
2026/09/23 19:25:30.659, NVIDIA GeForce RTX 5090, 32607 MiB, 24086 MiB, 8102 MiB, 0 %, 114.43 W, 41
2026/09/23 19:25:35.675, NVIDIA GeForce RTX 5090, 32607 MiB, 24086 MiB, 8102 MiB, 0 %, 122.39 W, 41
2026/09/23 19:25:40.690, NVIDIA GeForce RTX 5090, 32607 MiB, 24086 MiB, 8102 MiB, 2 %, 133.85 W, 42
2026/09/23 19:25:45.704, NVIDIA GeForce RTX 5090, 32607 MiB, 24086 MiB, 8102 MiB, 3 %, 134.58 W, 41
2026/09/23 19:25:50.709, NVIDIA GeForce RTX 5090, 32607 MiB, 23900 MiB, 8288 MiB, 38 %, 108.13 W, 43
2026/09/23 19:25:55.714, NVIDIA GeForce RTX 5090, 32607 MiB, 23584 MiB, 8604 MiB, 0 %, 52.35 W, 37
2026/09/23 19:26:00.723, NVIDIA GeForce RTX 5090, 32607 MiB, 28458 MiB, 3730 MiB, 0 %, 53.60 W, 37
2026/09/23 19:26:05.724, NVIDIA GeForce RTX 5090, 32607 MiB, 28498 MiB, 3690 MiB, 0 %, 84.26 W, 40
2026/09/23 19:26:10.740, NVIDIA GeForce RTX 5090, 32607 MiB, 28612 MiB, 3576 MiB, 0 %, 46.62 W, 36
2026/09/23 19:26:15.750, NVIDIA GeForce RTX 5090, 32607 MiB, 28612 MiB, 3576 MiB, 0 %, 15.71 W, 35
2026/09/23 19:26:20.761, NVIDIA GeForce RTX 5090, 32607 MiB, 28612 MiB, 3576 MiB, 0 %, 14.02 W, 34
2026/09/23 19:26:25.770, NVIDIA GeForce RTX 5090, 32607 MiB, 28612 MiB, 3576 MiB, 0 %, 14.27 W, 34
2026/09/23 19:26:30.779, NVIDIA GeForce RTX 5090, 32607 MiB, 28612 MiB, 3576 MiB, 0 %, 13.94 W, 34
2026/09/23 19:26:35.793, NVIDIA GeForce RTX 5090, 32607 MiB, 28612 MiB, 3576 MiB, 0 %, 14.80 W, 34
2026/09/23 19:26:40.795, NVIDIA GeForce RTX 5090, 32607 MiB, 28612 MiB, 3576 MiB, 0 %, 14.35 W, 34
2026/09/23 19:26:45.808, NVIDIA GeForce RTX 5090, 32607 MiB, 28612 MiB, 3576 MiB, 0 %, 14.00 W, 34
2026/09/23 19:26:50.813, NVIDIA GeForce RTX 5090, 32607 MiB, 28612 MiB, 3576 MiB, 0 %, 13.95 W, 34
2026/09/23 19:26:55.827, NVIDIA GeForce RTX 5090, 32607 MiB, 28612 MiB, 3576 MiB, 0 %, 14.29 W, 34
2026/09/23 19:27:00.838, NVIDIA GeForce RTX 5090, 32607 MiB, 28612 MiB, 3576 MiB, 0 %, 14.02 W, 33
2026/09/23 19:27:05.847, NVIDIA GeForce RTX 5090, 32607 MiB, 28612 MiB, 3576 MiB, 0 %, 14.17 W, 33
2026/09/23 19:27:10.852, NVIDIA GeForce RTX 5090, 32607 MiB, 28612 MiB, 3576 MiB, 0 %, 14.00 W, 33
2026/09/23 19:27:15.866, NVIDIA GeForce RTX 5090, 32607 MiB, 28612 MiB, 3576 MiB, 0 %, 13.13 W, 33
2026/09/23 19:27:20.873, NVIDIA GeForce RTX 5090, 32607 MiB, 28612 MiB, 3576 MiB, 0 %, 13.17 W, 33
2026/09/23 19:27:25.878, NVIDIA GeForce RTX 5090, 32607 MiB, 28612 MiB, 3576 MiB, 0 %, 13.09 W, 33
2026/09/23 19:27:30.880, NVIDIA GeForce RTX 5090, 32607 MiB, 28612 MiB, 3576 MiB, 0 %, 13.03 W, 33
2026/09/23 19:27:35.894, NVIDIA GeForce RTX 5090, 32607 MiB, 28612 MiB, 3576 MiB, 0 %, 13.28 W, 33
2026/09/23 19:27:40.899, NVIDIA GeForce RTX 5090, 32607 MiB, 28612 MiB, 3576 MiB, 0 %, 13.13 W, 33
2026/09/23 19:27:45.913, NVIDIA GeForce RTX 5090, 32607 MiB, 28612 MiB, 3576 MiB, 0 %, 13.10 W, 33
2026/09/23 19:27:50.917, NVIDIA GeForce RTX 5090, 32607 MiB, 28612 MiB, 3576 MiB, 0 %, 13.18 W, 33
2026/09/23 19:27:55.933, NVIDIA GeForce RTX 5090, 32607 MiB, 28612 MiB, 3576 MiB, 0 %, 13.09 W, 33
2026/09/23 19:28:00.937, NVIDIA GeForce RTX 5090, 32607 MiB, 28612 MiB, 3576 MiB, 0 %, 13.20 W, 33
2026/09/23 19:28:05.938, NVIDIA GeForce RTX 5090, 32607 MiB, 28612 MiB, 3576 MiB, 0 %, 13.32 W, 33
2026/09/23 19:28:10.945, NVIDIA GeForce RTX 5090, 32607 MiB, 28612 MiB, 3576 MiB, 0 %, 13.07 W, 33
2026/09/23 19:28:15.957, NVIDIA GeForce RTX 5090, 32607 MiB, 28612 MiB, 3576 MiB, 0 %, 13.17 W, 33
2026/09/23 19:28:20.969, NVIDIA GeForce RTX 5090, 32607 MiB, 28612 MiB, 3576 MiB, 0 %, 13.20 W, 33
2026/09/23 19:28:25.977, NVIDIA GeForce RTX 5090, 32607 MiB, 28842 MiB, 3346 MiB, 98 %, 458.24 W, 59
2026/09/23 19:28:30.989, NVIDIA GeForce RTX 5090, 32607 MiB, 28842 MiB, 3346 MiB, 98 %, 461.96 W, 64
2026/09/23 19:28:36.000, NVIDIA GeForce RTX 5090, 32607 MiB, 28842 MiB, 3346 MiB, 96 %, 455.81 W, 57
2026/09/23 19:28:41.005, NVIDIA GeForce RTX 5090, 32607 MiB, 28842 MiB, 3346 MiB, 98 %, 456.23 W, 51
2026/09/23 19:28:46.018, NVIDIA GeForce RTX 5090, 32607 MiB, 28842 MiB, 3346 MiB, 99 %, 384.67 W, 44
2026/09/23 19:28:51.030, NVIDIA GeForce RTX 5090, 32607 MiB, 28842 MiB, 3346 MiB, 0 %, 25.43 W, 34
2026/09/23 19:28:56.033, NVIDIA GeForce RTX 5090, 32607 MiB, 28846 MiB, 3342 MiB, 0 %, 18.18 W, 35
2026/09/23 19:29:01.041, NVIDIA GeForce RTX 5090, 32607 MiB, 28846 MiB, 3342 MiB, 98 %, 429.70 W, 53
2026/09/23 19:29:06.044, NVIDIA GeForce RTX 5090, 32607 MiB, 28846 MiB, 3342 MiB, 0 %, 29.24 W, 36
2026/09/23 19:29:11.046, NVIDIA GeForce RTX 5090, 32607 MiB, 28846 MiB, 3342 MiB, 0 %, 18.09 W, 36
2026/09/23 19:29:16.057, NVIDIA GeForce RTX 5090, 32607 MiB, 28846 MiB, 3342 MiB, 0 %, 18.21 W, 35
2026/09/23 19:29:21.058, NVIDIA GeForce RTX 5090, 32607 MiB, 28846 MiB, 3342 MiB, 0 %, 18.13 W, 36
2026/09/23 19:29:26.067, NVIDIA GeForce RTX 5090, 32607 MiB, 28846 MiB, 3342 MiB, 0 %, 17.90 W, 35
2026/09/23 19:29:31.069, NVIDIA GeForce RTX 5090, 32607 MiB, 28846 MiB, 3342 MiB, 99 %, 387.87 W, 46
2026/09/23 19:29:36.083, NVIDIA GeForce RTX 5090, 32607 MiB, 28846 MiB, 3342 MiB, 0 %, 172.46 W, 39
2026/09/23 19:29:41.097, NVIDIA GeForce RTX 5090, 32607 MiB, 28846 MiB, 3342 MiB, 0 %, 38.43 W, 35
2026/09/23 19:29:46.102, NVIDIA GeForce RTX 5090, 32607 MiB, 28846 MiB, 3342 MiB, 98 %, 113.69 W, 49
2026/09/23 19:29:51.117, NVIDIA GeForce RTX 5090, 32607 MiB, 28846 MiB, 3342 MiB, 0 %, 70.50 W, 37
2026/09/23 19:29:56.127, NVIDIA GeForce RTX 5090, 32607 MiB, 28846 MiB, 3342 MiB, 0 %, 35.85 W, 36
2026/09/23 19:30:01.133, NVIDIA GeForce RTX 5090, 32607 MiB, 28846 MiB, 3342 MiB, 97 %, 452.14 W, 53
2026/09/23 19:30:06.135, NVIDIA GeForce RTX 5090, 32607 MiB, 28846 MiB, 3342 MiB, 98 %, 462.33 W, 54
2026/09/23 19:30:11.151, NVIDIA GeForce RTX 5090, 32607 MiB, 28846 MiB, 3342 MiB, 98 %, 461.92 W, 53
2026/09/23 19:30:16.164, NVIDIA GeForce RTX 5090, 32607 MiB, 28846 MiB, 3342 MiB, 98 %, 447.57 W, 54
2026/09/23 19:30:21.165, NVIDIA GeForce RTX 5090, 32607 MiB, 28846 MiB, 3342 MiB, 98 %, 424.46 W, 53
2026/09/23 19:30:26.172, NVIDIA GeForce RTX 5090, 32607 MiB, 28846 MiB, 3342 MiB, 99 %, 427.80 W, 50
2026/09/23 19:30:31.176, NVIDIA GeForce RTX 5090, 32607 MiB, 28846 MiB, 3342 MiB, 99 %, 444.18 W, 51
2026/09/23 19:30:36.190, NVIDIA GeForce RTX 5090, 32607 MiB, 28846 MiB, 3342 MiB, 98 %, 462.75 W, 56
2026/09/23 19:30:41.196, NVIDIA GeForce RTX 5090, 32607 MiB, 28846 MiB, 3342 MiB, 98 %, 459.93 W, 56
2026/09/23 19:30:46.198, NVIDIA GeForce RTX 5090, 32607 MiB, 28846 MiB, 3342 MiB, 98 %, 453.30 W, 58
2026/09/23 19:30:51.210, NVIDIA GeForce RTX 5090, 32607 MiB, 28846 MiB, 3342 MiB, 98 %, 427.14 W, 56
2026/09/23 19:30:56.225, NVIDIA GeForce RTX 5090, 32607 MiB, 28846 MiB, 3342 MiB, 99 %, 434.54 W, 53
2026/09/23 19:31:01.233, NVIDIA GeForce RTX 5090, 32607 MiB, 28846 MiB, 3342 MiB, 98 %, 446.39 W, 54
2026/09/23 19:31:06.246, NVIDIA GeForce RTX 5090, 32607 MiB, 28846 MiB, 3342 MiB, 98 %, 464.58 W, 59
2026/09/23 19:31:11.261, NVIDIA GeForce RTX 5090, 32607 MiB, 28846 MiB, 3342 MiB, 99 %, 425.75 W, 53
2026/09/23 19:31:16.272, NVIDIA GeForce RTX 5090, 32607 MiB, 28846 MiB, 3342 MiB, 0 %, 40.37 W, 42
2026/09/23 19:31:21.287, NVIDIA GeForce RTX 5090, 32607 MiB, 28846 MiB, 3342 MiB, 0 %, 18.08 W, 42
2026/09/23 19:31:26.288, NVIDIA GeForce RTX 5090, 32607 MiB, 28846 MiB, 3342 MiB, 0 %, 18.29 W, 42
2026/09/23 19:31:31.293, NVIDIA GeForce RTX 5090, 32607 MiB, 28846 MiB, 3342 MiB, 0 %, 18.41 W, 41
2026/09/23 19:31:36.297, NVIDIA GeForce RTX 5090, 32607 MiB, 28846 MiB, 3342 MiB, 61 %, 381.20 W, 52
2026/09/23 19:31:41.301, NVIDIA GeForce RTX 5090, 32607 MiB, 28846 MiB, 3342 MiB, 99 %, 389.14 W, 52
2026/09/23 19:31:46.312, NVIDIA GeForce RTX 5090, 32607 MiB, 28846 MiB, 3342 MiB, 89 %, 391.96 W, 52
2026/09/23 19:31:51.325, NVIDIA GeForce RTX 5090, 32607 MiB, 28846 MiB, 3342 MiB, 99 %, 389.85 W, 51
2026/09/23 19:31:56.329, NVIDIA GeForce RTX 5090, 32607 MiB, 28846 MiB, 3342 MiB, 99 %, 385.35 W, 52
2026/09/23 19:32:01.340, NVIDIA GeForce RTX 5090, 32607 MiB, 28846 MiB, 3342 MiB, 99 %, 393.48 W, 52
2026/09/23 19:32:06.352, NVIDIA GeForce RTX 5090, 32607 MiB, 28846 MiB, 3342 MiB, 99 %, 388.02 W, 53
2026/09/23 19:32:11.362, NVIDIA GeForce RTX 5090, 32607 MiB, 28846 MiB, 3342 MiB, 99 %, 382.16 W, 52
2026/09/23 19:32:16.372, NVIDIA GeForce RTX 5090, 32607 MiB, 28846 MiB, 3342 MiB, 99 %, 377.23 W, 53
2026/09/23 19:32:21.387, NVIDIA GeForce RTX 5090, 32607 MiB, 28846 MiB, 3342 MiB, 99 %, 372.80 W, 53
2026/09/23 19:32:26.398, NVIDIA GeForce RTX 5090, 32607 MiB, 28846 MiB, 3342 MiB, 99 %, 368.92 W, 53
2026/09/23 19:32:31.407, NVIDIA GeForce RTX 5090, 32607 MiB, 28846 MiB, 3342 MiB, 99 %, 364.33 W, 53
2026/09/23 19:32:36.416, NVIDIA GeForce RTX 5090, 32607 MiB, 28846 MiB, 3342 MiB, 99 %, 361.26 W, 53
2026/09/23 19:32:41.419, NVIDIA GeForce RTX 5090, 32607 MiB, 28846 MiB, 3342 MiB, 99 %, 358.04 W, 53
2026/09/23 19:32:46.422, NVIDIA GeForce RTX 5090, 32607 MiB, 28846 MiB, 3342 MiB, 99 %, 393.31 W, 54
2026/09/23 19:32:51.438, NVIDIA GeForce RTX 5090, 32607 MiB, 28846 MiB, 3342 MiB, 99 %, 387.22 W, 54
2026/09/23 19:32:56.441, NVIDIA GeForce RTX 5090, 32607 MiB, 28846 MiB, 3342 MiB, 99 %, 382.53 W, 54
2026/09/23 19:33:01.448, NVIDIA GeForce RTX 5090, 32607 MiB, 28846 MiB, 3342 MiB, 99 %, 377.03 W, 54
2026/09/23 19:33:06.450, NVIDIA GeForce RTX 5090, 32607 MiB, 28846 MiB, 3342 MiB, 99 %, 372.54 W, 54
2026/09/23 19:33:11.460, NVIDIA GeForce RTX 5090, 32607 MiB, 28846 MiB, 3342 MiB, 99 %, 368.32 W, 54
2026/09/23 19:33:16.466, NVIDIA GeForce RTX 5090, 32607 MiB, 28846 MiB, 3342 MiB, 99 %, 364.89 W, 54
2026/09/23 19:33:21.474, NVIDIA GeForce RTX 5090, 32607 MiB, 28846 MiB, 3342 MiB, 99 %, 361.61 W, 54
2026/09/23 19:33:26.484, NVIDIA GeForce RTX 5090, 32607 MiB, 28846 MiB, 3342 MiB, 99 %, 360.28 W, 55
2026/09/23 19:33:31.488, NVIDIA GeForce RTX 5090, 32607 MiB, 28846 MiB, 3342 MiB, 99 %, 393.24 W, 55
2026/09/23 19:33:36.496, NVIDIA GeForce RTX 5090, 32607 MiB, 28846 MiB, 3342 MiB, 99 %, 387.29 W, 55
2026/09/23 19:33:41.512, NVIDIA GeForce RTX 5090, 32607 MiB, 28846 MiB, 3342 MiB, 99 %, 381.11 W, 55
2026/09/23 19:33:46.520, NVIDIA GeForce RTX 5090, 32607 MiB, 28846 MiB, 3342 MiB, 99 %, 376.42 W, 55
2026/09/23 19:33:51.522, NVIDIA GeForce RTX 5090, 32607 MiB, 28846 MiB, 3342 MiB, 99 %, 371.87 W, 55
2026/09/23 19:33:56.535, NVIDIA GeForce RTX 5090, 32607 MiB, 28846 MiB, 3342 MiB, 99 %, 368.18 W, 55
2026/09/23 19:34:01.549, NVIDIA GeForce RTX 5090, 32607 MiB, 28846 MiB, 3342 MiB, 99 %, 364.52 W, 56
2026/09/23 19:34:06.556, NVIDIA GeForce RTX 5090, 32607 MiB, 28846 MiB, 3342 MiB, 99 %, 360.74 W, 55
2026/09/23 19:34:11.565, NVIDIA GeForce RTX 5090, 32607 MiB, 28846 MiB, 3342 MiB, 99 %, 391.63 W, 56
2026/09/23 19:34:16.580, NVIDIA GeForce RTX 5090, 32607 MiB, 28846 MiB, 3342 MiB, 99 %, 394.54 W, 56
2026/09/23 19:34:21.592, NVIDIA GeForce RTX 5090, 32607 MiB, 28846 MiB, 3342 MiB, 99 %, 388.20 W, 56
2026/09/23 19:34:26.598, NVIDIA GeForce RTX 5090, 32607 MiB, 28846 MiB, 3342 MiB, 99 %, 381.67 W, 56
2026/09/23 19:34:31.602, NVIDIA GeForce RTX 5090, 32607 MiB, 28846 MiB, 3342 MiB, 99 %, 376.24 W, 56
2026/09/23 19:34:36.608, NVIDIA GeForce RTX 5090, 32607 MiB, 28846 MiB, 3342 MiB, 99 %, 371.27 W, 56
2026/09/23 19:34:41.614, NVIDIA GeForce RTX 5090, 32607 MiB, 28846 MiB, 3342 MiB, 99 %, 366.53 W, 56
2026/09/23 19:34:46.627, NVIDIA GeForce RTX 5090, 32607 MiB, 28846 MiB, 3342 MiB, 99 %, 362.11 W, 56
2026/09/23 19:34:51.634, NVIDIA GeForce RTX 5090, 32607 MiB, 28846 MiB, 3342 MiB, 99 %, 357.73 W, 56
2026/09/23 19:34:56.643, NVIDIA GeForce RTX 5090, 32607 MiB, 28846 MiB, 3342 MiB, 99 %, 352.87 W, 55
2026/09/23 19:35:01.647, NVIDIA GeForce RTX 5090, 32607 MiB, 28846 MiB, 3342 MiB, 99 %, 349.06 W, 55
2026/09/23 19:35:06.648, NVIDIA GeForce RTX 5090, 32607 MiB, 28846 MiB, 3342 MiB, 99 %, 344.99 W, 56
2026/09/23 19:35:11.657, NVIDIA GeForce RTX 5090, 32607 MiB, 28846 MiB, 3342 MiB, 99 %, 394.73 W, 57
2026/09/23 19:35:16.671, NVIDIA GeForce RTX 5090, 32607 MiB, 28846 MiB, 3342 MiB, 99 %, 388.09 W, 56
2026/09/23 19:35:21.682, NVIDIA GeForce RTX 5090, 32607 MiB, 28846 MiB, 3342 MiB, 99 %, 380.90 W, 56
2026/09/23 19:35:26.691, NVIDIA GeForce RTX 5090, 32607 MiB, 28846 MiB, 3342 MiB, 99 %, 375.70 W, 56
2026/09/23 19:35:31.696, NVIDIA GeForce RTX 5090, 32607 MiB, 28846 MiB, 3342 MiB, 99 %, 371.03 W, 56
2026/09/23 19:35:36.708, NVIDIA GeForce RTX 5090, 32607 MiB, 28846 MiB, 3342 MiB, 99 %, 365.61 W, 56
2026/09/23 19:35:41.717, NVIDIA GeForce RTX 5090, 32607 MiB, 28846 MiB, 3342 MiB, 99 %, 362.14 W, 56
2026/09/23 19:35:46.728, NVIDIA GeForce RTX 5090, 32607 MiB, 28846 MiB, 3342 MiB, 99 %, 358.19 W, 56
2026/09/23 19:35:51.743, NVIDIA GeForce RTX 5090, 32607 MiB, 28846 MiB, 3342 MiB, 99 %, 353.68 W, 56
2026/09/23 19:35:56.757, NVIDIA GeForce RTX 5090, 32607 MiB, 28846 MiB, 3342 MiB, 99 %, 349.47 W, 55
2026/09/23 19:36:01.760, NVIDIA GeForce RTX 5090, 32607 MiB, 28846 MiB, 3342 MiB, 99 %, 344.89 W, 56
2026/09/23 19:36:06.771, NVIDIA GeForce RTX 5090, 32607 MiB, 28846 MiB, 3342 MiB, 99 %, 394.81 W, 57
2026/09/23 19:36:11.774, NVIDIA GeForce RTX 5090, 32607 MiB, 28846 MiB, 3342 MiB, 99 %, 388.34 W, 57
2026/09/23 19:36:16.786, NVIDIA GeForce RTX 5090, 32607 MiB, 28846 MiB, 3342 MiB, 99 %, 381.21 W, 56
2026/09/23 19:36:21.795, NVIDIA GeForce RTX 5090, 32607 MiB, 28846 MiB, 3342 MiB, 99 %, 375.61 W, 56
2026/09/23 19:36:26.800, NVIDIA GeForce RTX 5090, 32607 MiB, 28846 MiB, 3342 MiB, 99 %, 371.07 W, 56
2026/09/23 19:36:31.804, NVIDIA GeForce RTX 5090, 32607 MiB, 28846 MiB, 3342 MiB, 99 %, 365.86 W, 56
2026/09/23 19:36:36.814, NVIDIA GeForce RTX 5090, 32607 MiB, 28846 MiB, 3342 MiB, 99 %, 361.01 W, 56
2026/09/23 19:36:41.819, NVIDIA GeForce RTX 5090, 32607 MiB, 28846 MiB, 3342 MiB, 99 %, 356.99 W, 56
2026/09/23 19:36:46.823, NVIDIA GeForce RTX 5090, 32607 MiB, 28846 MiB, 3342 MiB, 99 %, 352.96 W, 56
2026/09/23 19:36:51.838, NVIDIA GeForce RTX 5090, 32607 MiB, 28846 MiB, 3342 MiB, 99 %, 348.39 W, 56
2026/09/23 19:36:56.852, NVIDIA GeForce RTX 5090, 32607 MiB, 28846 MiB, 3342 MiB, 99 %, 375.80 W, 57
2026/09/23 19:37:01.858, NVIDIA GeForce RTX 5090, 32607 MiB, 28846 MiB, 3342 MiB, 99 %, 392.24 W, 57
2026/09/23 19:37:06.869, NVIDIA GeForce RTX 5090, 32607 MiB, 28846 MiB, 3342 MiB, 0 %, 138.98 W, 49
2026/09/23 19:37:11.877, NVIDIA GeForce RTX 5090, 32607 MiB, 28846 MiB, 3342 MiB, 0 %, 21.51 W, 46
2026/09/23 19:37:16.880, NVIDIA GeForce RTX 5090, 32607 MiB, 28846 MiB, 3342 MiB, 0 %, 18.38 W, 46
2026/09/23 19:37:21.892, NVIDIA GeForce RTX 5090, 32607 MiB, 28846 MiB, 3342 MiB, 0 %, 18.78 W, 45
2026/09/23 19:37:26.898, NVIDIA GeForce RTX 5090, 32607 MiB, 28846 MiB, 3342 MiB, 0 %, 18.41 W, 45
2026/09/23 19:37:31.903, NVIDIA GeForce RTX 5090, 32607 MiB, 28846 MiB, 3342 MiB, 0 %, 18.43 W, 44
2026/09/23 19:37:36.912, NVIDIA GeForce RTX 5090, 32607 MiB, 28846 MiB, 3342 MiB, 0 %, 18.37 W, 43
2026/09/23 19:37:41.912, NVIDIA GeForce RTX 5090, 32607 MiB, 28846 MiB, 3342 MiB, 0 %, 18.04 W, 43
2026/09/23 19:37:46.920, NVIDIA GeForce RTX 5090, 32607 MiB, 28846 MiB, 3342 MiB, 0 %, 18.31 W, 42
2026/09/23 19:37:51.924, NVIDIA GeForce RTX 5090, 32607 MiB, 28846 MiB, 3342 MiB, 0 %, 18.35 W, 42
2026/09/23 19:37:56.934, NVIDIA GeForce RTX 5090, 32607 MiB, 28846 MiB, 3342 MiB, 0 %, 17.96 W, 41
2026/09/23 19:38:01.942, NVIDIA GeForce RTX 5090, 32607 MiB, 28846 MiB, 3342 MiB, 0 %, 18.18 W, 41
2026/09/23 19:38:06.946, NVIDIA GeForce RTX 5090, 32607 MiB, 28846 MiB, 3342 MiB, 0 %, 18.27 W, 40
2026/09/23 19:38:11.951, NVIDIA GeForce RTX 5090, 32607 MiB, 28846 MiB, 3342 MiB, 0 %, 17.91 W, 40
2026/09/23 19:38:16.957, NVIDIA GeForce RTX 5090, 32607 MiB, 28846 MiB, 3342 MiB, 0 %, 17.98 W, 39
2026/09/23 19:38:21.958, NVIDIA GeForce RTX 5090, 32607 MiB, 28846 MiB, 3342 MiB, 0 %, 17.98 W, 39
2026/09/23 19:38:26.962, NVIDIA GeForce RTX 5090, 32607 MiB, 28846 MiB, 3342 MiB, 0 %, 18.07 W, 39
2026/09/23 19:38:31.973, NVIDIA GeForce RTX 5090, 32607 MiB, 28846 MiB, 3342 MiB, 0 %, 18.08 W, 38
2026/09/23 19:38:36.989, NVIDIA GeForce RTX 5090, 32607 MiB, 23 MiB, 32165 MiB, 0 %, 20.26 W, 38
2026/09/23 19:38:41.996, NVIDIA GeForce RTX 5090, 32607 MiB, 23 MiB, 32165 MiB, 0 %, 18.09 W, 38
2026/09/23 19:38:47.010, NVIDIA GeForce RTX 5090, 32607 MiB, 23 MiB, 32165 MiB, 0 %, 18.12 W, 37
2026/09/23 19:38:52.013, NVIDIA GeForce RTX 5090, 32607 MiB, 23 MiB, 32165 MiB, 0 %, 18.05 W, 37
2026/09/23 19:38:57.023, NVIDIA GeForce RTX 5090, 32607 MiB, 23 MiB, 32165 MiB, 0 %, 18.11 W, 37
2026/09/23 19:39:02.025, NVIDIA GeForce RTX 5090, 32607 MiB, 23 MiB, 32165 MiB, 0 %, 18.15 W, 36
2026/09/23 19:39:07.033, NVIDIA GeForce RTX 5090, 32607 MiB, 23 MiB, 32165 MiB, 0 %, 18.15 W, 36
2026/09/23 19:39:12.046, NVIDIA GeForce RTX 5090, 32607 MiB, 23 MiB, 32165 MiB, 0 %, 17.81 W, 36
2026/09/23 19:39:17.049, NVIDIA GeForce RTX 5090, 32607 MiB, 23 MiB, 32165 MiB, 0 %, 17.99 W, 36
2026/09/23 19:39:22.058, NVIDIA GeForce RTX 5090, 32607 MiB, 23 MiB, 32165 MiB, 0 %, 17.98 W, 35
2026/09/23 19:39:27.066, NVIDIA GeForce RTX 5090, 32607 MiB, 23 MiB, 32165 MiB, 0 %, 18.08 W, 35
2026/09/23 19:39:32.073, NVIDIA GeForce RTX 5090, 32607 MiB, 23 MiB, 32165 MiB, 0 %, 18.07 W, 35
2026/09/23 19:39:37.081, NVIDIA GeForce RTX 5090, 32607 MiB, 23 MiB, 32165 MiB, 0 %, 18.16 W, 35
2026/09/23 19:39:42.083, NVIDIA GeForce RTX 5090, 32607 MiB, 23 MiB, 32165 MiB, 0 %, 18.16 W, 35
2026/09/23 19:39:47.098, NVIDIA GeForce RTX 5090, 32607 MiB, 690 MiB, 31498 MiB, 0 %, 66.19 W, 36
2026/09/23 19:39:52.103, NVIDIA GeForce RTX 5090, 32607 MiB, 690 MiB, 31498 MiB, 0 %, 64.48 W, 36
2026/09/23 19:39:57.113, NVIDIA GeForce RTX 5090, 32607 MiB, 23288 MiB, 8900 MiB, 0 %, 41.02 W, 35
2026/09/23 19:40:02.127, NVIDIA GeForce RTX 5090, 32607 MiB, 23288 MiB, 8900 MiB, 18 %, 24.69 W, 34
2026/09/23 19:40:07.142, NVIDIA GeForce RTX 5090, 32607 MiB, 23288 MiB, 8900 MiB, 13 %, 24.35 W, 34
2026/09/23 19:40:12.145, NVIDIA GeForce RTX 5090, 32607 MiB, 23288 MiB, 8900 MiB, 30 %, 23.96 W, 34
2026/09/23 19:40:17.155, NVIDIA GeForce RTX 5090, 32607 MiB, 23288 MiB, 8900 MiB, 21 %, 24.79 W, 34
2026/09/23 19:40:22.165, NVIDIA GeForce RTX 5090, 32607 MiB, 23288 MiB, 8900 MiB, 26 %, 31.25 W, 34
2026/09/23 19:40:27.171, NVIDIA GeForce RTX 5090, 32607 MiB, 28736 MiB, 3452 MiB, 1 %, 75.03 W, 34
2026/09/23 19:40:32.174, NVIDIA GeForce RTX 5090, 32607 MiB, 23504 MiB, 8684 MiB, 0 %, 31.53 W, 34
2026/09/23 19:40:37.183, NVIDIA GeForce RTX 5090, 32607 MiB, 23578 MiB, 8610 MiB, 0 %, 14.08 W, 34
2026/09/23 19:40:42.194, NVIDIA GeForce RTX 5090, 32607 MiB, 23578 MiB, 8610 MiB, 0 %, 13.35 W, 34
2026/09/23 19:40:47.199, NVIDIA GeForce RTX 5090, 32607 MiB, 23662 MiB, 8526 MiB, 0 %, 13.26 W, 34
2026/09/23 19:40:52.204, NVIDIA GeForce RTX 5090, 32607 MiB, 23662 MiB, 8526 MiB, 0 %, 13.32 W, 34
2026/09/23 19:40:57.209, NVIDIA GeForce RTX 5090, 32607 MiB, 23752 MiB, 8436 MiB, 0 %, 36.71 W, 35
2026/09/23 19:41:02.220, NVIDIA GeForce RTX 5090, 32607 MiB, 23752 MiB, 8436 MiB, 0 %, 13.31 W, 34
2026/09/23 19:41:07.229, NVIDIA GeForce RTX 5090, 32607 MiB, 23752 MiB, 8436 MiB, 0 %, 13.29 W, 34
2026/09/23 19:41:12.236, NVIDIA GeForce RTX 5090, 32607 MiB, 23566 MiB, 8622 MiB, 0 %, 140.30 W, 40
2026/09/23 19:41:17.250, NVIDIA GeForce RTX 5090, 32607 MiB, 23824 MiB, 8364 MiB, 0 %, 51.62 W, 37
2026/09/23 19:41:22.251, NVIDIA GeForce RTX 5090, 32607 MiB, 23824 MiB, 8364 MiB, 0 %, 24.56 W, 35
2026/09/23 19:41:27.260, NVIDIA GeForce RTX 5090, 32607 MiB, 23824 MiB, 8364 MiB, 0 %, 17.53 W, 34
2026/09/23 19:41:32.261, NVIDIA GeForce RTX 5090, 32607 MiB, 23824 MiB, 8364 MiB, 0 %, 115.65 W, 38
2026/09/23 19:41:37.264, NVIDIA GeForce RTX 5090, 32607 MiB, 23824 MiB, 8364 MiB, 0 %, 37.83 W, 36
2026/09/23 19:41:42.276, NVIDIA GeForce RTX 5090, 32607 MiB, 23824 MiB, 8364 MiB, 0 %, 30.44 W, 35
2026/09/23 19:41:47.287, NVIDIA GeForce RTX 5090, 32607 MiB, 24082 MiB, 8106 MiB, 34 %, 164.15 W, 42
2026/09/23 19:41:52.289, NVIDIA GeForce RTX 5090, 32607 MiB, 24082 MiB, 8106 MiB, 0 %, 114.35 W, 41
2026/09/23 19:41:57.299, NVIDIA GeForce RTX 5090, 32607 MiB, 24082 MiB, 8106 MiB, 0 %, 122.94 W, 41
2026/09/23 19:42:02.313, NVIDIA GeForce RTX 5090, 32607 MiB, 24082 MiB, 8106 MiB, 0 %, 150.86 W, 42
2026/09/23 19:42:07.324, NVIDIA GeForce RTX 5090, 32607 MiB, 24084 MiB, 8104 MiB, 0 %, 135.08 W, 42
2026/09/23 19:42:12.338, NVIDIA GeForce RTX 5090, 32607 MiB, 24086 MiB, 8102 MiB, 0 %, 92.79 W, 40
2026/09/23 19:42:17.341, NVIDIA GeForce RTX 5090, 32607 MiB, 24086 MiB, 8102 MiB, 0 %, 91.52 W, 40
2026/09/23 19:42:22.349, NVIDIA GeForce RTX 5090, 32607 MiB, 24086 MiB, 8102 MiB, 0 %, 133.33 W, 42
2026/09/23 19:42:27.351, NVIDIA GeForce RTX 5090, 32607 MiB, 24086 MiB, 8102 MiB, 0 %, 118.50 W, 41
2026/09/23 19:42:32.365, NVIDIA GeForce RTX 5090, 32607 MiB, 23912 MiB, 8276 MiB, 0 %, 107.32 W, 41
2026/09/23 19:42:37.377, NVIDIA GeForce RTX 5090, 32607 MiB, 23692 MiB, 8496 MiB, 0 %, 36.93 W, 37
2026/09/23 19:42:42.393, NVIDIA GeForce RTX 5090, 32607 MiB, 28816 MiB, 3372 MiB, 80 %, 84.29 W, 43
2026/09/23 19:42:47.396, NVIDIA GeForce RTX 5090, 32607 MiB, 28540 MiB, 3648 MiB, 0 %, 59.85 W, 39
2026/09/23 19:42:52.403, NVIDIA GeForce RTX 5090, 32607 MiB, 28586 MiB, 3602 MiB, 0 %, 36.62 W, 36
2026/09/23 19:42:57.416, NVIDIA GeForce RTX 5090, 32607 MiB, 28586 MiB, 3602 MiB, 0 %, 14.31 W, 35
2026/09/23 19:43:02.423, NVIDIA GeForce RTX 5090, 32607 MiB, 28586 MiB, 3602 MiB, 0 %, 14.18 W, 34
2026/09/23 19:43:07.431, NVIDIA GeForce RTX 5090, 32607 MiB, 28586 MiB, 3602 MiB, 0 %, 14.19 W, 34
2026/09/23 19:43:12.433, NVIDIA GeForce RTX 5090, 32607 MiB, 28586 MiB, 3602 MiB, 0 %, 13.97 W, 34
2026/09/23 19:43:17.439, NVIDIA GeForce RTX 5090, 32607 MiB, 28586 MiB, 3602 MiB, 0 %, 14.20 W, 34
2026/09/23 19:43:22.452, NVIDIA GeForce RTX 5090, 32607 MiB, 28586 MiB, 3602 MiB, 0 %, 14.45 W, 34
2026/09/23 19:43:27.459, NVIDIA GeForce RTX 5090, 32607 MiB, 28586 MiB, 3602 MiB, 0 %, 14.11 W, 34
2026/09/23 19:43:32.469, NVIDIA GeForce RTX 5090, 32607 MiB, 28586 MiB, 3602 MiB, 0 %, 14.22 W, 34
2026/09/23 19:43:37.477, NVIDIA GeForce RTX 5090, 32607 MiB, 28586 MiB, 3602 MiB, 0 %, 14.11 W, 33
2026/09/23 19:43:42.488, NVIDIA GeForce RTX 5090, 32607 MiB, 28586 MiB, 3602 MiB, 0 %, 13.90 W, 33
2026/09/23 19:43:47.500, NVIDIA GeForce RTX 5090, 32607 MiB, 28586 MiB, 3602 MiB, 0 %, 14.35 W, 33
2026/09/23 19:43:52.515, NVIDIA GeForce RTX 5090, 32607 MiB, 28586 MiB, 3602 MiB, 0 %, 14.10 W, 33
2026/09/23 19:43:57.517, NVIDIA GeForce RTX 5090, 32607 MiB, 28586 MiB, 3602 MiB, 0 %, 13.13 W, 33
2026/09/23 19:44:02.532, NVIDIA GeForce RTX 5090, 32607 MiB, 28586 MiB, 3602 MiB, 0 %, 12.97 W, 33
2026/09/23 19:44:07.533, NVIDIA GeForce RTX 5090, 32607 MiB, 28586 MiB, 3602 MiB, 0 %, 13.18 W, 33
2026/09/23 19:44:12.536, NVIDIA GeForce RTX 5090, 32607 MiB, 28586 MiB, 3602 MiB, 0 %, 13.12 W, 33
2026/09/23 19:44:17.549, NVIDIA GeForce RTX 5090, 32607 MiB, 28586 MiB, 3602 MiB, 0 %, 13.17 W, 33
2026/09/23 19:44:22.565, NVIDIA GeForce RTX 5090, 32607 MiB, 28586 MiB, 3602 MiB, 0 %, 12.98 W, 33
2026/09/23 19:44:27.568, NVIDIA GeForce RTX 5090, 32607 MiB, 28586 MiB, 3602 MiB, 0 %, 13.03 W, 33
2026/09/23 19:44:32.577, NVIDIA GeForce RTX 5090, 32607 MiB, 28586 MiB, 3602 MiB, 0 %, 13.23 W, 33
2026/09/23 19:44:37.578, NVIDIA GeForce RTX 5090, 32607 MiB, 28586 MiB, 3602 MiB, 0 %, 12.96 W, 33
2026/09/23 19:44:42.589, NVIDIA GeForce RTX 5090, 32607 MiB, 28586 MiB, 3602 MiB, 0 %, 13.06 W, 33
2026/09/23 19:44:47.603, NVIDIA GeForce RTX 5090, 32607 MiB, 28586 MiB, 3602 MiB, 0 %, 13.30 W, 33
2026/09/23 19:44:52.617, NVIDIA GeForce RTX 5090, 32607 MiB, 28586 MiB, 3602 MiB, 0 %, 12.91 W, 33
2026/09/23 19:44:57.621, NVIDIA GeForce RTX 5090, 32607 MiB, 28586 MiB, 3602 MiB, 0 %, 13.20 W, 33
2026/09/23 19:45:02.624, NVIDIA GeForce RTX 5090, 32607 MiB, 28586 MiB, 3602 MiB, 0 %, 13.27 W, 33
2026/09/23 19:45:07.634, NVIDIA GeForce RTX 5090, 32607 MiB, 28586 MiB, 3602 MiB, 0 %, 12.97 W, 33
2026/09/23 19:45:12.637, NVIDIA GeForce RTX 5090, 32607 MiB, 28586 MiB, 3602 MiB, 0 %, 13.15 W, 33
2026/09/23 19:45:17.646, NVIDIA GeForce RTX 5090, 32607 MiB, 28586 MiB, 3602 MiB, 0 %, 13.03 W, 33
2026/09/23 19:45:22.649, NVIDIA GeForce RTX 5090, 32607 MiB, 28586 MiB, 3602 MiB, 0 %, 12.97 W, 33
2026/09/23 19:45:27.660, NVIDIA GeForce RTX 5090, 32607 MiB, 28586 MiB, 3602 MiB, 0 %, 13.18 W, 33
2026/09/23 19:45:32.670, NVIDIA GeForce RTX 5090, 32607 MiB, 28586 MiB, 3602 MiB, 0 %, 12.92 W, 33
2026/09/23 19:45:37.670, NVIDIA GeForce RTX 5090, 32607 MiB, 28586 MiB, 3602 MiB, 0 %, 13.07 W, 33
2026/09/23 19:45:42.674, NVIDIA GeForce RTX 5090, 32607 MiB, 28586 MiB, 3602 MiB, 0 %, 13.35 W, 33
2026/09/23 19:45:47.683, NVIDIA GeForce RTX 5090, 32607 MiB, 28586 MiB, 3602 MiB, 0 %, 13.08 W, 33
2026/09/23 19:45:52.691, NVIDIA GeForce RTX 5090, 32607 MiB, 28586 MiB, 3602 MiB, 0 %, 13.16 W, 33
2026/09/23 19:45:57.705, NVIDIA GeForce RTX 5090, 32607 MiB, 28586 MiB, 3602 MiB, 0 %, 13.32 W, 33
2026/09/23 19:46:02.714, NVIDIA GeForce RTX 5090, 32607 MiB, 28586 MiB, 3602 MiB, 0 %, 13.03 W, 33
2026/09/23 19:46:07.718, NVIDIA GeForce RTX 5090, 32607 MiB, 28586 MiB, 3602 MiB, 0 %, 13.33 W, 33
2026/09/23 19:46:12.718, NVIDIA GeForce RTX 5090, 32607 MiB, 28586 MiB, 3602 MiB, 0 %, 13.17 W, 33
2026/09/23 19:46:17.725, NVIDIA GeForce RTX 5090, 32607 MiB, 28586 MiB, 3602 MiB, 0 %, 12.79 W, 33
2026/09/23 19:46:22.726, NVIDIA GeForce RTX 5090, 32607 MiB, 28586 MiB, 3602 MiB, 0 %, 13.03 W, 33
2026/09/23 19:46:27.728, NVIDIA GeForce RTX 5090, 32607 MiB, 28586 MiB, 3602 MiB, 0 %, 13.03 W, 33
2026/09/23 19:46:32.732, NVIDIA GeForce RTX 5090, 32607 MiB, 28586 MiB, 3602 MiB, 0 %, 12.99 W, 33
2026/09/23 19:46:37.747, NVIDIA GeForce RTX 5090, 32607 MiB, 28586 MiB, 3602 MiB, 0 %, 13.17 W, 33
2026/09/23 19:46:42.763, NVIDIA GeForce RTX 5090, 32607 MiB, 28586 MiB, 3602 MiB, 0 %, 13.38 W, 33
2026/09/23 19:46:47.778, NVIDIA GeForce RTX 5090, 32607 MiB, 28586 MiB, 3602 MiB, 0 %, 12.88 W, 33
2026/09/23 19:46:52.784, NVIDIA GeForce RTX 5090, 32607 MiB, 28586 MiB, 3602 MiB, 0 %, 13.17 W, 33
2026/09/23 19:46:57.789, NVIDIA GeForce RTX 5090, 32607 MiB, 28586 MiB, 3602 MiB, 0 %, 13.17 W, 33
2026/09/23 19:47:02.795, NVIDIA GeForce RTX 5090, 32607 MiB, 28586 MiB, 3602 MiB, 0 %, 13.17 W, 33
2026/09/23 19:47:07.808, NVIDIA GeForce RTX 5090, 32607 MiB, 28586 MiB, 3602 MiB, 0 %, 13.23 W, 33
2026/09/23 19:47:12.822, NVIDIA GeForce RTX 5090, 32607 MiB, 28586 MiB, 3602 MiB, 0 %, 13.20 W, 33
2026/09/23 19:47:17.834, NVIDIA GeForce RTX 5090, 32607 MiB, 28586 MiB, 3602 MiB, 0 %, 13.00 W, 33
2026/09/23 19:47:22.843, NVIDIA GeForce RTX 5090, 32607 MiB, 28586 MiB, 3602 MiB, 0 %, 13.16 W, 33
2026/09/23 19:47:27.856, NVIDIA GeForce RTX 5090, 32607 MiB, 28814 MiB, 3374 MiB, 98 %, 441.03 W, 61
2026/09/23 19:47:32.868, NVIDIA GeForce RTX 5090, 32607 MiB, 28814 MiB, 3374 MiB, 98 %, 441.04 W, 64
2026/09/23 19:47:37.883, NVIDIA GeForce RTX 5090, 32607 MiB, 28814 MiB, 3374 MiB, 99 %, 436.81 W, 51
2026/09/23 19:47:42.889, NVIDIA GeForce RTX 5090, 32607 MiB, 28814 MiB, 3374 MiB, 99 %, 440.29 W, 44
2026/09/23 19:47:47.901, NVIDIA GeForce RTX 5090, 32607 MiB, 28814 MiB, 3374 MiB, 99 %, 381.55 W, 44
2026/09/23 19:47:52.908, NVIDIA GeForce RTX 5090, 32607 MiB, 28814 MiB, 3374 MiB, 0 %, 39.75 W, 34
2026/09/23 19:47:57.919, NVIDIA GeForce RTX 5090, 32607 MiB, 28818 MiB, 3370 MiB, 0 %, 18.60 W, 35
2026/09/23 19:48:02.927, NVIDIA GeForce RTX 5090, 32607 MiB, 28818 MiB, 3370 MiB, 98 %, 443.63 W, 49
2026/09/23 19:48:07.930, NVIDIA GeForce RTX 5090, 32607 MiB, 28818 MiB, 3370 MiB, 0 %, 74.10 W, 37
2026/09/23 19:48:12.933, NVIDIA GeForce RTX 5090, 32607 MiB, 28818 MiB, 3370 MiB, 0 %, 18.17 W, 35
2026/09/23 19:48:17.949, NVIDIA GeForce RTX 5090, 32607 MiB, 28818 MiB, 3370 MiB, 0 %, 18.17 W, 35
2026/09/23 19:48:22.959, NVIDIA GeForce RTX 5090, 32607 MiB, 28818 MiB, 3370 MiB, 98 %, 366.80 W, 47
2026/09/23 19:48:27.963, NVIDIA GeForce RTX 5090, 32607 MiB, 28818 MiB, 3370 MiB, 0 %, 133.76 W, 39
2026/09/23 19:48:32.964, NVIDIA GeForce RTX 5090, 32607 MiB, 28818 MiB, 3370 MiB, 0 %, 39.66 W, 36
2026/09/23 19:48:37.978, NVIDIA GeForce RTX 5090, 32607 MiB, 28818 MiB, 3370 MiB, 99 %, 206.45 W, 51
2026/09/23 19:48:42.979, NVIDIA GeForce RTX 5090, 32607 MiB, 28818 MiB, 3370 MiB, 0 %, 50.90 W, 37
2026/09/23 19:48:47.992, NVIDIA GeForce RTX 5090, 32607 MiB, 28818 MiB, 3370 MiB, 0 %, 29.16 W, 36
2026/09/23 19:48:53.003, NVIDIA GeForce RTX 5090, 32607 MiB, 28818 MiB, 3370 MiB, 97 %, 420.99 W, 48
2026/09/23 19:48:58.006, NVIDIA GeForce RTX 5090, 32607 MiB, 28818 MiB, 3370 MiB, 98 %, 408.53 W, 48
2026/09/23 19:49:03.017, NVIDIA GeForce RTX 5090, 32607 MiB, 28818 MiB, 3370 MiB, 99 %, 413.94 W, 50
2026/09/23 19:49:08.030, NVIDIA GeForce RTX 5090, 32607 MiB, 28818 MiB, 3370 MiB, 98 %, 432.35 W, 54
2026/09/23 19:49:13.045, NVIDIA GeForce RTX 5090, 32607 MiB, 28818 MiB, 3370 MiB, 98 %, 451.74 W, 55
2026/09/23 19:49:18.061, NVIDIA GeForce RTX 5090, 32607 MiB, 28818 MiB, 3370 MiB, 98 %, 444.02 W, 55
2026/09/23 19:49:23.075, NVIDIA GeForce RTX 5090, 32607 MiB, 28818 MiB, 3370 MiB, 97 %, 425.18 W, 52
2026/09/23 19:49:28.086, NVIDIA GeForce RTX 5090, 32607 MiB, 28818 MiB, 3370 MiB, 99 %, 411.17 W, 50
2026/09/23 19:49:33.088, NVIDIA GeForce RTX 5090, 32607 MiB, 28818 MiB, 3370 MiB, 99 %, 411.27 W, 50
2026/09/23 19:49:38.103, NVIDIA GeForce RTX 5090, 32607 MiB, 28818 MiB, 3370 MiB, 99 %, 427.57 W, 56
2026/09/23 19:49:43.107, NVIDIA GeForce RTX 5090, 32607 MiB, 28818 MiB, 3370 MiB, 98 %, 442.21 W, 58
2026/09/23 19:49:48.114, NVIDIA GeForce RTX 5090, 32607 MiB, 28818 MiB, 3370 MiB, 98 %, 450.43 W, 58
2026/09/23 19:49:53.125, NVIDIA GeForce RTX 5090, 32607 MiB, 28818 MiB, 3370 MiB, 98 %, 439.17 W, 59
2026/09/23 19:49:58.135, NVIDIA GeForce RTX 5090, 32607 MiB, 28818 MiB, 3370 MiB, 98 %, 436.05 W, 59
2026/09/23 19:50:03.137, NVIDIA GeForce RTX 5090, 32607 MiB, 28818 MiB, 3370 MiB, 98 %, 426.85 W, 54
2026/09/23 19:50:08.146, NVIDIA GeForce RTX 5090, 32607 MiB, 28818 MiB, 3370 MiB, 99 %, 417.60 W, 54
2026/09/23 19:50:13.157, NVIDIA GeForce RTX 5090, 32607 MiB, 28818 MiB, 3370 MiB, 0 %, 64.10 W, 43
2026/09/23 19:50:18.165, NVIDIA GeForce RTX 5090, 32607 MiB, 28818 MiB, 3370 MiB, 0 %, 37.52 W, 42
2026/09/23 19:50:23.171, NVIDIA GeForce RTX 5090, 32607 MiB, 28818 MiB, 3370 MiB, 0 %, 18.19 W, 42
2026/09/23 19:50:28.172, NVIDIA GeForce RTX 5090, 32607 MiB, 28818 MiB, 3370 MiB, 0 %, 18.27 W, 42
2026/09/23 19:50:33.186, NVIDIA GeForce RTX 5090, 32607 MiB, 28818 MiB, 3370 MiB, 99 %, 385.34 W, 52
2026/09/23 19:50:38.191, NVIDIA GeForce RTX 5090, 32607 MiB, 28818 MiB, 3370 MiB, 99 %, 388.31 W, 52
2026/09/23 19:50:43.205, NVIDIA GeForce RTX 5090, 32607 MiB, 28818 MiB, 3370 MiB, 99 %, 389.70 W, 52
2026/09/23 19:50:48.216, NVIDIA GeForce RTX 5090, 32607 MiB, 28818 MiB, 3370 MiB, 99 %, 383.88 W, 52
2026/09/23 19:50:53.221, NVIDIA GeForce RTX 5090, 32607 MiB, 28818 MiB, 3370 MiB, 99 %, 387.51 W, 52
2026/09/23 19:50:58.226, NVIDIA GeForce RTX 5090, 32607 MiB, 28818 MiB, 3370 MiB, 99 %, 383.99 W, 52
2026/09/23 19:51:03.242, NVIDIA GeForce RTX 5090, 32607 MiB, 28818 MiB, 3370 MiB, 99 %, 371.58 W, 52
2026/09/23 19:51:08.253, NVIDIA GeForce RTX 5090, 32607 MiB, 28818 MiB, 3370 MiB, 99 %, 361.96 W, 53
2026/09/23 19:51:13.260, NVIDIA GeForce RTX 5090, 32607 MiB, 28818 MiB, 3370 MiB, 98 %, 353.79 W, 52
2026/09/23 19:51:18.268, NVIDIA GeForce RTX 5090, 32607 MiB, 28818 MiB, 3370 MiB, 99 %, 346.11 W, 52
2026/09/23 19:51:23.273, NVIDIA GeForce RTX 5090, 32607 MiB, 28818 MiB, 3370 MiB, 99 %, 339.61 W, 52
2026/09/23 19:51:28.289, NVIDIA GeForce RTX 5090, 32607 MiB, 28818 MiB, 3370 MiB, 99 %, 333.67 W, 53
2026/09/23 19:51:33.297, NVIDIA GeForce RTX 5090, 32607 MiB, 28818 MiB, 3370 MiB, 99 %, 328.42 W, 52
2026/09/23 19:51:38.311, NVIDIA GeForce RTX 5090, 32607 MiB, 28818 MiB, 3370 MiB, 99 %, 322.68 W, 52
2026/09/23 19:51:43.316, NVIDIA GeForce RTX 5090, 32607 MiB, 28818 MiB, 3370 MiB, 99 %, 318.55 W, 52
2026/09/23 19:51:48.326, NVIDIA GeForce RTX 5090, 32607 MiB, 28818 MiB, 3370 MiB, 99 %, 313.86 W, 52
2026/09/23 19:51:53.336, NVIDIA GeForce RTX 5090, 32607 MiB, 28818 MiB, 3370 MiB, 99 %, 310.40 W, 52
2026/09/23 19:51:58.339, NVIDIA GeForce RTX 5090, 32607 MiB, 28818 MiB, 3370 MiB, 99 %, 306.32 W, 52
2026/09/23 19:52:03.348, NVIDIA GeForce RTX 5090, 32607 MiB, 28818 MiB, 3370 MiB, 99 %, 302.77 W, 52
2026/09/23 19:52:08.355, NVIDIA GeForce RTX 5090, 32607 MiB, 28818 MiB, 3370 MiB, 99 %, 299.09 W, 52
2026/09/23 19:52:13.357, NVIDIA GeForce RTX 5090, 32607 MiB, 28818 MiB, 3370 MiB, 99 %, 295.90 W, 52
2026/09/23 19:52:18.369, NVIDIA GeForce RTX 5090, 32607 MiB, 28818 MiB, 3370 MiB, 99 %, 292.70 W, 52
2026/09/23 19:52:23.381, NVIDIA GeForce RTX 5090, 32607 MiB, 28818 MiB, 3370 MiB, 99 %, 290.61 W, 52
2026/09/23 19:52:28.382, NVIDIA GeForce RTX 5090, 32607 MiB, 28818 MiB, 3370 MiB, 99 %, 288.85 W, 51
2026/09/23 19:52:33.390, NVIDIA GeForce RTX 5090, 32607 MiB, 28818 MiB, 3370 MiB, 99 %, 285.46 W, 51
2026/09/23 19:52:38.405, NVIDIA GeForce RTX 5090, 32607 MiB, 28818 MiB, 3370 MiB, 99 %, 283.39 W, 51
2026/09/23 19:52:43.409, NVIDIA GeForce RTX 5090, 32607 MiB, 28818 MiB, 3370 MiB, 99 %, 281.02 W, 51
2026/09/23 19:52:48.418, NVIDIA GeForce RTX 5090, 32607 MiB, 28818 MiB, 3370 MiB, 99 %, 278.53 W, 51
2026/09/23 19:52:53.430, NVIDIA GeForce RTX 5090, 32607 MiB, 28818 MiB, 3370 MiB, 99 %, 386.34 W, 54
2026/09/23 19:52:58.438, NVIDIA GeForce RTX 5090, 32607 MiB, 28818 MiB, 3370 MiB, 99 %, 372.68 W, 54
2026/09/23 19:53:03.439, NVIDIA GeForce RTX 5090, 32607 MiB, 28818 MiB, 3370 MiB, 99 %, 362.77 W, 54
2026/09/23 19:53:08.441, NVIDIA GeForce RTX 5090, 32607 MiB, 28818 MiB, 3370 MiB, 99 %, 354.60 W, 54
2026/09/23 19:53:13.448, NVIDIA GeForce RTX 5090, 32607 MiB, 28818 MiB, 3370 MiB, 99 %, 347.28 W, 53
2026/09/23 19:53:18.455, NVIDIA GeForce RTX 5090, 32607 MiB, 28818 MiB, 3370 MiB, 99 %, 341.77 W, 53
2026/09/23 19:53:23.457, NVIDIA GeForce RTX 5090, 32607 MiB, 28818 MiB, 3370 MiB, 99 %, 335.34 W, 53
2026/09/23 19:53:28.473, NVIDIA GeForce RTX 5090, 32607 MiB, 28818 MiB, 3370 MiB, 99 %, 329.09 W, 53
2026/09/23 19:53:33.490, NVIDIA GeForce RTX 5090, 32607 MiB, 28818 MiB, 3370 MiB, 99 %, 324.03 W, 53
2026/09/23 19:53:38.500, NVIDIA GeForce RTX 5090, 32607 MiB, 28818 MiB, 3370 MiB, 99 %, 318.51 W, 53
2026/09/23 19:53:43.516, NVIDIA GeForce RTX 5090, 32607 MiB, 28818 MiB, 3370 MiB, 99 %, 314.97 W, 53
2026/09/23 19:53:48.525, NVIDIA GeForce RTX 5090, 32607 MiB, 28818 MiB, 3370 MiB, 99 %, 310.04 W, 53
2026/09/23 19:53:53.528, NVIDIA GeForce RTX 5090, 32607 MiB, 28818 MiB, 3370 MiB, 99 %, 307.09 W, 53
2026/09/23 19:53:58.532, NVIDIA GeForce RTX 5090, 32607 MiB, 28818 MiB, 3370 MiB, 99 %, 302.86 W, 53
2026/09/23 19:54:03.544, NVIDIA GeForce RTX 5090, 32607 MiB, 28818 MiB, 3370 MiB, 99 %, 299.73 W, 53
2026/09/23 19:54:08.559, NVIDIA GeForce RTX 5090, 32607 MiB, 28818 MiB, 3370 MiB, 99 %, 297.41 W, 52
2026/09/23 19:54:13.569, NVIDIA GeForce RTX 5090, 32607 MiB, 28818 MiB, 3370 MiB, 99 %, 293.85 W, 52
2026/09/23 19:54:18.578, NVIDIA GeForce RTX 5090, 32607 MiB, 28818 MiB, 3370 MiB, 99 %, 291.12 W, 52
2026/09/23 19:54:23.584, NVIDIA GeForce RTX 5090, 32607 MiB, 28818 MiB, 3370 MiB, 99 %, 288.45 W, 52
2026/09/23 19:54:28.597, NVIDIA GeForce RTX 5090, 32607 MiB, 28818 MiB, 3370 MiB, 99 %, 286.47 W, 52
2026/09/23 19:54:33.603, NVIDIA GeForce RTX 5090, 32607 MiB, 28818 MiB, 3370 MiB, 99 %, 283.21 W, 52
2026/09/23 19:54:38.618, NVIDIA GeForce RTX 5090, 32607 MiB, 28818 MiB, 3370 MiB, 99 %, 281.33 W, 52
2026/09/23 19:54:43.621, NVIDIA GeForce RTX 5090, 32607 MiB, 28818 MiB, 3370 MiB, 100 %, 277.78 W, 52
2026/09/23 19:54:48.632, NVIDIA GeForce RTX 5090, 32607 MiB, 28818 MiB, 3370 MiB, 99 %, 385.27 W, 54
2026/09/23 19:54:53.633, NVIDIA GeForce RTX 5090, 32607 MiB, 28818 MiB, 3370 MiB, 99 %, 372.57 W, 54
2026/09/23 19:54:58.634, NVIDIA GeForce RTX 5090, 32607 MiB, 28818 MiB, 3370 MiB, 99 %, 361.80 W, 54
2026/09/23 19:55:03.639, NVIDIA GeForce RTX 5090, 32607 MiB, 28818 MiB, 3370 MiB, 99 %, 354.22 W, 54
2026/09/23 19:55:08.644, NVIDIA GeForce RTX 5090, 32607 MiB, 28818 MiB, 3370 MiB, 99 %, 347.01 W, 54
2026/09/23 19:55:13.645, NVIDIA GeForce RTX 5090, 32607 MiB, 28818 MiB, 3370 MiB, 99 %, 339.63 W, 54
2026/09/23 19:55:18.655, NVIDIA GeForce RTX 5090, 32607 MiB, 28818 MiB, 3370 MiB, 99 %, 333.90 W, 54
2026/09/23 19:55:23.662, NVIDIA GeForce RTX 5090, 32607 MiB, 28818 MiB, 3370 MiB, 99 %, 327.95 W, 54
2026/09/23 19:55:28.664, NVIDIA GeForce RTX 5090, 32607 MiB, 28818 MiB, 3370 MiB, 99 %, 322.94 W, 53
2026/09/23 19:55:33.676, NVIDIA GeForce RTX 5090, 32607 MiB, 28818 MiB, 3370 MiB, 99 %, 318.56 W, 54
2026/09/23 19:55:38.683, NVIDIA GeForce RTX 5090, 32607 MiB, 28818 MiB, 3370 MiB, 99 %, 314.33 W, 53
2026/09/23 19:55:43.691, NVIDIA GeForce RTX 5090, 32607 MiB, 28818 MiB, 3370 MiB, 99 %, 310.24 W, 53
2026/09/23 19:55:48.702, NVIDIA GeForce RTX 5090, 32607 MiB, 28818 MiB, 3370 MiB, 99 %, 306.22 W, 53
2026/09/23 19:55:53.704, NVIDIA GeForce RTX 5090, 32607 MiB, 28818 MiB, 3370 MiB, 99 %, 302.36 W, 53
2026/09/23 19:55:58.710, NVIDIA GeForce RTX 5090, 32607 MiB, 28818 MiB, 3370 MiB, 99 %, 299.43 W, 53
2026/09/23 19:56:03.712, NVIDIA GeForce RTX 5090, 32607 MiB, 28818 MiB, 3370 MiB, 99 %, 296.62 W, 53
2026/09/23 19:56:08.727, NVIDIA GeForce RTX 5090, 32607 MiB, 28818 MiB, 3370 MiB, 99 %, 294.13 W, 53
2026/09/23 19:56:13.736, NVIDIA GeForce RTX 5090, 32607 MiB, 28818 MiB, 3370 MiB, 99 %, 291.48 W, 52
2026/09/23 19:56:18.741, NVIDIA GeForce RTX 5090, 32607 MiB, 28818 MiB, 3370 MiB, 99 %, 288.76 W, 53
2026/09/23 19:56:23.751, NVIDIA GeForce RTX 5090, 32607 MiB, 28818 MiB, 3370 MiB, 99 %, 286.02 W, 52
2026/09/23 19:56:28.766, NVIDIA GeForce RTX 5090, 32607 MiB, 28818 MiB, 3370 MiB, 99 %, 283.30 W, 52
2026/09/23 19:56:33.776, NVIDIA GeForce RTX 5090, 32607 MiB, 28818 MiB, 3370 MiB, 99 %, 281.65 W, 52
2026/09/23 19:56:38.792, NVIDIA GeForce RTX 5090, 32607 MiB, 28818 MiB, 3370 MiB, 100 %, 278.28 W, 52
2026/09/23 19:56:43.806, NVIDIA GeForce RTX 5090, 32607 MiB, 28818 MiB, 3370 MiB, 99 %, 389.72 W, 55
2026/09/23 19:56:48.815, NVIDIA GeForce RTX 5090, 32607 MiB, 28818 MiB, 3370 MiB, 99 %, 375.26 W, 54
2026/09/23 19:56:53.829, NVIDIA GeForce RTX 5090, 32607 MiB, 28818 MiB, 3370 MiB, 99 %, 364.90 W, 54
2026/09/23 19:56:58.831, NVIDIA GeForce RTX 5090, 32607 MiB, 28818 MiB, 3370 MiB, 99 %, 355.33 W, 54
2026/09/23 19:57:03.846, NVIDIA GeForce RTX 5090, 32607 MiB, 28818 MiB, 3370 MiB, 99 %, 346.62 W, 54
2026/09/23 19:57:08.850, NVIDIA GeForce RTX 5090, 32607 MiB, 28818 MiB, 3370 MiB, 99 %, 339.12 W, 54
2026/09/23 19:57:13.860, NVIDIA GeForce RTX 5090, 32607 MiB, 28818 MiB, 3370 MiB, 99 %, 386.84 W, 55
2026/09/23 19:57:18.875, NVIDIA GeForce RTX 5090, 32607 MiB, 28818 MiB, 3370 MiB, 99 %, 374.47 W, 55
2026/09/23 19:57:23.889, NVIDIA GeForce RTX 5090, 32607 MiB, 28818 MiB, 3370 MiB, 99 %, 364.15 W, 55
2026/09/23 19:57:28.904, NVIDIA GeForce RTX 5090, 32607 MiB, 28818 MiB, 3370 MiB, 99 %, 354.51 W, 55
2026/09/23 19:57:33.917, NVIDIA GeForce RTX 5090, 32607 MiB, 28818 MiB, 3370 MiB, 99 %, 346.30 W, 54
2026/09/23 19:57:38.928, NVIDIA GeForce RTX 5090, 32607 MiB, 28818 MiB, 3370 MiB, 99 %, 338.95 W, 54
2026/09/23 19:57:43.943, NVIDIA GeForce RTX 5090, 32607 MiB, 28818 MiB, 3370 MiB, 99 %, 385.52 W, 56
2026/09/23 19:57:48.953, NVIDIA GeForce RTX 5090, 32607 MiB, 28818 MiB, 3370 MiB, 99 %, 373.01 W, 55
2026/09/23 19:57:53.964, NVIDIA GeForce RTX 5090, 32607 MiB, 28818 MiB, 3370 MiB, 99 %, 362.90 W, 55
2026/09/23 19:57:58.970, NVIDIA GeForce RTX 5090, 32607 MiB, 28818 MiB, 3370 MiB, 99 %, 353.21 W, 55
2026/09/23 19:58:03.983, NVIDIA GeForce RTX 5090, 32607 MiB, 28818 MiB, 3370 MiB, 99 %, 344.17 W, 55
2026/09/23 19:58:08.988, NVIDIA GeForce RTX 5090, 32607 MiB, 28818 MiB, 3370 MiB, 99 %, 347.36 W, 56
2026/09/23 19:58:14.003, NVIDIA GeForce RTX 5090, 32607 MiB, 28818 MiB, 3370 MiB, 99 %, 393.52 W, 56
2026/09/23 19:58:19.019, NVIDIA GeForce RTX 5090, 32607 MiB, 28818 MiB, 3370 MiB, 0 %, 82.40 W, 46
2026/09/23 19:58:24.025, NVIDIA GeForce RTX 5090, 32607 MiB, 28818 MiB, 3370 MiB, 0 %, 33.98 W, 45
2026/09/23 19:58:29.032, NVIDIA GeForce RTX 5090, 32607 MiB, 28818 MiB, 3370 MiB, 0 %, 18.45 W, 45
2026/09/23 19:58:34.034, NVIDIA GeForce RTX 5090, 32607 MiB, 28818 MiB, 3370 MiB, 0 %, 18.61 W, 45
2026/09/23 19:58:39.036, NVIDIA GeForce RTX 5090, 32607 MiB, 28818 MiB, 3370 MiB, 0 %, 18.62 W, 44
2026/09/23 19:58:44.038, NVIDIA GeForce RTX 5090, 32607 MiB, 28818 MiB, 3370 MiB, 0 %, 18.20 W, 43
2026/09/23 19:58:49.049, NVIDIA GeForce RTX 5090, 32607 MiB, 28818 MiB, 3370 MiB, 0 %, 18.22 W, 42
2026/09/23 19:58:54.060, NVIDIA GeForce RTX 5090, 32607 MiB, 28818 MiB, 3370 MiB, 0 %, 18.11 W, 42
2026/09/23 19:58:59.066, NVIDIA GeForce RTX 5090, 32607 MiB, 28818 MiB, 3370 MiB, 0 %, 18.00 W, 41
2026/09/23 19:59:04.076, NVIDIA GeForce RTX 5090, 32607 MiB, 28818 MiB, 3370 MiB, 0 %, 18.17 W, 41
2026/09/23 19:59:09.077, NVIDIA GeForce RTX 5090, 32607 MiB, 28818 MiB, 3370 MiB, 0 %, 18.22 W, 41
2026/09/23 19:59:14.087, NVIDIA GeForce RTX 5090, 32607 MiB, 28818 MiB, 3370 MiB, 0 %, 17.78 W, 40
2026/09/23 19:59:19.094, NVIDIA GeForce RTX 5090, 32607 MiB, 28818 MiB, 3370 MiB, 0 %, 17.84 W, 40
2026/09/23 19:59:24.100, NVIDIA GeForce RTX 5090, 32607 MiB, 28818 MiB, 3370 MiB, 0 %, 17.85 W, 39
2026/09/23 19:59:29.105, NVIDIA GeForce RTX 5090, 32607 MiB, 28818 MiB, 3370 MiB, 0 %, 17.82 W, 39
2026/09/23 19:59:34.112, NVIDIA GeForce RTX 5090, 32607 MiB, 28818 MiB, 3370 MiB, 0 %, 18.05 W, 39
2026/09/23 19:59:39.123, NVIDIA GeForce RTX 5090, 32607 MiB, 28818 MiB, 3370 MiB, 0 %, 17.74 W, 38
2026/09/23 19:59:44.134, NVIDIA GeForce RTX 5090, 32607 MiB, 28818 MiB, 3370 MiB, 0 %, 17.96 W, 38
2026/09/23 19:59:49.147, NVIDIA GeForce RTX 5090, 32607 MiB, 23 MiB, 32165 MiB, 0 %, 18.01 W, 38
2026/09/23 19:59:54.155, NVIDIA GeForce RTX 5090, 32607 MiB, 23 MiB, 32165 MiB, 0 %, 17.88 W, 37
2026/09/23 19:59:59.166, NVIDIA GeForce RTX 5090, 32607 MiB, 23 MiB, 32165 MiB, 0 %, 18.13 W, 37
2026/09/23 20:00:04.174, NVIDIA GeForce RTX 5090, 32607 MiB, 23 MiB, 32165 MiB, 0 %, 18.13 W, 37
2026/09/23 20:00:09.178, NVIDIA GeForce RTX 5090, 32607 MiB, 23 MiB, 32165 MiB, 0 %, 17.98 W, 36
2026/09/23 20:00:14.193, NVIDIA GeForce RTX 5090, 32607 MiB, 23 MiB, 32165 MiB, 0 %, 17.97 W, 36
2026/09/23 20:00:19.205, NVIDIA GeForce RTX 5090, 32607 MiB, 23 MiB, 32165 MiB, 0 %, 18.20 W, 36
2026/09/23 20:00:24.208, NVIDIA GeForce RTX 5090, 32607 MiB, 23 MiB, 32165 MiB, 0 %, 17.90 W, 36
2026/09/23 20:00:29.212, NVIDIA GeForce RTX 5090, 32607 MiB, 23 MiB, 32165 MiB, 0 %, 18.00 W, 35
2026/09/23 20:00:34.226, NVIDIA GeForce RTX 5090, 32607 MiB, 23 MiB, 32165 MiB, 0 %, 18.02 W, 35
2026/09/23 20:00:39.230, NVIDIA GeForce RTX 5090, 32607 MiB, 23 MiB, 32165 MiB, 0 %, 17.95 W, 35
2026/09/23 20:00:44.236, NVIDIA GeForce RTX 5090, 32607 MiB, 23 MiB, 32165 MiB, 0 %, 18.03 W, 35
2026/09/23 20:00:49.251, NVIDIA GeForce RTX 5090, 32607 MiB, 690 MiB, 31498 MiB, 0 %, 66.10 W, 36
2026/09/23 20:00:54.263, NVIDIA GeForce RTX 5090, 32607 MiB, 690 MiB, 31498 MiB, 0 %, 65.38 W, 36
2026/09/23 20:00:59.264, NVIDIA GeForce RTX 5090, 32607 MiB, 23288 MiB, 8900 MiB, 1 %, 41.46 W, 35
2026/09/23 20:01:04.272, NVIDIA GeForce RTX 5090, 32607 MiB, 23288 MiB, 8900 MiB, 11 %, 32.75 W, 34
2026/09/23 20:01:09.276, NVIDIA GeForce RTX 5090, 32607 MiB, 23288 MiB, 8900 MiB, 9 %, 21.42 W, 34
2026/09/23 20:01:14.281, NVIDIA GeForce RTX 5090, 32607 MiB, 23288 MiB, 8900 MiB, 14 %, 22.10 W, 34
2026/09/23 20:01:19.288, NVIDIA GeForce RTX 5090, 32607 MiB, 23288 MiB, 8900 MiB, 19 %, 22.75 W, 34
2026/09/23 20:01:24.294, NVIDIA GeForce RTX 5090, 32607 MiB, 23288 MiB, 8900 MiB, 10 %, 22.23 W, 34
2026/09/23 20:01:29.306, NVIDIA GeForce RTX 5090, 32607 MiB, 23288 MiB, 8900 MiB, 17 %, 22.55 W, 34
2026/09/23 20:01:34.316, NVIDIA GeForce RTX 5090, 32607 MiB, 23288 MiB, 8900 MiB, 13 %, 21.00 W, 33
2026/09/23 20:01:39.317, NVIDIA GeForce RTX 5090, 32607 MiB, 23288 MiB, 8900 MiB, 5 %, 15.86 W, 34
2026/09/23 20:01:44.319, NVIDIA GeForce RTX 5090, 32607 MiB, 23288 MiB, 8900 MiB, 11 %, 16.74 W, 34
2026/09/23 20:01:49.334, NVIDIA GeForce RTX 5090, 32607 MiB, 23288 MiB, 8900 MiB, 0 %, 16.91 W, 34
2026/09/23 20:01:54.344, NVIDIA GeForce RTX 5090, 32607 MiB, 28736 MiB, 3452 MiB, 2 %, 36.07 W, 35
2026/09/23 20:01:59.360, NVIDIA GeForce RTX 5090, 32607 MiB, 23504 MiB, 8684 MiB, 0 %, 13.32 W, 34
2026/09/23 20:02:04.368, NVIDIA GeForce RTX 5090, 32607 MiB, 23578 MiB, 8610 MiB, 0 %, 14.19 W, 34
2026/09/23 20:02:09.384, NVIDIA GeForce RTX 5090, 32607 MiB, 23578 MiB, 8610 MiB, 0 %, 14.38 W, 34
2026/09/23 20:02:14.397, NVIDIA GeForce RTX 5090, 32607 MiB, 23662 MiB, 8526 MiB, 0 %, 13.26 W, 34
2026/09/23 20:02:19.410, NVIDIA GeForce RTX 5090, 32607 MiB, 23662 MiB, 8526 MiB, 0 %, 13.30 W, 34
2026/09/23 20:02:24.426, NVIDIA GeForce RTX 5090, 32607 MiB, 23752 MiB, 8436 MiB, 0 %, 36.41 W, 36
2026/09/23 20:02:29.439, NVIDIA GeForce RTX 5090, 32607 MiB, 23752 MiB, 8436 MiB, 0 %, 14.10 W, 34
2026/09/23 20:02:34.439, NVIDIA GeForce RTX 5090, 32607 MiB, 23752 MiB, 8436 MiB, 0 %, 13.11 W, 34
2026/09/23 20:02:39.443, NVIDIA GeForce RTX 5090, 32607 MiB, 23566 MiB, 8622 MiB, 0 %, 112.63 W, 39
2026/09/23 20:02:44.455, NVIDIA GeForce RTX 5090, 32607 MiB, 23824 MiB, 8364 MiB, 0 %, 62.57 W, 37
2026/09/23 20:02:49.456, NVIDIA GeForce RTX 5090, 32607 MiB, 23824 MiB, 8364 MiB, 0 %, 21.22 W, 35
2026/09/23 20:02:54.460, NVIDIA GeForce RTX 5090, 32607 MiB, 23824 MiB, 8364 MiB, 0 %, 17.06 W, 34
2026/09/23 20:02:59.475, NVIDIA GeForce RTX 5090, 32607 MiB, 23824 MiB, 8364 MiB, 0 %, 113.71 W, 38
2026/09/23 20:03:04.488, NVIDIA GeForce RTX 5090, 32607 MiB, 23824 MiB, 8364 MiB, 0 %, 90.76 W, 39
2026/09/23 20:03:09.493, NVIDIA GeForce RTX 5090, 32607 MiB, 23824 MiB, 8364 MiB, 0 %, 35.24 W, 35
2026/09/23 20:03:14.509, NVIDIA GeForce RTX 5090, 32607 MiB, 24082 MiB, 8106 MiB, 40 %, 164.14 W, 42
2026/09/23 20:03:19.516, NVIDIA GeForce RTX 5090, 32607 MiB, 24082 MiB, 8106 MiB, 59 %, 136.88 W, 42
2026/09/23 20:03:24.522, NVIDIA GeForce RTX 5090, 32607 MiB, 24082 MiB, 8106 MiB, 0 %, 118.02 W, 41
2026/09/23 20:03:29.527, NVIDIA GeForce RTX 5090, 32607 MiB, 24082 MiB, 8106 MiB, 0 %, 131.93 W, 41
2026/09/23 20:03:34.530, NVIDIA GeForce RTX 5090, 32607 MiB, 24084 MiB, 8104 MiB, 20 %, 156.04 W, 43
2026/09/23 20:03:39.535, NVIDIA GeForce RTX 5090, 32607 MiB, 24086 MiB, 8102 MiB, 0 %, 76.32 W, 39
2026/09/23 20:03:44.540, NVIDIA GeForce RTX 5090, 32607 MiB, 24086 MiB, 8102 MiB, 61 %, 138.42 W, 41
2026/09/23 20:03:49.543, NVIDIA GeForce RTX 5090, 32607 MiB, 24086 MiB, 8102 MiB, 0 %, 134.00 W, 41
2026/09/23 20:03:54.543, NVIDIA GeForce RTX 5090, 32607 MiB, 24086 MiB, 8102 MiB, 0 %, 134.27 W, 41
2026/09/23 20:03:59.547, NVIDIA GeForce RTX 5090, 32607 MiB, 23900 MiB, 8288 MiB, 0 %, 153.35 W, 42
2026/09/23 20:04:04.562, NVIDIA GeForce RTX 5090, 32607 MiB, 23584 MiB, 8604 MiB, 0 %, 65.22 W, 38
2026/09/23 20:04:09.567, NVIDIA GeForce RTX 5090, 32607 MiB, 23780 MiB, 8408 MiB, 3 %, 61.46 W, 37
2026/09/23 20:04:14.578, NVIDIA GeForce RTX 5090, 32607 MiB, 28498 MiB, 3690 MiB, 22 %, 109.14 W, 43
2026/09/23 20:04:19.592, NVIDIA GeForce RTX 5090, 32607 MiB, 28614 MiB, 3574 MiB, 0 %, 46.00 W, 36
2026/09/23 20:04:24.594, NVIDIA GeForce RTX 5090, 32607 MiB, 28614 MiB, 3574 MiB, 0 %, 16.58 W, 35
2026/09/23 20:04:29.600, NVIDIA GeForce RTX 5090, 32607 MiB, 28614 MiB, 3574 MiB, 0 %, 14.22 W, 34
2026/09/23 20:04:34.616, NVIDIA GeForce RTX 5090, 32607 MiB, 28614 MiB, 3574 MiB, 0 %, 14.21 W, 34
2026/09/23 20:04:39.630, NVIDIA GeForce RTX 5090, 32607 MiB, 28614 MiB, 3574 MiB, 0 %, 14.02 W, 34
2026/09/23 20:04:44.641, NVIDIA GeForce RTX 5090, 32607 MiB, 28614 MiB, 3574 MiB, 0 %, 14.17 W, 34
2026/09/23 20:04:49.644, NVIDIA GeForce RTX 5090, 32607 MiB, 28614 MiB, 3574 MiB, 0 %, 14.21 W, 34
2026/09/23 20:04:54.645, NVIDIA GeForce RTX 5090, 32607 MiB, 28614 MiB, 3574 MiB, 0 %, 13.85 W, 33
2026/09/23 20:04:59.650, NVIDIA GeForce RTX 5090, 32607 MiB, 28614 MiB, 3574 MiB, 0 %, 14.06 W, 33
2026/09/23 20:05:04.664, NVIDIA GeForce RTX 5090, 32607 MiB, 28614 MiB, 3574 MiB, 0 %, 13.99 W, 33
2026/09/23 20:05:09.677, NVIDIA GeForce RTX 5090, 32607 MiB, 28614 MiB, 3574 MiB, 0 %, 14.22 W, 33
2026/09/23 20:05:14.679, NVIDIA GeForce RTX 5090, 32607 MiB, 28614 MiB, 3574 MiB, 0 %, 14.11 W, 33
2026/09/23 20:05:19.689, NVIDIA GeForce RTX 5090, 32607 MiB, 28614 MiB, 3574 MiB, 0 %, 13.24 W, 33
2026/09/23 20:05:24.699, NVIDIA GeForce RTX 5090, 32607 MiB, 28614 MiB, 3574 MiB, 0 %, 13.02 W, 33
2026/09/23 20:05:29.714, NVIDIA GeForce RTX 5090, 32607 MiB, 28614 MiB, 3574 MiB, 0 %, 13.06 W, 33
2026/09/23 20:05:34.720, NVIDIA GeForce RTX 5090, 32607 MiB, 28614 MiB, 3574 MiB, 0 %, 13.07 W, 33
2026/09/23 20:05:39.730, NVIDIA GeForce RTX 5090, 32607 MiB, 28614 MiB, 3574 MiB, 0 %, 13.06 W, 33
2026/09/23 20:05:44.739, NVIDIA GeForce RTX 5090, 32607 MiB, 28614 MiB, 3574 MiB, 0 %, 13.17 W, 33
2026/09/23 20:05:49.750, NVIDIA GeForce RTX 5090, 32607 MiB, 28614 MiB, 3574 MiB, 0 %, 13.20 W, 33
2026/09/23 20:05:54.764, NVIDIA GeForce RTX 5090, 32607 MiB, 28614 MiB, 3574 MiB, 0 %, 13.00 W, 33
2026/09/23 20:05:59.773, NVIDIA GeForce RTX 5090, 32607 MiB, 28614 MiB, 3574 MiB, 0 %, 13.17 W, 33
2026/09/23 20:06:04.787, NVIDIA GeForce RTX 5090, 32607 MiB, 28614 MiB, 3574 MiB, 0 %, 13.15 W, 33
2026/09/23 20:06:09.797, NVIDIA GeForce RTX 5090, 32607 MiB, 28842 MiB, 3346 MiB, 80 %, 136.05 W, 42
2026/09/23 20:06:14.809, NVIDIA GeForce RTX 5090, 32607 MiB, 28842 MiB, 3346 MiB, 98 %, 457.39 W, 63
2026/09/23 20:06:19.823, NVIDIA GeForce RTX 5090, 32607 MiB, 28842 MiB, 3346 MiB, 98 %, 471.31 W, 65
2026/09/23 20:06:24.836, NVIDIA GeForce RTX 5090, 32607 MiB, 28842 MiB, 3346 MiB, 99 %, 440.69 W, 50
2026/09/23 20:06:29.842, NVIDIA GeForce RTX 5090, 32607 MiB, 28842 MiB, 3346 MiB, 0 %, 320.50 W, 38
2026/09/23 20:06:34.846, NVIDIA GeForce RTX 5090, 32607 MiB, 28842 MiB, 3346 MiB, 0 %, 39.93 W, 34
2026/09/23 20:06:39.849, NVIDIA GeForce RTX 5090, 32607 MiB, 28842 MiB, 3346 MiB, 0 %, 18.06 W, 35
2026/09/23 20:06:44.856, NVIDIA GeForce RTX 5090, 32607 MiB, 28846 MiB, 3342 MiB, 98 %, 441.30 W, 52
2026/09/23 20:06:49.860, NVIDIA GeForce RTX 5090, 32607 MiB, 28846 MiB, 3342 MiB, 0 %, 95.83 W, 38
2026/09/23 20:06:54.862, NVIDIA GeForce RTX 5090, 32607 MiB, 28846 MiB, 3342 MiB, 0 %, 39.51 W, 35
2026/09/23 20:06:59.875, NVIDIA GeForce RTX 5090, 32607 MiB, 28846 MiB, 3342 MiB, 0 %, 18.20 W, 35
2026/09/23 20:07:04.890, NVIDIA GeForce RTX 5090, 32607 MiB, 28846 MiB, 3342 MiB, 99 %, 381.73 W, 46
2026/09/23 20:07:09.891, NVIDIA GeForce RTX 5090, 32607 MiB, 28846 MiB, 3342 MiB, 69 %, 379.40 W, 47
2026/09/23 20:07:14.892, NVIDIA GeForce RTX 5090, 32607 MiB, 28846 MiB, 3342 MiB, 0 %, 79.59 W, 37
2026/09/23 20:07:19.901, NVIDIA GeForce RTX 5090, 32607 MiB, 28846 MiB, 3342 MiB, 0 %, 36.54 W, 35
2026/09/23 20:07:24.907, NVIDIA GeForce RTX 5090, 32607 MiB, 28846 MiB, 3342 MiB, 0 %, 18.12 W, 35
2026/09/23 20:07:29.918, NVIDIA GeForce RTX 5090, 32607 MiB, 28846 MiB, 3342 MiB, 95 %, 382.37 W, 46
2026/09/23 20:07:34.920, NVIDIA GeForce RTX 5090, 32607 MiB, 28846 MiB, 3342 MiB, 99 %, 384.82 W, 47
2026/09/23 20:07:39.929, NVIDIA GeForce RTX 5090, 32607 MiB, 28846 MiB, 3342 MiB, 99 %, 381.53 W, 47
2026/09/23 20:07:44.937, NVIDIA GeForce RTX 5090, 32607 MiB, 28846 MiB, 3342 MiB, 99 %, 382.06 W, 47
2026/09/23 20:07:49.951, NVIDIA GeForce RTX 5090, 32607 MiB, 28846 MiB, 3342 MiB, 99 %, 383.50 W, 48
2026/09/23 20:07:54.952, NVIDIA GeForce RTX 5090, 32607 MiB, 28846 MiB, 3342 MiB, 99 %, 384.15 W, 48
2026/09/23 20:07:59.957, NVIDIA GeForce RTX 5090, 32607 MiB, 28846 MiB, 3342 MiB, 99 %, 379.42 W, 48
2026/09/23 20:08:04.968, NVIDIA GeForce RTX 5090, 32607 MiB, 28846 MiB, 3342 MiB, 99 %, 373.98 W, 48
2026/09/23 20:08:09.978, NVIDIA GeForce RTX 5090, 32607 MiB, 28846 MiB, 3342 MiB, 99 %, 370.02 W, 49
2026/09/23 20:08:14.987, NVIDIA GeForce RTX 5090, 32607 MiB, 28846 MiB, 3342 MiB, 99 %, 365.42 W, 49
2026/09/23 20:08:19.992, NVIDIA GeForce RTX 5090, 32607 MiB, 28846 MiB, 3342 MiB, 99 %, 361.16 W, 49
2026/09/23 20:08:25.000, NVIDIA GeForce RTX 5090, 32607 MiB, 28846 MiB, 3342 MiB, 99 %, 358.62 W, 49
2026/09/23 20:08:30.009, NVIDIA GeForce RTX 5090, 32607 MiB, 28846 MiB, 3342 MiB, 99 %, 355.79 W, 49
2026/09/23 20:08:35.018, NVIDIA GeForce RTX 5090, 32607 MiB, 28846 MiB, 3342 MiB, 99 %, 351.80 W, 50
2026/09/23 20:08:40.021, NVIDIA GeForce RTX 5090, 32607 MiB, 28846 MiB, 3342 MiB, 99 %, 349.00 W, 50
2026/09/23 20:08:45.031, NVIDIA GeForce RTX 5090, 32607 MiB, 28846 MiB, 3342 MiB, 99 %, 346.04 W, 50
2026/09/23 20:08:50.037, NVIDIA GeForce RTX 5090, 32607 MiB, 28846 MiB, 3342 MiB, 99 %, 341.62 W, 50
2026/09/23 20:08:55.039, NVIDIA GeForce RTX 5090, 32607 MiB, 28846 MiB, 3342 MiB, 99 %, 339.86 W, 50
2026/09/23 20:09:00.049, NVIDIA GeForce RTX 5090, 32607 MiB, 28846 MiB, 3342 MiB, 99 %, 336.39 W, 51
2026/09/23 20:09:05.056, NVIDIA GeForce RTX 5090, 32607 MiB, 28846 MiB, 3342 MiB, 99 %, 334.40 W, 50
2026/09/23 20:09:10.064, NVIDIA GeForce RTX 5090, 32607 MiB, 28846 MiB, 3342 MiB, 99 %, 390.62 W, 52
2026/09/23 20:09:15.071, NVIDIA GeForce RTX 5090, 32607 MiB, 28846 MiB, 3342 MiB, 99 %, 385.78 W, 52
2026/09/23 20:09:20.074, NVIDIA GeForce RTX 5090, 32607 MiB, 28846 MiB, 3342 MiB, 99 %, 380.03 W, 52
2026/09/23 20:09:25.086, NVIDIA GeForce RTX 5090, 32607 MiB, 28846 MiB, 3342 MiB, 99 %, 376.18 W, 52
2026/09/23 20:09:30.100, NVIDIA GeForce RTX 5090, 32607 MiB, 28846 MiB, 3342 MiB, 99 %, 371.27 W, 53
2026/09/23 20:09:35.106, NVIDIA GeForce RTX 5090, 32607 MiB, 28846 MiB, 3342 MiB, 99 %, 367.02 W, 53
2026/09/23 20:09:40.120, NVIDIA GeForce RTX 5090, 32607 MiB, 28846 MiB, 3342 MiB, 99 %, 364.10 W, 53
2026/09/23 20:09:45.134, NVIDIA GeForce RTX 5090, 32607 MiB, 28846 MiB, 3342 MiB, 99 %, 360.29 W, 53
2026/09/23 20:09:50.139, NVIDIA GeForce RTX 5090, 32607 MiB, 28846 MiB, 3342 MiB, 99 %, 357.27 W, 53
2026/09/23 20:09:55.154, NVIDIA GeForce RTX 5090, 32607 MiB, 28846 MiB, 3342 MiB, 99 %, 353.91 W, 53
2026/09/23 20:10:00.166, NVIDIA GeForce RTX 5090, 32607 MiB, 28846 MiB, 3342 MiB, 99 %, 350.06 W, 53
2026/09/23 20:10:05.173, NVIDIA GeForce RTX 5090, 32607 MiB, 28846 MiB, 3342 MiB, 99 %, 346.61 W, 53
2026/09/23 20:10:10.176, NVIDIA GeForce RTX 5090, 32607 MiB, 28846 MiB, 3342 MiB, 99 %, 343.14 W, 53
2026/09/23 20:10:15.186, NVIDIA GeForce RTX 5090, 32607 MiB, 28846 MiB, 3342 MiB, 99 %, 341.26 W, 53
2026/09/23 20:10:20.201, NVIDIA GeForce RTX 5090, 32607 MiB, 28846 MiB, 3342 MiB, 99 %, 339.05 W, 53
2026/09/23 20:10:25.212, NVIDIA GeForce RTX 5090, 32607 MiB, 28846 MiB, 3342 MiB, 99 %, 395.15 W, 55
2026/09/23 20:10:30.219, NVIDIA GeForce RTX 5090, 32607 MiB, 28846 MiB, 3342 MiB, 99 %, 389.37 W, 55
2026/09/23 20:10:35.222, NVIDIA GeForce RTX 5090, 32607 MiB, 28846 MiB, 3342 MiB, 99 %, 383.25 W, 55
2026/09/23 20:10:40.224, NVIDIA GeForce RTX 5090, 32607 MiB, 28846 MiB, 3342 MiB, 99 %, 378.62 W, 54
2026/09/23 20:10:45.239, NVIDIA GeForce RTX 5090, 32607 MiB, 28846 MiB, 3342 MiB, 99 %, 374.14 W, 54
2026/09/23 20:10:50.255, NVIDIA GeForce RTX 5090, 32607 MiB, 28846 MiB, 3342 MiB, 99 %, 369.80 W, 54
2026/09/23 20:10:55.267, NVIDIA GeForce RTX 5090, 32607 MiB, 28846 MiB, 3342 MiB, 99 %, 366.19 W, 54
2026/09/23 20:11:00.272, NVIDIA GeForce RTX 5090, 32607 MiB, 28846 MiB, 3342 MiB, 99 %, 362.08 W, 54
2026/09/23 20:11:05.274, NVIDIA GeForce RTX 5090, 32607 MiB, 28846 MiB, 3342 MiB, 99 %, 359.01 W, 54
2026/09/23 20:11:10.275, NVIDIA GeForce RTX 5090, 32607 MiB, 28846 MiB, 3342 MiB, 99 %, 355.77 W, 54
2026/09/23 20:11:15.278, NVIDIA GeForce RTX 5090, 32607 MiB, 28846 MiB, 3342 MiB, 99 %, 353.54 W, 54
2026/09/23 20:11:20.294, NVIDIA GeForce RTX 5090, 32607 MiB, 28846 MiB, 3342 MiB, 99 %, 349.60 W, 54
2026/09/23 20:11:25.306, NVIDIA GeForce RTX 5090, 32607 MiB, 28846 MiB, 3342 MiB, 99 %, 345.97 W, 54
2026/09/23 20:11:30.316, NVIDIA GeForce RTX 5090, 32607 MiB, 28846 MiB, 3342 MiB, 99 %, 343.09 W, 54
2026/09/23 20:11:35.317, NVIDIA GeForce RTX 5090, 32607 MiB, 28846 MiB, 3342 MiB, 99 %, 340.16 W, 54
2026/09/23 20:11:40.318, NVIDIA GeForce RTX 5090, 32607 MiB, 28846 MiB, 3342 MiB, 99 %, 355.73 W, 55
2026/09/23 20:11:45.324, NVIDIA GeForce RTX 5090, 32607 MiB, 28846 MiB, 3342 MiB, 99 %, 395.12 W, 55
2026/09/23 20:11:50.337, NVIDIA GeForce RTX 5090, 32607 MiB, 28846 MiB, 3342 MiB, 99 %, 388.72 W, 55
2026/09/23 20:11:55.339, NVIDIA GeForce RTX 5090, 32607 MiB, 28846 MiB, 3342 MiB, 99 %, 384.02 W, 56
2026/09/23 20:12:00.351, NVIDIA GeForce RTX 5090, 32607 MiB, 28846 MiB, 3342 MiB, 99 %, 392.58 W, 56
2026/09/23 20:12:05.359, NVIDIA GeForce RTX 5090, 32607 MiB, 28846 MiB, 3342 MiB, 99 %, 386.05 W, 56
2026/09/23 20:12:10.368, NVIDIA GeForce RTX 5090, 32607 MiB, 28846 MiB, 3342 MiB, 99 %, 395.18 W, 56
2026/09/23 20:12:15.381, NVIDIA GeForce RTX 5090, 32607 MiB, 28846 MiB, 3342 MiB, 99 %, 389.97 W, 56
2026/09/23 20:12:20.394, NVIDIA GeForce RTX 5090, 32607 MiB, 28846 MiB, 3342 MiB, 99 %, 389.58 W, 56
2026/09/23 20:12:25.407, NVIDIA GeForce RTX 5090, 32607 MiB, 28846 MiB, 3342 MiB, 99 %, 397.35 W, 56
2026/09/23 20:12:30.411, NVIDIA GeForce RTX 5090, 32607 MiB, 28846 MiB, 3342 MiB, 0 %, 99.49 W, 48
2026/09/23 20:12:35.416, NVIDIA GeForce RTX 5090, 32607 MiB, 28846 MiB, 3342 MiB, 0 %, 40.35 W, 45
2026/09/23 20:12:40.429, NVIDIA GeForce RTX 5090, 32607 MiB, 28846 MiB, 3342 MiB, 0 %, 19.29 W, 45
2026/09/23 20:12:45.442, NVIDIA GeForce RTX 5090, 32607 MiB, 28846 MiB, 3342 MiB, 0 %, 18.50 W, 45
2026/09/23 20:12:50.445, NVIDIA GeForce RTX 5090, 32607 MiB, 28846 MiB, 3342 MiB, 0 %, 18.95 W, 44
2026/09/23 20:12:55.452, NVIDIA GeForce RTX 5090, 32607 MiB, 28846 MiB, 3342 MiB, 0 %, 18.46 W, 43
2026/09/23 20:13:00.462, NVIDIA GeForce RTX 5090, 32607 MiB, 28846 MiB, 3342 MiB, 0 %, 18.54 W, 42
2026/09/23 20:13:05.467, NVIDIA GeForce RTX 5090, 32607 MiB, 28846 MiB, 3342 MiB, 0 %, 18.15 W, 42
2026/09/23 20:13:10.470, NVIDIA GeForce RTX 5090, 32607 MiB, 28846 MiB, 3342 MiB, 0 %, 18.37 W, 41
2026/09/23 20:13:15.476, NVIDIA GeForce RTX 5090, 32607 MiB, 28846 MiB, 3342 MiB, 0 %, 18.38 W, 41
2026/09/23 20:13:20.491, NVIDIA GeForce RTX 5090, 32607 MiB, 28846 MiB, 3342 MiB, 0 %, 18.23 W, 40
2026/09/23 20:13:25.504, NVIDIA GeForce RTX 5090, 32607 MiB, 28846 MiB, 3342 MiB, 0 %, 18.26 W, 40
2026/09/23 20:13:30.514, NVIDIA GeForce RTX 5090, 32607 MiB, 28846 MiB, 3342 MiB, 0 %, 18.02 W, 39
2026/09/23 20:13:35.524, NVIDIA GeForce RTX 5090, 32607 MiB, 28846 MiB, 3342 MiB, 0 %, 17.83 W, 39
2026/09/23 20:13:40.527, NVIDIA GeForce RTX 5090, 32607 MiB, 28846 MiB, 3342 MiB, 0 %, 18.18 W, 39
2026/09/23 20:13:45.534, NVIDIA GeForce RTX 5090, 32607 MiB, 28846 MiB, 3342 MiB, 0 %, 17.91 W, 38
2026/09/23 20:13:50.547, NVIDIA GeForce RTX 5090, 32607 MiB, 28846 MiB, 3342 MiB, 0 %, 18.21 W, 38
2026/09/23 20:13:55.558, NVIDIA GeForce RTX 5090, 32607 MiB, 28846 MiB, 3342 MiB, 0 %, 18.28 W, 38
2026/09/23 20:14:00.574, NVIDIA GeForce RTX 5090, 32607 MiB, 28846 MiB, 3342 MiB, 0 %, 17.89 W, 37
2026/09/23 20:14:05.576, NVIDIA GeForce RTX 5090, 32607 MiB, 28846 MiB, 3342 MiB, 0 %, 18.03 W, 37
2026/09/23 20:14:10.588, NVIDIA GeForce RTX 5090, 32607 MiB, 28846 MiB, 3342 MiB, 0 %, 17.96 W, 37
2026/09/23 20:14:15.603, NVIDIA GeForce RTX 5090, 32607 MiB, 28846 MiB, 3342 MiB, 0 %, 17.76 W, 36
2026/09/23 20:14:20.611, NVIDIA GeForce RTX 5090, 32607 MiB, 28846 MiB, 3342 MiB, 0 %, 95.41 W, 39
2026/09/23 20:14:25.623, NVIDIA GeForce RTX 5090, 32607 MiB, 28846 MiB, 3342 MiB, 0 %, 19.32 W, 36
2026/09/23 20:14:30.632, NVIDIA GeForce RTX 5090, 32607 MiB, 28846 MiB, 3342 MiB, 98 %, 455.22 W, 49
2026/09/23 20:14:35.639, NVIDIA GeForce RTX 5090, 32607 MiB, 28846 MiB, 3342 MiB, 98 %, 465.11 W, 54
2026/09/23 20:14:40.647, NVIDIA GeForce RTX 5090, 32607 MiB, 28846 MiB, 3342 MiB, 98 %, 463.19 W, 54
2026/09/23 20:14:45.660, NVIDIA GeForce RTX 5090, 32607 MiB, 28846 MiB, 3342 MiB, 98 %, 438.70 W, 54
2026/09/23 20:14:50.660, NVIDIA GeForce RTX 5090, 32607 MiB, 28846 MiB, 3342 MiB, 98 %, 424.69 W, 49
2026/09/23 20:14:55.666, NVIDIA GeForce RTX 5090, 32607 MiB, 28846 MiB, 3342 MiB, 99 %, 429.86 W, 50
2026/09/23 20:15:00.676, NVIDIA GeForce RTX 5090, 32607 MiB, 28846 MiB, 3342 MiB, 99 %, 443.76 W, 52
2026/09/23 20:15:05.688, NVIDIA GeForce RTX 5090, 32607 MiB, 28846 MiB, 3342 MiB, 98 %, 465.99 W, 56
2026/09/23 20:15:10.701, NVIDIA GeForce RTX 5090, 32607 MiB, 28846 MiB, 3342 MiB, 98 %, 461.78 W, 58
2026/09/23 20:15:15.716, NVIDIA GeForce RTX 5090, 32607 MiB, 28846 MiB, 3342 MiB, 96 %, 438.61 W, 57
2026/09/23 20:15:20.721, NVIDIA GeForce RTX 5090, 32607 MiB, 28846 MiB, 3342 MiB, 99 %, 425.94 W, 52
2026/09/23 20:15:25.722, NVIDIA GeForce RTX 5090, 32607 MiB, 28846 MiB, 3342 MiB, 99 %, 445.69 W, 53
2026/09/23 20:15:30.728, NVIDIA GeForce RTX 5090, 32607 MiB, 28846 MiB, 3342 MiB, 98 %, 457.67 W, 58
2026/09/23 20:15:35.731, NVIDIA GeForce RTX 5090, 32607 MiB, 28846 MiB, 3342 MiB, 98 %, 454.22 W, 59
2026/09/23 20:15:40.733, NVIDIA GeForce RTX 5090, 32607 MiB, 28846 MiB, 3342 MiB, 97 %, 429.79 W, 58
2026/09/23 20:15:45.744, NVIDIA GeForce RTX 5090, 32607 MiB, 28846 MiB, 3342 MiB, 0 %, 43.80 W, 43
2026/09/23 20:15:50.746, NVIDIA GeForce RTX 5090, 32607 MiB, 28846 MiB, 3342 MiB, 0 %, 18.67 W, 42
2026/09/23 20:15:55.749, NVIDIA GeForce RTX 5090, 32607 MiB, 28846 MiB, 3342 MiB, 0 %, 18.31 W, 42
2026/09/23 20:16:00.754, NVIDIA GeForce RTX 5090, 32607 MiB, 28846 MiB, 3342 MiB, 0 %, 18.20 W, 42
2026/09/23 20:16:05.767, NVIDIA GeForce RTX 5090, 32607 MiB, 28846 MiB, 3342 MiB, 0 %, 18.38 W, 41
2026/09/23 20:16:10.772, NVIDIA GeForce RTX 5090, 32607 MiB, 28846 MiB, 3342 MiB, 0 %, 18.23 W, 41
2026/09/23 20:16:15.775, NVIDIA GeForce RTX 5090, 32607 MiB, 28846 MiB, 3342 MiB, 0 %, 18.54 W, 40
2026/09/23 20:16:20.785, NVIDIA GeForce RTX 5090, 32607 MiB, 28846 MiB, 3342 MiB, 0 %, 18.00 W, 39
2026/09/23 20:16:25.799, NVIDIA GeForce RTX 5090, 32607 MiB, 28846 MiB, 3342 MiB, 0 %, 18.16 W, 39
2026/09/23 20:16:30.812, NVIDIA GeForce RTX 5090, 32607 MiB, 28846 MiB, 3342 MiB, 0 %, 18.23 W, 39
2026/09/23 20:16:35.827, NVIDIA GeForce RTX 5090, 32607 MiB, 28846 MiB, 3342 MiB, 0 %, 18.24 W, 38
2026/09/23 20:16:40.840, NVIDIA GeForce RTX 5090, 32607 MiB, 28846 MiB, 3342 MiB, 0 %, 17.93 W, 38
2026/09/23 20:16:45.854, NVIDIA GeForce RTX 5090, 32607 MiB, 28846 MiB, 3342 MiB, 0 %, 18.14 W, 38
2026/09/23 20:16:50.870, NVIDIA GeForce RTX 5090, 32607 MiB, 28846 MiB, 3342 MiB, 0 %, 18.28 W, 37
2026/09/23 20:16:55.874, NVIDIA GeForce RTX 5090, 32607 MiB, 28846 MiB, 3342 MiB, 0 %, 17.92 W, 37
2026/09/23 20:17:00.877, NVIDIA GeForce RTX 5090, 32607 MiB, 28846 MiB, 3342 MiB, 0 %, 18.09 W, 37
2026/09/23 20:17:05.879, NVIDIA GeForce RTX 5090, 32607 MiB, 28846 MiB, 3342 MiB, 0 %, 18.18 W, 36
2026/09/23 20:17:10.884, NVIDIA GeForce RTX 5090, 32607 MiB, 28846 MiB, 3342 MiB, 0 %, 17.98 W, 36
2026/09/23 20:17:15.892, NVIDIA GeForce RTX 5090, 32607 MiB, 28846 MiB, 3342 MiB, 0 %, 17.98 W, 36
2026/09/23 20:17:20.904, NVIDIA GeForce RTX 5090, 32607 MiB, 28846 MiB, 3342 MiB, 0 %, 17.84 W, 35
2026/09/23 20:17:25.909, NVIDIA GeForce RTX 5090, 32607 MiB, 28846 MiB, 3342 MiB, 0 %, 17.84 W, 35
2026/09/23 20:17:30.923, NVIDIA GeForce RTX 5090, 32607 MiB, 28846 MiB, 3342 MiB, 0 %, 17.93 W, 35
2026/09/23 20:17:35.928, NVIDIA GeForce RTX 5090, 32607 MiB, 28846 MiB, 3342 MiB, 0 %, 17.89 W, 35
2026/09/23 20:17:40.931, NVIDIA GeForce RTX 5090, 32607 MiB, 28846 MiB, 3342 MiB, 0 %, 17.94 W, 34
2026/09/23 20:17:45.940, NVIDIA GeForce RTX 5090, 32607 MiB, 28846 MiB, 3342 MiB, 0 %, 18.30 W, 34
2026/09/23 20:17:50.943, NVIDIA GeForce RTX 5090, 32607 MiB, 28846 MiB, 3342 MiB, 0 %, 17.90 W, 34
2026/09/23 20:17:55.951, NVIDIA GeForce RTX 5090, 32607 MiB, 28846 MiB, 3342 MiB, 0 %, 18.01 W, 34
2026/09/23 20:18:00.960, NVIDIA GeForce RTX 5090, 32607 MiB, 28846 MiB, 3342 MiB, 0 %, 17.85 W, 34
2026/09/23 20:18:05.963, NVIDIA GeForce RTX 5090, 32607 MiB, 28846 MiB, 3342 MiB, 0 %, 17.95 W, 33
2026/09/23 20:18:10.975, NVIDIA GeForce RTX 5090, 32607 MiB, 28846 MiB, 3342 MiB, 0 %, 18.13 W, 33
2026/09/23 20:18:15.988, NVIDIA GeForce RTX 5090, 32607 MiB, 28846 MiB, 3342 MiB, 0 %, 18.33 W, 33
2026/09/23 20:18:20.991, NVIDIA GeForce RTX 5090, 32607 MiB, 28846 MiB, 3342 MiB, 0 %, 17.71 W, 33
2026/09/23 20:18:26.006, NVIDIA GeForce RTX 5090, 32607 MiB, 28846 MiB, 3342 MiB, 0 %, 13.23 W, 34
2026/09/23 20:18:31.010, NVIDIA GeForce RTX 5090, 32607 MiB, 28846 MiB, 3342 MiB, 0 %, 13.38 W, 34
2026/09/23 20:18:36.021, NVIDIA GeForce RTX 5090, 32607 MiB, 28846 MiB, 3342 MiB, 0 %, 12.92 W, 34
2026/09/23 20:18:41.035, NVIDIA GeForce RTX 5090, 32607 MiB, 28846 MiB, 3342 MiB, 0 %, 13.23 W, 34
2026/09/23 20:18:46.045, NVIDIA GeForce RTX 5090, 32607 MiB, 28846 MiB, 3342 MiB, 0 %, 13.30 W, 34
2026/09/23 20:18:51.059, NVIDIA GeForce RTX 5090, 32607 MiB, 28846 MiB, 3342 MiB, 0 %, 13.10 W, 34
2026/09/23 20:18:56.075, NVIDIA GeForce RTX 5090, 32607 MiB, 28846 MiB, 3342 MiB, 98 %, 408.43 W, 62
2026/09/23 20:19:01.082, NVIDIA GeForce RTX 5090, 32607 MiB, 28846 MiB, 3342 MiB, 99 %, 460.06 W, 66
2026/09/23 20:19:06.092, NVIDIA GeForce RTX 5090, 32607 MiB, 28846 MiB, 3342 MiB, 0 %, 45.76 W, 35
2026/09/23 20:19:11.105, NVIDIA GeForce RTX 5090, 32607 MiB, 28846 MiB, 3342 MiB, 0 %, 25.22 W, 33
2026/09/23 20:19:16.119, NVIDIA GeForce RTX 5090, 32607 MiB, 28846 MiB, 3342 MiB, 0 %, 17.97 W, 33
2026/09/23 20:19:21.126, NVIDIA GeForce RTX 5090, 32607 MiB, 28846 MiB, 3342 MiB, 0 %, 18.15 W, 34
2026/09/23 20:19:26.134, NVIDIA GeForce RTX 5090, 32607 MiB, 28846 MiB, 3342 MiB, 0 %, 17.98 W, 34
2026/09/23 20:19:31.134, NVIDIA GeForce RTX 5090, 32607 MiB, 28846 MiB, 3342 MiB, 0 %, 17.90 W, 34
2026/09/23 20:19:36.141, NVIDIA GeForce RTX 5090, 32607 MiB, 28846 MiB, 3342 MiB, 0 %, 18.07 W, 33
2026/09/23 20:19:41.146, NVIDIA GeForce RTX 5090, 32607 MiB, 28846 MiB, 3342 MiB, 0 %, 18.02 W, 33
2026/09/23 20:19:46.155, NVIDIA GeForce RTX 5090, 32607 MiB, 28846 MiB, 3342 MiB, 0 %, 18.01 W, 33
2026/09/23 20:19:51.169, NVIDIA GeForce RTX 5090, 32607 MiB, 28846 MiB, 3342 MiB, 0 %, 17.23 W, 33
2026/09/23 20:19:56.172, NVIDIA GeForce RTX 5090, 32607 MiB, 28846 MiB, 3342 MiB, 0 %, 13.14 W, 34
2026/09/23 20:20:01.185, NVIDIA GeForce RTX 5090, 32607 MiB, 28846 MiB, 3342 MiB, 0 %, 13.20 W, 34
2026/09/23 20:20:06.198, NVIDIA GeForce RTX 5090, 32607 MiB, 28846 MiB, 3342 MiB, 0 %, 13.31 W, 34
2026/09/23 20:20:11.210, NVIDIA GeForce RTX 5090, 32607 MiB, 28846 MiB, 3342 MiB, 0 %, 12.97 W, 34
2026/09/23 20:20:16.220, NVIDIA GeForce RTX 5090, 32607 MiB, 28846 MiB, 3342 MiB, 98 %, 417.94 W, 61
2026/09/23 20:20:21.231, NVIDIA GeForce RTX 5090, 32607 MiB, 28846 MiB, 3342 MiB, 98 %, 424.04 W, 64
2026/09/23 20:20:26.241, NVIDIA GeForce RTX 5090, 32607 MiB, 28846 MiB, 3342 MiB, 96 %, 347.74 W, 50
2026/09/23 20:20:31.243, NVIDIA GeForce RTX 5090, 32607 MiB, 28846 MiB, 3342 MiB, 98 %, 478.03 W, 51
2026/09/23 20:20:36.244, NVIDIA GeForce RTX 5090, 32607 MiB, 28846 MiB, 3342 MiB, 99 %, 361.70 W, 44
2026/09/23 20:20:41.248, NVIDIA GeForce RTX 5090, 32607 MiB, 28846 MiB, 3342 MiB, 99 %, 387.31 W, 45
2026/09/23 20:20:46.256, NVIDIA GeForce RTX 5090, 32607 MiB, 28846 MiB, 3342 MiB, 99 %, 390.57 W, 46
2026/09/23 20:20:51.260, NVIDIA GeForce RTX 5090, 32607 MiB, 28846 MiB, 3342 MiB, 99 %, 388.43 W, 47
2026/09/23 20:20:56.271, NVIDIA GeForce RTX 5090, 32607 MiB, 28846 MiB, 3342 MiB, 96 %, 345.83 W, 52
2026/09/23 20:21:01.286, NVIDIA GeForce RTX 5090, 32607 MiB, 28846 MiB, 3342 MiB, 99 %, 331.87 W, 47
2026/09/23 20:21:06.298, NVIDIA GeForce RTX 5090, 32607 MiB, 28846 MiB, 3342 MiB, 93 %, 464.56 W, 50
2026/09/23 20:21:11.300, NVIDIA GeForce RTX 5090, 32607 MiB, 28846 MiB, 3342 MiB, 92 %, 455.24 W, 51
2026/09/23 20:21:16.302, NVIDIA GeForce RTX 5090, 32607 MiB, 28846 MiB, 3342 MiB, 99 %, 470.86 W, 56
2026/09/23 20:21:21.315, NVIDIA GeForce RTX 5090, 32607 MiB, 28846 MiB, 3342 MiB, 99 %, 423.08 W, 56
2026/09/23 20:21:26.329, NVIDIA GeForce RTX 5090, 32607 MiB, 28846 MiB, 3342 MiB, 99 %, 459.94 W, 58
2026/09/23 20:21:31.337, NVIDIA GeForce RTX 5090, 32607 MiB, 28846 MiB, 3342 MiB, 99 %, 459.92 W, 57
2026/09/23 20:21:36.343, NVIDIA GeForce RTX 5090, 32607 MiB, 28846 MiB, 3342 MiB, 99 %, 459.71 W, 57
2026/09/23 20:21:41.358, NVIDIA GeForce RTX 5090, 32607 MiB, 28846 MiB, 3342 MiB, 98 %, 314.14 W, 56
2026/09/23 20:21:46.362, NVIDIA GeForce RTX 5090, 32607 MiB, 28846 MiB, 3342 MiB, 99 %, 460.06 W, 59
2026/09/23 20:21:51.377, NVIDIA GeForce RTX 5090, 32607 MiB, 28846 MiB, 3342 MiB, 98 %, 459.92 W, 59
2026/09/23 20:21:56.385, NVIDIA GeForce RTX 5090, 32607 MiB, 28846 MiB, 3342 MiB, 99 %, 459.72 W, 57
2026/09/23 20:22:01.386, NVIDIA GeForce RTX 5090, 32607 MiB, 28846 MiB, 3342 MiB, 100 %, 341.05 W, 51
2026/09/23 20:22:06.393, NVIDIA GeForce RTX 5090, 32607 MiB, 28846 MiB, 3342 MiB, 99 %, 459.89 W, 59
2026/09/23 20:22:11.400, NVIDIA GeForce RTX 5090, 32607 MiB, 28846 MiB, 3342 MiB, 99 %, 459.56 W, 58
2026/09/23 20:22:16.408, NVIDIA GeForce RTX 5090, 32607 MiB, 28846 MiB, 3342 MiB, 100 %, 265.05 W, 50
2026/09/23 20:22:21.424, NVIDIA GeForce RTX 5090, 32607 MiB, 28846 MiB, 3342 MiB, 99 %, 460.06 W, 60
2026/09/23 20:22:26.438, NVIDIA GeForce RTX 5090, 32607 MiB, 28846 MiB, 3342 MiB, 99 %, 459.80 W, 60
2026/09/23 20:22:31.453, NVIDIA GeForce RTX 5090, 32607 MiB, 28846 MiB, 3342 MiB, 100 %, 326.31 W, 51
2026/09/23 20:22:36.464, NVIDIA GeForce RTX 5090, 32607 MiB, 28846 MiB, 3342 MiB, 99 %, 460.03 W, 60
2026/09/23 20:22:41.478, NVIDIA GeForce RTX 5090, 32607 MiB, 28846 MiB, 3342 MiB, 99 %, 459.81 W, 60
2026/09/23 20:22:46.489, NVIDIA GeForce RTX 5090, 32607 MiB, 28846 MiB, 3342 MiB, 99 %, 385.69 W, 53
2026/09/23 20:22:51.495, NVIDIA GeForce RTX 5090, 32607 MiB, 28846 MiB, 3342 MiB, 99 %, 459.71 W, 61
2026/09/23 20:22:56.501, NVIDIA GeForce RTX 5090, 32607 MiB, 28846 MiB, 3342 MiB, 98 %, 397.85 W, 60
2026/09/23 20:23:01.515, NVIDIA GeForce RTX 5090, 32607 MiB, 28846 MiB, 3342 MiB, 99 %, 459.77 W, 61
2026/09/23 20:23:06.516, NVIDIA GeForce RTX 5090, 32607 MiB, 28846 MiB, 3342 MiB, 98 %, 459.95 W, 61
2026/09/23 20:23:11.529, NVIDIA GeForce RTX 5090, 32607 MiB, 28846 MiB, 3342 MiB, 99 %, 459.85 W, 61
2026/09/23 20:23:16.537, NVIDIA GeForce RTX 5090, 32607 MiB, 28846 MiB, 3342 MiB, 100 %, 307.29 W, 53
2026/09/23 20:23:21.553, NVIDIA GeForce RTX 5090, 32607 MiB, 28846 MiB, 3342 MiB, 99 %, 459.90 W, 61
2026/09/23 20:23:26.569, NVIDIA GeForce RTX 5090, 32607 MiB, 28846 MiB, 3342 MiB, 99 %, 459.85 W, 61
2026/09/23 20:23:31.577, NVIDIA GeForce RTX 5090, 32607 MiB, 28846 MiB, 3342 MiB, 100 %, 272.96 W, 53
2026/09/23 20:23:36.593, NVIDIA GeForce RTX 5090, 32607 MiB, 28846 MiB, 3342 MiB, 99 %, 459.86 W, 62
2026/09/23 20:23:41.605, NVIDIA GeForce RTX 5090, 32607 MiB, 28846 MiB, 3342 MiB, 100 %, 267.15 W, 52
2026/09/23 20:23:46.606, NVIDIA GeForce RTX 5090, 32607 MiB, 28846 MiB, 3342 MiB, 99 %, 459.98 W, 62
2026/09/23 20:23:51.613, NVIDIA GeForce RTX 5090, 32607 MiB, 28846 MiB, 3342 MiB, 98 %, 399.11 W, 61
2026/09/23 20:23:56.615, NVIDIA GeForce RTX 5090, 32607 MiB, 28846 MiB, 3342 MiB, 99 %, 459.91 W, 62
2026/09/23 20:24:01.616, NVIDIA GeForce RTX 5090, 32607 MiB, 28846 MiB, 3342 MiB, 99 %, 474.07 W, 61
2026/09/23 20:24:06.630, NVIDIA GeForce RTX 5090, 32607 MiB, 28846 MiB, 3342 MiB, 99 %, 452.18 W, 56
2026/09/23 20:24:11.631, NVIDIA GeForce RTX 5090, 32607 MiB, 28846 MiB, 3342 MiB, 99 %, 460.01 W, 61
2026/09/23 20:24:16.641, NVIDIA GeForce RTX 5090, 32607 MiB, 28846 MiB, 3342 MiB, 100 %, 373.34 W, 53
2026/09/23 20:24:21.649, NVIDIA GeForce RTX 5090, 32607 MiB, 28846 MiB, 3342 MiB, 99 %, 459.80 W, 61
2026/09/23 20:24:26.652, NVIDIA GeForce RTX 5090, 32607 MiB, 28846 MiB, 3342 MiB, 100 %, 274.62 W, 53
2026/09/23 20:24:31.659, NVIDIA GeForce RTX 5090, 32607 MiB, 28846 MiB, 3342 MiB, 99 %, 459.93 W, 62
2026/09/23 20:24:36.674, NVIDIA GeForce RTX 5090, 32607 MiB, 28846 MiB, 3342 MiB, 99 %, 267.06 W, 53
2026/09/23 20:24:41.686, NVIDIA GeForce RTX 5090, 32607 MiB, 28846 MiB, 3342 MiB, 99 %, 460.00 W, 62
2026/09/23 20:24:46.688, NVIDIA GeForce RTX 5090, 32607 MiB, 28846 MiB, 3342 MiB, 99 %, 459.77 W, 62
2026/09/23 20:24:51.700, NVIDIA GeForce RTX 5090, 32607 MiB, 28846 MiB, 3342 MiB, 100 %, 350.18 W, 53
2026/09/23 20:24:56.707, NVIDIA GeForce RTX 5090, 32607 MiB, 28846 MiB, 3342 MiB, 99 %, 459.95 W, 62
2026/09/23 20:25:01.715, NVIDIA GeForce RTX 5090, 32607 MiB, 28846 MiB, 3342 MiB, 99 %, 267.12 W, 53
2026/09/23 20:25:06.720, NVIDIA GeForce RTX 5090, 32607 MiB, 28846 MiB, 3342 MiB, 99 %, 459.96 W, 62
2026/09/23 20:25:11.736, NVIDIA GeForce RTX 5090, 32607 MiB, 28846 MiB, 3342 MiB, 99 %, 459.85 W, 61
2026/09/23 20:25:16.737, NVIDIA GeForce RTX 5090, 32607 MiB, 28846 MiB, 3342 MiB, 100 %, 389.84 W, 54
2026/09/23 20:25:21.742, NVIDIA GeForce RTX 5090, 32607 MiB, 28846 MiB, 3342 MiB, 0 %, 41.62 W, 46
2026/09/23 20:25:26.749, NVIDIA GeForce RTX 5090, 32607 MiB, 28846 MiB, 3342 MiB, 0 %, 37.50 W, 45
2026/09/23 20:25:31.762, NVIDIA GeForce RTX 5090, 32607 MiB, 28846 MiB, 3342 MiB, 0 %, 18.67 W, 44
2026/09/23 20:25:36.770, NVIDIA GeForce RTX 5090, 32607 MiB, 28846 MiB, 3342 MiB, 0 %, 18.46 W, 44
2026/09/23 20:25:41.785, NVIDIA GeForce RTX 5090, 32607 MiB, 28846 MiB, 3342 MiB, 0 %, 18.24 W, 43
2026/09/23 20:25:46.788, NVIDIA GeForce RTX 5090, 32607 MiB, 28846 MiB, 3342 MiB, 0 %, 18.32 W, 42
2026/09/23 20:25:51.794, NVIDIA GeForce RTX 5090, 32607 MiB, 28846 MiB, 3342 MiB, 0 %, 18.13 W, 42
2026/09/23 20:25:56.808, NVIDIA GeForce RTX 5090, 32607 MiB, 28846 MiB, 3342 MiB, 0 %, 17.81 W, 41
2026/09/23 20:26:01.809, NVIDIA GeForce RTX 5090, 32607 MiB, 28846 MiB, 3342 MiB, 0 %, 18.12 W, 41
2026/09/23 20:26:06.817, NVIDIA GeForce RTX 5090, 32607 MiB, 28846 MiB, 3342 MiB, 0 %, 18.21 W, 40
2026/09/23 20:26:11.829, NVIDIA GeForce RTX 5090, 32607 MiB, 28846 MiB, 3342 MiB, 0 %, 18.11 W, 40
2026/09/23 20:26:16.844, NVIDIA GeForce RTX 5090, 32607 MiB, 28846 MiB, 3342 MiB, 0 %, 18.32 W, 39
202