{
  "chars": 42.496212121212125,
  "chars:std": 178.85289292847435,
  "score": 0.6571969696969697,
  "score:std": 0.47464630275405073
}