timestamp, name, memory.total [MiB], memory.used [MiB], memory.free [MiB], utilization.gpu [%], power.draw [W], temperature.gpu
2026/09/23 21:19:46.681, NVIDIA GeForce RTX 5090, 32607 MiB, 23 MiB, 32165 MiB, 0 %, 25.99 W, 30
2026/09/23 21:19:51.691, NVIDIA GeForce RTX 5090, 32607 MiB, 23 MiB, 32165 MiB, 0 %, 13.11 W, 29
2026/09/23 21:19:56.695, NVIDIA GeForce RTX 5090, 32607 MiB, 23 MiB, 32165 MiB, 0 %, 13.00 W, 29
2026/09/23 21:20:01.699, NVIDIA GeForce RTX 5090, 32607 MiB, 23 MiB, 32165 MiB, 0 %, 12.86 W, 29
2026/09/23 21:20:06.704, NVIDIA GeForce RTX 5090, 32607 MiB, 23 MiB, 32165 MiB, 0 %, 12.96 W, 29
2026/09/23 21:20:11.718, NVIDIA GeForce RTX 5090, 32607 MiB, 23 MiB, 32165 MiB, 0 %, 13.05 W, 29
2026/09/23 21:20:16.730, NVIDIA GeForce RTX 5090, 32607 MiB, 23 MiB, 32165 MiB, 0 %, 13.14 W, 29
2026/09/23 21:20:21.743, NVIDIA GeForce RTX 5090, 32607 MiB, 23 MiB, 32165 MiB, 0 %, 13.30 W, 29
2026/09/23 21:20:26.759, NVIDIA GeForce RTX 5090, 32607 MiB, 23 MiB, 32165 MiB, 0 %, 12.98 W, 29
2026/09/23 21:20:31.771, NVIDIA GeForce RTX 5090, 32607 MiB, 23 MiB, 32165 MiB, 0 %, 12.90 W, 29
2026/09/23 21:20:36.786, NVIDIA GeForce RTX 5090, 32607 MiB, 23 MiB, 32165 MiB, 0 %, 13.17 W, 29
2026/09/23 21:20:41.788, NVIDIA GeForce RTX 5090, 32607 MiB, 23 MiB, 32165 MiB, 0 %, 12.99 W, 29
2026/09/23 21:20:46.803, NVIDIA GeForce RTX 5090, 32607 MiB, 23 MiB, 32165 MiB, 0 %, 13.22 W, 29
2026/09/23 21:20:51.815, NVIDIA GeForce RTX 5090, 32607 MiB, 23 MiB, 32165 MiB, 0 %, 13.25 W, 29
2026/09/23 21:20:56.830, NVIDIA GeForce RTX 5090, 32607 MiB, 23 MiB, 32165 MiB, 0 %, 12.87 W, 29
2026/09/23 21:21:01.835, NVIDIA GeForce RTX 5090, 32607 MiB, 23 MiB, 32165 MiB, 0 %, 12.97 W, 29
2026/09/23 21:21:06.843, NVIDIA GeForce RTX 5090, 32607 MiB, 23 MiB, 32165 MiB, 0 %, 13.18 W, 29
2026/09/23 21:21:11.856, NVIDIA GeForce RTX 5090, 32607 MiB, 23 MiB, 32165 MiB, 0 %, 13.03 W, 29
2026/09/23 21:21:16.861, NVIDIA GeForce RTX 5090, 32607 MiB, 23 MiB, 32165 MiB, 0 %, 13.20 W, 29
2026/09/23 21:21:21.863, NVIDIA GeForce RTX 5090, 32607 MiB, 23 MiB, 32165 MiB, 0 %, 13.27 W, 29
2026/09/23 21:21:26.876, NVIDIA GeForce RTX 5090, 32607 MiB, 23 MiB, 32165 MiB, 0 %, 12.85 W, 29
2026/09/23 21:21:31.888, NVIDIA GeForce RTX 5090, 32607 MiB, 23 MiB, 32165 MiB, 0 %, 13.07 W, 29
2026/09/23 21:21:36.897, NVIDIA GeForce RTX 5090, 32607 MiB, 23 MiB, 32165 MiB, 0 %, 13.02 W, 29
2026/09/23 21:21:41.904, NVIDIA GeForce RTX 5090, 32607 MiB, 23 MiB, 32165 MiB, 0 %, 12.78 W, 29
2026/09/23 21:21:46.911, NVIDIA GeForce RTX 5090, 32607 MiB, 23 MiB, 32165 MiB, 0 %, 13.37 W, 29
2026/09/23 21:21:51.925, NVIDIA GeForce RTX 5090, 32607 MiB, 23 MiB, 32165 MiB, 0 %, 13.20 W, 29
2026/09/23 21:21:56.933, NVIDIA GeForce RTX 5090, 32607 MiB, 23 MiB, 32165 MiB, 0 %, 12.70 W, 29
2026/09/23 21:22:01.939, NVIDIA GeForce RTX 5090, 32607 MiB, 23 MiB, 32165 MiB, 0 %, 12.97 W, 29
2026/09/23 21:22:06.942, NVIDIA GeForce RTX 5090, 32607 MiB, 23 MiB, 32165 MiB, 0 %, 13.05 W, 29
2026/09/23 21:22:11.944, NVIDIA GeForce RTX 5090, 32607 MiB, 23 MiB, 32165 MiB, 0 %, 13.06 W, 29
2026/09/23 21:22:16.958, NVIDIA GeForce RTX 5090, 32607 MiB, 23 MiB, 32165 MiB, 0 %, 13.25 W, 29
2026/09/23 21:22:21.962, NVIDIA GeForce RTX 5090, 32607 MiB, 23 MiB, 32165 MiB, 0 %, 12.98 W, 29
2026/09/23 21:22:26.970, NVIDIA GeForce RTX 5090, 32607 MiB, 23 MiB, 32165 MiB, 0 %, 12.87 W, 29
2026/09/23 21:22:31.985, NVIDIA GeForce RTX 5090, 32607 MiB, 23 MiB, 32165 MiB, 0 %, 13.18 W, 29
2026/09/23 21:22:36.998, NVIDIA GeForce RTX 5090, 32607 MiB, 23 MiB, 32165 MiB, 0 %, 12.98 W, 29
2026/09/23 21:22:42.012, NVIDIA GeForce RTX 5090, 32607 MiB, 23 MiB, 32165 MiB, 0 %, 13.06 W, 29
2026/09/23 21:22:47.019, NVIDIA GeForce RTX 5090, 32607 MiB, 23 MiB, 32165 MiB, 0 %, 13.40 W, 29
2026/09/23 21:22:52.029, NVIDIA GeForce RTX 5090, 32607 MiB, 23 MiB, 32165 MiB, 0 %, 13.39 W, 29
2026/09/23 21:22:57.041, NVIDIA GeForce RTX 5090, 32607 MiB, 23 MiB, 32165 MiB, 0 %, 12.96 W, 29
2026/09/23 21:23:02.056, NVIDIA GeForce RTX 5090, 32607 MiB, 23 MiB, 32165 MiB, 0 %, 13.02 W, 29
2026/09/23 21:23:07.066, NVIDIA GeForce RTX 5090, 32607 MiB, 23 MiB, 32165 MiB, 0 %, 13.21 W, 29
2026/09/23 21:23:12.075, NVIDIA GeForce RTX 5090, 32607 MiB, 23 MiB, 32165 MiB, 0 %, 12.79 W, 29
2026/09/23 21:23:17.079, NVIDIA GeForce RTX 5090, 32607 MiB, 23 MiB, 32165 MiB, 0 %, 14.16 W, 29
2026/09/23 21:23:22.084, NVIDIA GeForce RTX 5090, 32607 MiB, 23 MiB, 32165 MiB, 0 %, 13.10 W, 29
2026/09/23 21:23:27.096, NVIDIA GeForce RTX 5090, 32607 MiB, 23 MiB, 32165 MiB, 0 %, 12.90 W, 29
2026/09/23 21:23:32.097, NVIDIA GeForce RTX 5090, 32607 MiB, 23 MiB, 32165 MiB, 0 %, 13.14 W, 29
2026/09/23 21:23:37.098, NVIDIA GeForce RTX 5090, 32607 MiB, 23 MiB, 32165 MiB, 0 %, 13.49 W, 29
2026/09/23 21:23:42.104, NVIDIA GeForce RTX 5090, 32607 MiB, 680 MiB, 31508 MiB, 0 %, 58.87 W, 32
2026/09/23 21:23:47.120, NVIDIA GeForce RTX 5090, 32607 MiB, 1568 MiB, 30620 MiB, 13 %, 21.93 W, 30
2026/09/23 21:23:52.134, NVIDIA GeForce RTX 5090, 32607 MiB, 23216 MiB, 8972 MiB, 3 %, 35.93 W, 31
2026/09/23 21:23:57.147, NVIDIA GeForce RTX 5090, 32607 MiB, 23216 MiB, 8972 MiB, 31 %, 29.34 W, 30
2026/09/23 21:24:02.163, NVIDIA GeForce RTX 5090, 32607 MiB, 23216 MiB, 8972 MiB, 17 %, 25.17 W, 30
2026/09/23 21:24:07.181, NVIDIA GeForce RTX 5090, 32607 MiB, 23216 MiB, 8972 MiB, 6 %, 15.62 W, 30
2026/09/23 21:24:12.187, NVIDIA GeForce RTX 5090, 32607 MiB, 23216 MiB, 8972 MiB, 9 %, 15.24 W, 29
2026/09/23 21:24:17.191, NVIDIA GeForce RTX 5090, 32607 MiB, 23216 MiB, 8972 MiB, 6 %, 15.44 W, 29
2026/09/23 21:24:22.194, NVIDIA GeForce RTX 5090, 32607 MiB, 23216 MiB, 8972 MiB, 7 %, 15.08 W, 29
2026/09/23 21:24:27.210, NVIDIA GeForce RTX 5090, 32607 MiB, 23216 MiB, 8972 MiB, 6 %, 14.89 W, 29
2026/09/23 21:24:32.221, NVIDIA GeForce RTX 5090, 32607 MiB, 23216 MiB, 8972 MiB, 6 %, 15.39 W, 29
2026/09/23 21:24:37.234, NVIDIA GeForce RTX 5090, 32607 MiB, 23216 MiB, 8972 MiB, 0 %, 14.39 W, 29
2026/09/23 21:24:42.245, NVIDIA GeForce RTX 5090, 32607 MiB, 23216 MiB, 8972 MiB, 0 %, 12.96 W, 29
2026/09/23 21:24:47.246, NVIDIA GeForce RTX 5090, 32607 MiB, 22772 MiB, 9416 MiB, 0 %, 13.15 W, 29
2026/09/23 21:24:52.247, NVIDIA GeForce RTX 5090, 32607 MiB, 21790 MiB, 10398 MiB, 0 %, 12.87 W, 29
2026/09/23 21:24:57.252, NVIDIA GeForce RTX 5090, 32607 MiB, 21790 MiB, 10398 MiB, 0 %, 13.08 W, 29
2026/09/23 21:25:02.258, NVIDIA GeForce RTX 5090, 32607 MiB, 21864 MiB, 10324 MiB, 0 %, 12.82 W, 29
2026/09/23 21:25:07.268, NVIDIA GeForce RTX 5090, 32607 MiB, 21950 MiB, 10238 MiB, 0 %, 44.98 W, 31
2026/09/23 21:25:12.271, NVIDIA GeForce RTX 5090, 32607 MiB, 21950 MiB, 10238 MiB, 0 %, 12.92 W, 29
2026/09/23 21:25:17.283, NVIDIA GeForce RTX 5090, 32607 MiB, 22040 MiB, 10148 MiB, 100 %, 119.12 W, 36
2026/09/23 21:25:22.287, NVIDIA GeForce RTX 5090, 32607 MiB, 22040 MiB, 10148 MiB, 0 %, 13.06 W, 30
2026/09/23 21:25:27.300, NVIDIA GeForce RTX 5090, 32607 MiB, 22040 MiB, 10148 MiB, 0 %, 13.09 W, 30
2026/09/23 21:25:32.312, NVIDIA GeForce RTX 5090, 32607 MiB, 22040 MiB, 10148 MiB, 2 %, 14.48 W, 30
2026/09/23 21:25:37.324, NVIDIA GeForce RTX 5090, 32607 MiB, 22140 MiB, 10048 MiB, 0 %, 120.84 W, 35
2026/09/23 21:25:42.338, NVIDIA GeForce RTX 5090, 32607 MiB, 22110 MiB, 10078 MiB, 0 %, 36.26 W, 31
2026/09/23 21:25:47.342, NVIDIA GeForce RTX 5090, 32607 MiB, 22110 MiB, 10078 MiB, 0 %, 16.33 W, 30
2026/09/23 21:25:52.355, NVIDIA GeForce RTX 5090, 32607 MiB, 22110 MiB, 10078 MiB, 0 %, 15.72 W, 30
2026/09/23 21:25:57.364, NVIDIA GeForce RTX 5090, 32607 MiB, 22110 MiB, 10078 MiB, 55 %, 85.36 W, 34
2026/09/23 21:26:02.375, NVIDIA GeForce RTX 5090, 32607 MiB, 22110 MiB, 10078 MiB, 0 %, 39.85 W, 32
2026/09/23 21:26:07.391, NVIDIA GeForce RTX 5090, 32607 MiB, 22110 MiB, 10078 MiB, 0 %, 13.71 W, 30
2026/09/23 21:26:12.401, NVIDIA GeForce RTX 5090, 32607 MiB, 22368 MiB, 9820 MiB, 28 %, 145.16 W, 39
2026/09/23 21:26:17.413, NVIDIA GeForce RTX 5090, 32607 MiB, 22368 MiB, 9820 MiB, 66 %, 113.15 W, 38
2026/09/23 21:26:22.422, NVIDIA GeForce RTX 5090, 32607 MiB, 22370 MiB, 9818 MiB, 3 %, 102.33 W, 39
2026/09/23 21:26:27.424, NVIDIA GeForce RTX 5090, 32607 MiB, 22370 MiB, 9818 MiB, 0 %, 133.41 W, 40
2026/09/23 21:26:32.436, NVIDIA GeForce RTX 5090, 32607 MiB, 22372 MiB, 9816 MiB, 0 %, 92.09 W, 36
2026/09/23 21:26:37.444, NVIDIA GeForce RTX 5090, 32607 MiB, 22372 MiB, 9816 MiB, 15 %, 56.23 W, 37
2026/09/23 21:26:42.458, NVIDIA GeForce RTX 5090, 32607 MiB, 22374 MiB, 9814 MiB, 0 %, 103.20 W, 36
2026/09/23 21:26:47.474, NVIDIA GeForce RTX 5090, 32607 MiB, 22374 MiB, 9814 MiB, 61 %, 133.99 W, 39
2026/09/23 21:26:52.484, NVIDIA GeForce RTX 5090, 32607 MiB, 22374 MiB, 9814 MiB, 47 %, 130.71 W, 39
2026/09/23 21:26:57.497, NVIDIA GeForce RTX 5090, 32607 MiB, 21976 MiB, 10212 MiB, 0 %, 37.37 W, 34
2026/09/23 21:27:02.498, NVIDIA GeForce RTX 5090, 32607 MiB, 30740 MiB, 1448 MiB, 87 %, 160.68 W, 39
2026/09/23 21:27:07.505, NVIDIA GeForce RTX 5090, 32607 MiB, 30876 MiB, 1312 MiB, 99 %, 161.11 W, 42
2026/09/23 21:27:12.513, NVIDIA GeForce RTX 5090, 32607 MiB, 30312 MiB, 1876 MiB, 0 %, 37.79 W, 34
2026/09/23 21:27:17.522, NVIDIA GeForce RTX 5090, 32607 MiB, 30312 MiB, 1876 MiB, 0 %, 17.84 W, 32
2026/09/23 21:27:22.531, NVIDIA GeForce RTX 5090, 32607 MiB, 30312 MiB, 1876 MiB, 0 %, 15.33 W, 32
2026/09/23 21:27:27.541, NVIDIA GeForce RTX 5090, 32607 MiB, 30312 MiB, 1876 MiB, 0 %, 14.04 W, 31
2026/09/23 21:27:32.555, NVIDIA GeForce RTX 5090, 32607 MiB, 30312 MiB, 1876 MiB, 0 %, 13.42 W, 31
2026/09/23 21:27:37.566, NVIDIA GeForce RTX 5090, 32607 MiB, 30312 MiB, 1876 MiB, 0 %, 13.10 W, 31
2026/09/23 21:27:42.575, NVIDIA GeForce RTX 5090, 32607 MiB, 30312 MiB, 1876 MiB, 0 %, 13.10 W, 31
2026/09/23 21:27:47.578, NVIDIA GeForce RTX 5090, 32607 MiB, 30312 MiB, 1876 MiB, 0 %, 13.13 W, 31
2026/09/23 21:27:52.579, NVIDIA GeForce RTX 5090, 32607 MiB, 30312 MiB, 1876 MiB, 0 %, 13.01 W, 31
2026/09/23 21:27:57.586, NVIDIA GeForce RTX 5090, 32607 MiB, 30312 MiB, 1876 MiB, 0 %, 13.09 W, 31
2026/09/23 21:28:02.596, NVIDIA GeForce RTX 5090, 32607 MiB, 30312 MiB, 1876 MiB, 0 %, 14.79 W, 31
2026/09/23 21:28:07.602, NVIDIA GeForce RTX 5090, 32607 MiB, 30312 MiB, 1876 MiB, 0 %, 13.17 W, 31
2026/09/23 21:28:12.610, NVIDIA GeForce RTX 5090, 32607 MiB, 30312 MiB, 1876 MiB, 0 %, 13.02 W, 31
2026/09/23 21:28:17.616, NVIDIA GeForce RTX 5090, 32607 MiB, 30312 MiB, 1876 MiB, 0 %, 13.27 W, 31
2026/09/23 21:28:22.620, NVIDIA GeForce RTX 5090, 32607 MiB, 30312 MiB, 1876 MiB, 0 %, 13.22 W, 31
2026/09/23 21:28:27.625, NVIDIA GeForce RTX 5090, 32607 MiB, 30312 MiB, 1876 MiB, 0 %, 13.43 W, 31
2026/09/23 21:28:32.631, NVIDIA GeForce RTX 5090, 32607 MiB, 30312 MiB, 1876 MiB, 0 %, 13.40 W, 31
2026/09/23 21:28:37.640, NVIDIA GeForce RTX 5090, 32607 MiB, 30312 MiB, 1876 MiB, 0 %, 13.13 W, 31
2026/09/23 21:28:42.649, NVIDIA GeForce RTX 5090, 32607 MiB, 30312 MiB, 1876 MiB, 0 %, 13.19 W, 31
2026/09/23 21:28:47.655, NVIDIA GeForce RTX 5090, 32607 MiB, 30312 MiB, 1876 MiB, 0 %, 13.39 W, 31
2026/09/23 21:28:52.658, NVIDIA GeForce RTX 5090, 32607 MiB, 30312 MiB, 1876 MiB, 0 %, 13.24 W, 31
2026/09/23 21:28:57.667, NVIDIA GeForce RTX 5090, 32607 MiB, 30638 MiB, 1550 MiB, 97 %, 446.88 W, 59
2026/09/23 21:29:02.675, NVIDIA GeForce RTX 5090, 32607 MiB, 30766 MiB, 1422 MiB, 99 %, 455.55 W, 58
2026/09/23 21:29:07.678, NVIDIA GeForce RTX 5090, 32607 MiB, 30766 MiB, 1422 MiB, 99 %, 455.93 W, 54
2026/09/23 21:29:12.690, NVIDIA GeForce RTX 5090, 32607 MiB, 30766 MiB, 1422 MiB, 96 %, 450.19 W, 49
2026/09/23 21:29:17.700, NVIDIA GeForce RTX 5090, 32607 MiB, 30766 MiB, 1422 MiB, 100 %, 268.15 W, 38
2026/09/23 21:29:22.713, NVIDIA GeForce RTX 5090, 32607 MiB, 30766 MiB, 1422 MiB, 100 %, 248.25 W, 38
2026/09/23 21:29:27.724, NVIDIA GeForce RTX 5090, 32607 MiB, 30766 MiB, 1422 MiB, 99 %, 392.82 W, 45
2026/09/23 21:29:32.733, NVIDIA GeForce RTX 5090, 32607 MiB, 30766 MiB, 1422 MiB, 75 %, 243.04 W, 45
2026/09/23 21:29:37.744, NVIDIA GeForce RTX 5090, 32607 MiB, 30766 MiB, 1422 MiB, 99 %, 247.27 W, 45
2026/09/23 21:29:42.757, NVIDIA GeForce RTX 5090, 32607 MiB, 30766 MiB, 1422 MiB, 0 %, 56.26 W, 36
2026/09/23 21:29:47.771, NVIDIA GeForce RTX 5090, 32607 MiB, 30766 MiB, 1422 MiB, 0 %, 19.50 W, 36
2026/09/23 21:29:52.783, NVIDIA GeForce RTX 5090, 32607 MiB, 30766 MiB, 1422 MiB, 0 %, 18.12 W, 36
2026/09/23 21:29:57.788, NVIDIA GeForce RTX 5090, 32607 MiB, 30766 MiB, 1422 MiB, 0 %, 18.31 W, 36
2026/09/23 21:30:02.789, NVIDIA GeForce RTX 5090, 32607 MiB, 30766 MiB, 1422 MiB, 0 %, 18.38 W, 35
2026/09/23 21:30:07.794, NVIDIA GeForce RTX 5090, 32607 MiB, 30766 MiB, 1422 MiB, 0 %, 17.96 W, 35
2026/09/23 21:30:12.800, NVIDIA GeForce RTX 5090, 32607 MiB, 30766 MiB, 1422 MiB, 0 %, 18.05 W, 35
2026/09/23 21:30:17.801, NVIDIA GeForce RTX 5090, 32607 MiB, 30766 MiB, 1422 MiB, 0 %, 18.06 W, 34
2026/09/23 21:30:22.809, NVIDIA GeForce RTX 5090, 32607 MiB, 30766 MiB, 1422 MiB, 0 %, 17.89 W, 34
2026/09/23 21:30:27.818, NVIDIA GeForce RTX 5090, 32607 MiB, 30766 MiB, 1422 MiB, 0 %, 18.12 W, 34
2026/09/23 21:30:32.832, NVIDIA GeForce RTX 5090, 32607 MiB, 30766 MiB, 1422 MiB, 0 %, 17.97 W, 34
2026/09/23 21:30:37.841, NVIDIA GeForce RTX 5090, 32607 MiB, 30766 MiB, 1422 MiB, 0 %, 17.95 W, 33
2026/09/23 21:30:42.851, NVIDIA GeForce RTX 5090, 32607 MiB, 30766 MiB, 1422 MiB, 0 %, 18.12 W, 33
2026/09/23 21:30:47.866, NVIDIA GeForce RTX 5090, 32607 MiB, 30768 MiB, 1420 MiB, 98 %, 448.59 W, 50
2026/09/23 21:30:52.880, NVIDIA GeForce RTX 5090, 32607 MiB, 30768 MiB, 1420 MiB, 99 %, 459.87 W, 51
2026/09/23 21:30:57.890, NVIDIA GeForce RTX 5090, 32607 MiB, 30768 MiB, 1420 MiB, 99 %, 459.89 W, 51
2026/09/23 21:31:02.906, NVIDIA GeForce RTX 5090, 32607 MiB, 30768 MiB, 1420 MiB, 99 %, 459.82 W, 52
2026/09/23 21:31:07.921, NVIDIA GeForce RTX 5090, 32607 MiB, 30768 MiB, 1420 MiB, 99 %, 459.83 W, 53
2026/09/23 21:31:12.922, NVIDIA GeForce RTX 5090, 32607 MiB, 30768 MiB, 1420 MiB, 99 %, 459.64 W, 53
2026/09/23 21:31:17.935, NVIDIA GeForce RTX 5090, 32607 MiB, 30768 MiB, 1420 MiB, 99 %, 459.79 W, 54
2026/09/23 21:31:22.938, NVIDIA GeForce RTX 5090, 32607 MiB, 30768 MiB, 1420 MiB, 100 %, 460.17 W, 55
2026/09/23 21:31:27.946, NVIDIA GeForce RTX 5090, 32607 MiB, 30768 MiB, 1420 MiB, 100 %, 460.02 W, 56
2026/09/23 21:31:32.955, NVIDIA GeForce RTX 5090, 32607 MiB, 30768 MiB, 1420 MiB, 100 %, 460.36 W, 56
2026/09/23 21:31:37.967, NVIDIA GeForce RTX 5090, 32607 MiB, 30768 MiB, 1420 MiB, 100 %, 460.94 W, 56
2026/09/23 21:31:42.981, NVIDIA GeForce RTX 5090, 32607 MiB, 30768 MiB, 1420 MiB, 100 %, 460.05 W, 57
2026/09/23 21:31:47.984, NVIDIA GeForce RTX 5090, 32607 MiB, 30768 MiB, 1420 MiB, 100 %, 460.36 W, 57
2026/09/23 21:31:52.992, NVIDIA GeForce RTX 5090, 32607 MiB, 30768 MiB, 1420 MiB, 100 %, 460.32 W, 58
2026/09/23 21:31:57.998, NVIDIA GeForce RTX 5090, 32607 MiB, 30768 MiB, 1420 MiB, 53 %, 365.73 W, 48
2026/09/23 21:32:03.007, NVIDIA GeForce RTX 5090, 32607 MiB, 30768 MiB, 1420 MiB, 0 %, 40.18 W, 41
2026/09/23 21:32:08.011, NVIDIA GeForce RTX 5090, 32607 MiB, 30768 MiB, 1420 MiB, 0 %, 18.85 W, 40
2026/09/23 21:32:13.025, NVIDIA GeForce RTX 5090, 32607 MiB, 30768 MiB, 1420 MiB, 0 %, 18.12 W, 40
2026/09/23 21:32:18.040, NVIDIA GeForce RTX 5090, 32607 MiB, 30768 MiB, 1420 MiB, 0 %, 18.35 W, 40
2026/09/23 21:32:23.055, NVIDIA GeForce RTX 5090, 32607 MiB, 30768 MiB, 1420 MiB, 0 %, 19.54 W, 39
2026/09/23 21:32:28.068, NVIDIA GeForce RTX 5090, 32607 MiB, 30768 MiB, 1420 MiB, 0 %, 18.46 W, 39
2026/09/23 21:32:33.078, NVIDIA GeForce RTX 5090, 32607 MiB, 30768 MiB, 1420 MiB, 0 %, 18.22 W, 38
2026/09/23 21:32:38.081, NVIDIA GeForce RTX 5090, 32607 MiB, 30768 MiB, 1420 MiB, 0 %, 18.32 W, 38
2026/09/23 21:32:43.088, NVIDIA GeForce RTX 5090, 32607 MiB, 30768 MiB, 1420 MiB, 0 %, 18.26 W, 37
2026/09/23 21:32:48.088, NVIDIA GeForce RTX 5090, 32607 MiB, 30768 MiB, 1420 MiB, 0 %, 18.24 W, 37
2026/09/23 21:32:53.094, NVIDIA GeForce RTX 5090, 32607 MiB, 30768 MiB, 1420 MiB, 0 %, 18.13 W, 37
2026/09/23 21:32:58.096, NVIDIA GeForce RTX 5090, 32607 MiB, 30768 MiB, 1420 MiB, 0 %, 18.17 W, 36
2026/09/23 21:33:03.112, NVIDIA GeForce RTX 5090, 32607 MiB, 30768 MiB, 1420 MiB, 0 %, 18.17 W, 36
2026/09/23 21:33:08.115, NVIDIA GeForce RTX 5090, 32607 MiB, 30768 MiB, 1420 MiB, 0 %, 18.02 W, 36
2026/09/23 21:33:13.126, NVIDIA GeForce RTX 5090, 32607 MiB, 30768 MiB, 1420 MiB, 0 %, 18.22 W, 35
2026/09/23 21:33:18.136, NVIDIA GeForce RTX 5090, 32607 MiB, 30768 MiB, 1420 MiB, 0 %, 18.35 W, 35
2026/09/23 21:33:23.146, NVIDIA GeForce RTX 5090, 32607 MiB, 30768 MiB, 1420 MiB, 0 %, 18.08 W, 35
2026/09/23 21:33:28.148, NVIDIA GeForce RTX 5090, 32607 MiB, 30768 MiB, 1420 MiB, 0 %, 18.19 W, 35
2026/09/23 21:33:33.163, NVIDIA GeForce RTX 5090, 32607 MiB, 30768 MiB, 1420 MiB, 0 %, 18.39 W, 34
2026/09/23 21:33:38.169, NVIDIA GeForce RTX 5090, 32607 MiB, 30768 MiB, 1420 MiB, 0 %, 18.05 W, 34
2026/09/23 21:33:43.184, NVIDIA GeForce RTX 5090, 32607 MiB, 30768 MiB, 1420 MiB, 0 %, 18.27 W, 34
2026/09/23 21:33:48.194, NVIDIA GeForce RTX 5090, 32607 MiB, 30768 MiB, 1420 MiB, 0 %, 18.21 W, 34
2026/09/23 21:33:53.208, NVIDIA GeForce RTX 5090, 32607 MiB, 30768 MiB, 1420 MiB, 0 %, 18.27 W, 33
2026/09/23 21:33:58.209, NVIDIA GeForce RTX 5090, 32607 MiB, 30768 MiB, 1420 MiB, 0 %, 18.15 W, 33
2026/09/23 21:34:03.214, NVIDIA GeForce RTX 5090, 32607 MiB, 30768 MiB, 1420 MiB, 0 %, 18.09 W, 33
2026/09/23 21:34:08.228, NVIDIA GeForce RTX 5090, 32607 MiB, 30768 MiB, 1420 MiB, 0 %, 18.05 W, 33
2026/09/23 21:34:13.238, NVIDIA GeForce RTX 5090, 32607 MiB, 30768 MiB, 1420 MiB, 0 %, 13.30 W, 33
2026/09/23 21:34:18.242, NVIDIA GeForce RTX 5090, 32607 MiB, 30768 MiB, 1420 MiB, 0 %, 13.49 W, 34
2026/09/23 21:34:23.255, NVIDIA GeForce RTX 5090, 32607 MiB, 30768 MiB, 1420 MiB, 0 %, 13.23 W, 33
2026/09/23 21:34:28.266, NVIDIA GeForce RTX 5090, 32607 MiB, 30768 MiB, 1420 MiB, 0 %, 13.19 W, 33
2026/09/23 21:34:33.273, NVIDIA GeForce RTX 5090, 32607 MiB, 30768 MiB, 1420 MiB, 0 %, 13.34 W, 33
2026/09/23 21:34:38.288, NVIDIA GeForce RTX 5090, 32607 MiB, 30768 MiB, 1420 MiB, 0 %, 13.13 W, 33
2026/09/23 21:34:43.300, NVIDIA GeForce RTX 5090, 32607 MiB, 30768 MiB, 1420 MiB, 0 %, 13.23 W, 33
2026/09/23 21:34:48.312, NVIDIA GeForce RTX 5090, 32607 MiB, 30768 MiB, 1420 MiB, 0 %, 13.19 W, 33
2026/09/23 21:34:53.315, NVIDIA GeForce RTX 5090, 32607 MiB, 30768 MiB, 1420 MiB, 0 %, 13.13 W, 33
2026/09/23 21:34:58.322, NVIDIA GeForce RTX 5090, 32607 MiB, 30768 MiB, 1420 MiB, 0 %, 13.34 W, 33
2026/09/23 21:35:03.329, NVIDIA GeForce RTX 5090, 32607 MiB, 30768 MiB, 1420 MiB, 0 %, 13.45 W, 33
2026/09/23 21:35:08.336, NVIDIA GeForce RTX 5090, 32607 MiB, 30768 MiB, 1420 MiB, 0 %, 13.17 W, 33
2026/09/23 21:35:13.352, NVIDIA GeForce RTX 5090, 32607 MiB, 30768 MiB, 1420 MiB, 0 %, 13.44 W, 33
2026/09/23 21:35:18.363, NVIDIA GeForce RTX 5090, 32607 MiB, 30768 MiB, 1420 MiB, 0 %, 13.46 W, 33
2026/09/23 21:35:23.376, NVIDIA GeForce RTX 5090, 32607 MiB, 30768 MiB, 1420 MiB, 0 %, 13.12 W, 33
2026/09/23 21:35:28.385, NVIDIA GeForce RTX 5090, 32607 MiB, 30768 MiB, 1420 MiB, 0 %, 13.28 W, 33
2026/09/23 21:35:33.392, NVIDIA GeForce RTX 5090, 32607 MiB, 30768 MiB, 1420 MiB, 0 %, 13.33 W, 33
2026/09/23 21:35:38.396, NVIDIA GeForce RTX 5090, 32607 MiB, 30768 MiB, 1420 MiB, 0 %, 13.36 W, 33
2026/09/23 21:35:43.408, NVIDIA GeForce RTX 5090, 32607 MiB, 30768 MiB, 1420 MiB, 0 %, 13.35 W, 33
2026/09/23 21:35:48.424, NVIDIA GeForce RTX 5090, 32607 MiB, 30768 MiB, 1420 MiB, 0 %, 13.26 W, 33
2026/09/23 21:35:53.434, NVIDIA GeForce RTX 5090, 32607 MiB, 30768 MiB, 1420 MiB, 0 %, 13.26 W, 33
2026/09/23 21:35:58.447, NVIDIA GeForce RTX 5090, 32607 MiB, 30768 MiB, 1420 MiB, 0 %, 13.35 W, 33
2026/09/23 21:36:03.462, NVIDIA GeForce RTX 5090, 32607 MiB, 30768 MiB, 1420 MiB, 0 %, 13.17 W, 33
2026/09/23 21:36:08.472, NVIDIA GeForce RTX 5090, 32607 MiB, 30768 MiB, 1420 MiB, 0 %, 13.15 W, 33
2026/09/23 21:36:13.488, NVIDIA GeForce RTX 5090, 32607 MiB, 30768 MiB, 1420 MiB, 0 %, 13.36 W, 33
2026/09/23 21:36:18.498, NVIDIA GeForce RTX 5090, 32607 MiB, 30768 MiB, 1420 MiB, 0 %, 13.25 W, 33
2026/09/23 21:36:23.509, NVIDIA GeForce RTX 5090, 32607 MiB, 30768 MiB, 1420 MiB, 0 %, 13.27 W, 33
2026/09/23 21:36:28.519, NVIDIA GeForce RTX 5090, 32607 MiB, 30768 MiB, 1420 MiB, 0 %, 13.40 W, 33
2026/09/23 21:36:33.526, NVIDIA GeForce RTX 5090, 32607 MiB, 30768 MiB, 1420 MiB, 0 %, 13.06 W, 32
2026/09/23 21:36:38.536, NVIDIA GeForce RTX 5090, 32607 MiB, 30768 MiB, 1420 MiB, 0 %, 13.31 W, 32
2026/09/23 21:36:43.545, NVIDIA GeForce RTX 5090, 32607 MiB, 30768 MiB, 1420 MiB, 0 %, 13.45 W, 32
2026/09/23 21:36:48.550, NVIDIA GeForce RTX 5090, 32607 MiB, 30768 MiB, 1420 MiB, 0 %, 13.18 W, 32
2026/09/23 21:36:53.554, NVIDIA GeForce RTX 5090, 32607 MiB, 30770 MiB, 1418 MiB, 99 %, 451.10 W, 55
2026/09/23 21:36:58.556, NVIDIA GeForce RTX 5090, 32607 MiB, 30770 MiB, 1418 MiB, 99 %, 413.81 W, 57
2026/09/23 21:37:03.559, NVIDIA GeForce RTX 5090, 32607 MiB, 30770 MiB, 1418 MiB, 0 %, 37.69 W, 35
2026/09/23 21:37:08.568, NVIDIA GeForce RTX 5090, 32607 MiB, 30770 MiB, 1418 MiB, 0 %, 18.66 W, 32
2026/09/23 21:37:13.577, NVIDIA GeForce RTX 5090, 32607 MiB, 30770 MiB, 1418 MiB, 0 %, 18.38 W, 32
2026/09/23 21:37:18.584, NVIDIA GeForce RTX 5090, 32607 MiB, 30770 MiB, 1418 MiB, 0 %, 18.17 W, 32
2026/09/23 21:37:23.598, NVIDIA GeForce RTX 5090, 32607 MiB, 30770 MiB, 1418 MiB, 0 %, 18.37 W, 33
2026/09/23 21:37:28.605, NVIDIA GeForce RTX 5090, 32607 MiB, 30770 MiB, 1418 MiB, 0 %, 18.16 W, 33
2026/09/23 21:37:33.620, NVIDIA GeForce RTX 5090, 32607 MiB, 30770 MiB, 1418 MiB, 0 %, 13.35 W, 34
2026/09/23 21:37:38.630, NVIDIA GeForce RTX 5090, 32607 MiB, 30770 MiB, 1418 MiB, 0 %, 13.38 W, 34
2026/09/23 21:37:43.644, NVIDIA GeForce RTX 5090, 32607 MiB, 30770 MiB, 1418 MiB, 0 %, 13.16 W, 33
2026/09/23 21:37:48.648, NVIDIA GeForce RTX 5090, 32607 MiB, 30770 MiB, 1418 MiB, 0 %, 13.20 W, 33
2026/09/23 21:37:53.649, NVIDIA GeForce RTX 5090, 32607 MiB, 30770 MiB, 1418 MiB, 0 %, 13.20 W, 33
2026/09/23 21:37:58.657, NVIDIA GeForce RTX 5090, 32607 MiB, 30770 MiB, 1418 MiB, 99 %, 397.02 W, 53
2026/09/23 21:38:03.673, NVIDIA GeForce RTX 5090, 32607 MiB, 30770 MiB, 1418 MiB, 99 %, 392.83 W, 56
2026/09/23 21:38:08.674, NVIDIA GeForce RTX 5090, 32607 MiB, 30770 MiB, 1418 MiB, 99 %, 400.95 W, 57
2026/09/23 21:38:13.683, NVIDIA GeForce RTX 5090, 32607 MiB, 30770 MiB, 1418 MiB, 99 %, 396.79 W, 46
2026/09/23 21:38:18.687, NVIDIA GeForce RTX 5090, 32607 MiB, 30770 MiB, 1418 MiB, 99 %, 393.64 W, 44
2026/09/23 21:38:23.700, NVIDIA GeForce RTX 5090, 32607 MiB, 30770 MiB, 1418 MiB, 99 %, 383.26 W, 44
2026/09/23 21:38:28.704, NVIDIA GeForce RTX 5090, 32607 MiB, 30770 MiB, 1418 MiB, 99 %, 393.21 W, 46
2026/09/23 21:38:33.713, NVIDIA GeForce RTX 5090, 32607 MiB, 30770 MiB, 1418 MiB, 99 %, 395.26 W, 47
2026/09/23 21:38:38.721, NVIDIA GeForce RTX 5090, 32607 MiB, 30770 MiB, 1418 MiB, 99 %, 395.51 W, 47
2026/09/23 21:38:43.723, NVIDIA GeForce RTX 5090, 32607 MiB, 30770 MiB, 1418 MiB, 99 %, 395.53 W, 48
2026/09/23 21:38:48.732, NVIDIA GeForce RTX 5090, 32607 MiB, 30770 MiB, 1418 MiB, 99 %, 396.23 W, 48
2026/09/23 21:38:53.735, NVIDIA GeForce RTX 5090, 32607 MiB, 30770 MiB, 1418 MiB, 99 %, 396.89 W, 49
2026/09/23 21:38:58.751, NVIDIA GeForce RTX 5090, 32607 MiB, 30770 MiB, 1418 MiB, 99 %, 396.97 W, 49
2026/09/23 21:39:03.756, NVIDIA GeForce RTX 5090, 32607 MiB, 30770 MiB, 1418 MiB, 99 %, 397.32 W, 49
2026/09/23 21:39:08.771, NVIDIA GeForce RTX 5090, 32607 MiB, 30770 MiB, 1418 MiB, 99 %, 397.98 W, 50
2026/09/23 21:39:13.773, NVIDIA GeForce RTX 5090, 32607 MiB, 30770 MiB, 1418 MiB, 99 %, 398.26 W, 50
2026/09/23 21:39:18.788, NVIDIA GeForce RTX 5090, 32607 MiB, 30770 MiB, 1418 MiB, 99 %, 398.38 W, 50
2026/09/23 21:39:23.799, NVIDIA GeForce RTX 5090, 32607 MiB, 30770 MiB, 1418 MiB, 99 %, 398.58 W, 51
2026/09/23 21:39:28.804, NVIDIA GeForce RTX 5090, 32607 MiB, 30770 MiB, 1418 MiB, 99 %, 398.73 W, 51
2026/09/23 21:39:33.819, NVIDIA GeForce RTX 5090, 32607 MiB, 30770 MiB, 1418 MiB, 99 %, 398.93 W, 51
2026/09/23 21:39:38.833, NVIDIA GeForce RTX 5090, 32607 MiB, 30770 MiB, 1418 MiB, 99 %, 399.70 W, 52
2026/09/23 21:39:43.849, NVIDIA GeForce RTX 5090, 32607 MiB, 30770 MiB, 1418 MiB, 99 %, 399.13 W, 52
2026/09/23 21:39:48.851, NVIDIA GeForce RTX 5090, 32607 MiB, 30770 MiB, 1418 MiB, 99 %, 399.04 W, 52
2026/09/23 21:39:53.866, NVIDIA GeForce RTX 5090, 32607 MiB, 30770 MiB, 1418 MiB, 99 %, 399.70 W, 53
2026/09/23 21:39:58.869, NVIDIA GeForce RTX 5090, 32607 MiB, 30770 MiB, 1418 MiB, 99 %, 399.24 W, 53
2026/09/23 21:40:03.880, NVIDIA GeForce RTX 5090, 32607 MiB, 30770 MiB, 1418 MiB, 99 %, 400.06 W, 53
2026/09/23 21:40:08.883, NVIDIA GeForce RTX 5090, 32607 MiB, 30770 MiB, 1418 MiB, 99 %, 399.87 W, 53
2026/09/23 21:40:13.884, NVIDIA GeForce RTX 5090, 32607 MiB, 30770 MiB, 1418 MiB, 99 %, 399.59 W, 54
2026/09/23 21:40:18.896, NVIDIA GeForce RTX 5090, 32607 MiB, 30770 MiB, 1418 MiB, 99 %, 399.37 W, 54
2026/09/23 21:40:23.905, NVIDIA GeForce RTX 5090, 32607 MiB, 30770 MiB, 1418 MiB, 99 %, 399.65 W, 54
2026/09/23 21:40:28.915, NVIDIA GeForce RTX 5090, 32607 MiB, 30770 MiB, 1418 MiB, 99 %, 399.80 W, 54
2026/09/23 21:40:33.930, NVIDIA GeForce RTX 5090, 32607 MiB, 30770 MiB, 1418 MiB, 99 %, 400.60 W, 54
2026/09/23 21:40:38.935, NVIDIA GeForce RTX 5090, 32607 MiB, 30770 MiB, 1418 MiB, 99 %, 400.18 W, 54
2026/09/23 21:40:43.950, NVIDIA GeForce RTX 5090, 32607 MiB, 30770 MiB, 1418 MiB, 99 %, 401.00 W, 54
2026/09/23 21:40:48.964, NVIDIA GeForce RTX 5090, 32607 MiB, 30770 MiB, 1418 MiB, 99 %, 403.08 W, 55
2026/09/23 21:40:53.972, NVIDIA GeForce RTX 5090, 32607 MiB, 30770 MiB, 1418 MiB, 99 %, 402.68 W, 55
2026/09/23 21:40:58.985, NVIDIA GeForce RTX 5090, 32607 MiB, 30770 MiB, 1418 MiB, 99 %, 402.62 W, 55
2026/09/23 21:41:03.987, NVIDIA GeForce RTX 5090, 32607 MiB, 30770 MiB, 1418 MiB, 99 %, 403.38 W, 55
2026/09/23 21:41:09.002, NVIDIA GeForce RTX 5090, 32607 MiB, 30770 MiB, 1418 MiB, 99 %, 403.53 W, 55
2026/09/23 21:41:14.004, NVIDIA GeForce RTX 5090, 32607 MiB, 30770 MiB, 1418 MiB, 99 %, 403.10 W, 55
2026/09/23 21:41:19.016, NVIDIA GeForce RTX 5090, 32607 MiB, 30770 MiB, 1418 MiB, 99 %, 404.13 W, 56
2026/09/23 21:41:24.020, NVIDIA GeForce RTX 5090, 32607 MiB, 30770 MiB, 1418 MiB, 99 %, 404.00 W, 56
2026/09/23 21:41:29.026, NVIDIA GeForce RTX 5090, 32607 MiB, 30770 MiB, 1418 MiB, 99 %, 403.69 W, 56
2026/09/23 21:41:34.040, NVIDIA GeForce RTX 5090, 32607 MiB, 30770 MiB, 1418 MiB, 99 %, 403.15 W, 56
2026/09/23 21:41:39.044, NVIDIA GeForce RTX 5090, 32607 MiB, 30770 MiB, 1418 MiB, 99 %, 403.55 W, 56
2026/09/23 21:41:44.048, NVIDIA GeForce RTX 5090, 32607 MiB, 30770 MiB, 1418 MiB, 99 %, 403.06 W, 56
2026/09/23 21:41:49.053, NVIDIA GeForce RTX 5090, 32607 MiB, 30770 MiB, 1418 MiB, 99 %, 403.98 W, 56
2026/09/23 21:41:54.054, NVIDIA GeForce RTX 5090, 32607 MiB, 30770 MiB, 1418 MiB, 99 %, 404.26 W, 56
2026/09/23 21:41:59.061, NVIDIA GeForce RTX 5090, 32607 MiB, 30770 MiB, 1418 MiB, 99 %, 404.17 W, 56
2026/09/23 21:42:04.072, NVIDIA GeForce RTX 5090, 32607 MiB, 30770 MiB, 1418 MiB, 99 %, 404.11 W, 56
2026/09/23 21:42:09.079, NVIDIA GeForce RTX 5090, 32607 MiB, 30770 MiB, 1418 MiB, 99 %, 403.83 W, 56
2026/09/23 21:42:14.095, NVIDIA GeForce RTX 5090, 32607 MiB, 30770 MiB, 1418 MiB, 99 %, 403.62 W, 56
2026/09/23 21:42:19.101, NVIDIA GeForce RTX 5090, 32607 MiB, 30770 MiB, 1418 MiB, 99 %, 403.02 W, 56
2026/09/23 21:42:24.110, NVIDIA GeForce RTX 5090, 32607 MiB, 30770 MiB, 1418 MiB, 99 %, 403.93 W, 57
2026/09/23 21:42:29.118, NVIDIA GeForce RTX 5090, 32607 MiB, 30770 MiB, 1418 MiB, 99 %, 403.82 W, 57
2026/09/23 21:42:34.128, NVIDIA GeForce RTX 5090, 32607 MiB, 30770 MiB, 1418 MiB, 99 %, 402.69 W, 57
2026/09/23 21:42:39.140, NVIDIA GeForce RTX 5090, 32607 MiB, 30770 MiB, 1418 MiB, 99 %, 403.06 W, 57
2026/09/23 21:42:44.144, NVIDIA GeForce RTX 5090, 32607 MiB, 30770 MiB, 1418 MiB, 99 %, 403.33 W, 57
2026/09/23 21:42:49.160, NVIDIA GeForce RTX 5090, 32607 MiB, 30770 MiB, 1418 MiB, 99 %, 403.55 W, 57
2026/09/23 21:42:54.172, NVIDIA GeForce RTX 5090, 32607 MiB, 30770 MiB, 1418 MiB, 99 %, 395.13 W, 57
2026/09/23 21:42:59.188, NVIDIA GeForce RTX 5090, 32607 MiB, 30770 MiB, 1418 MiB, 99 %, 405.67 W, 57
2026/09/23 21:43:04.202, NVIDIA GeForce RTX 5090, 32607 MiB, 30770 MiB, 1418 MiB, 99 %, 405.48 W, 57
2026/09/23 21:43:09.203, NVIDIA GeForce RTX 5090, 32607 MiB, 30770 MiB, 1418 MiB, 99 %, 404.41 W, 57
2026/09/23 21:43:14.203, NVIDIA GeForce RTX 5090, 32607 MiB, 30770 MiB, 1418 MiB, 99 %, 405.15 W, 57
2026/09/23 21:43:19.218, NVIDIA GeForce RTX 5090, 32607 MiB, 30770 MiB, 1418 MiB, 99 %, 406.24 W, 57
2026/09/23 21:43:24.219, NVIDIA GeForce RTX 5090, 32607 MiB, 30770 MiB, 1418 MiB, 99 %, 405.01 W, 57
2026/09/23 21:43:29.223, NVIDIA GeForce RTX 5090, 32607 MiB, 30770 MiB, 1418 MiB, 99 %, 405.14 W, 57
2026/09/23 21:43:34.224, NVIDIA GeForce RTX 5090, 32607 MiB, 30770 MiB, 1418 MiB, 99 %, 404.93 W, 57
2026/09/23 21:43:39.234, NVIDIA GeForce RTX 5090, 32607 MiB, 30770 MiB, 1418 MiB, 99 %, 404.55 W, 57
2026/09/23 21:43:44.241, NVIDIA GeForce RTX 5090, 32607 MiB, 30770 MiB, 1418 MiB, 99 %, 405.45 W, 57
2026/09/23 21:43:49.245, NVIDIA GeForce RTX 5090, 32607 MiB, 30770 MiB, 1418 MiB, 99 %, 405.26 W, 57
2026/09/23 21:43:54.259, NVIDIA GeForce RTX 5090, 32607 MiB, 30770 MiB, 1418 MiB, 99 %, 405.26 W, 57
2026/09/23 21:43:59.270, NVIDIA GeForce RTX 5090, 32607 MiB, 30770 MiB, 1418 MiB, 99 %, 405.61 W, 57
2026/09/23 21:44:04.279, NVIDIA GeForce RTX 5090, 32607 MiB, 30770 MiB, 1418 MiB, 99 %, 406.00 W, 57
2026/09/23 21:44:09.293, NVIDIA GeForce RTX 5090, 32607 MiB, 30770 MiB, 1418 MiB, 99 %, 404.69 W, 57
2026/09/23 21:44:14.304, NVIDIA GeForce RTX 5090, 32607 MiB, 30770 MiB, 1418 MiB, 99 %, 404.25 W, 57
2026/09/23 21:44:19.310, NVIDIA GeForce RTX 5090, 32607 MiB, 30770 MiB, 1418 MiB, 99 %, 404.52 W, 57
2026/09/23 21:44:24.320, NVIDIA GeForce RTX 5090, 32607 MiB, 30770 MiB, 1418 MiB, 99 %, 403.61 W, 58
2026/09/23 21:44:29.333, NVIDIA GeForce RTX 5090, 32607 MiB, 30770 MiB, 1418 MiB, 99 %, 403.87 W, 58
2026/09/23 21:44:34.344, NVIDIA GeForce RTX 5090, 32607 MiB, 30770 MiB, 1418 MiB, 99 %, 404.03 W, 58
2026/09/23 21:44:39.348, NVIDIA GeForce RTX 5090, 32607 MiB, 30770 MiB, 1418 MiB, 99 %, 403.18 W, 58
2026/09/23 21:44:44.359, NVIDIA GeForce RTX 5090, 32607 MiB, 30770 MiB, 1418 MiB, 99 %, 403.30 W, 58
2026/09/23 21:44:49.360, NVIDIA GeForce RTX 5090, 32607 MiB, 30770 MiB, 1418 MiB, 99 %, 403.08 W, 58
2026/09/23 21:44:54.365, NVIDIA GeForce RTX 5090, 32607 MiB, 30770 MiB, 1418 MiB, 99 %, 403.02 W, 58
2026/09/23 21:44:59.377, NVIDIA GeForce RTX 5090, 32607 MiB, 30770 MiB, 1418 MiB, 99 %, 401.98 W, 58
2026/09/23 21:45:04.391, NVIDIA GeForce RTX 5090, 32607 MiB, 30770 MiB, 1418 MiB, 99 %, 405.37 W, 58
2026/09/23 21:45:09.404, NVIDIA GeForce RTX 5090, 32607 MiB, 30770 MiB, 1418 MiB, 99 %, 405.25 W, 58
2026/09/23 21:45:14.406, NVIDIA GeForce RTX 5090, 32607 MiB, 30770 MiB, 1418 MiB, 99 %, 405.54 W, 58
2026/09/23 21:45:19.407, NVIDIA GeForce RTX 5090, 32607 MiB, 30770 MiB, 1418 MiB, 99 %, 405.41 W, 58
2026/09/23 21:45:24.422, NVIDIA GeForce RTX 5090, 32607 MiB, 30770 MiB, 1418 MiB, 99 %, 397.71 W, 58
2026/09/23 21:45:29.426, NVIDIA GeForce RTX 5090, 32607 MiB, 30770 MiB, 1418 MiB, 99 %, 405.76 W, 58
2026/09/23 21:45:34.440, NVIDIA GeForce RTX 5090, 32607 MiB, 30770 MiB, 1418 MiB, 99 %, 406.20 W, 58
2026/09/23 21:45:39.453, NVIDIA GeForce RTX 5090, 32607 MiB, 30770 MiB, 1418 MiB, 99 %, 406.56 W, 58
2026/09/23 21:45:44.468, NVIDIA GeForce RTX 5090, 32607 MiB, 30770 MiB, 1418 MiB, 99 %, 405.81 W, 58
2026/09/23 21:45:49.483, NVIDIA GeForce RTX 5090, 32607 MiB, 30770 MiB, 1418 MiB, 99 %, 408.53 W, 58
2026/09/23 21:45:54.499, NVIDIA GeForce RTX 5090, 32607 MiB, 30770 MiB, 1418 MiB, 99 %, 406.06 W, 58
2026/09/23 21:45:59.505, NVIDIA GeForce RTX 5090, 32607 MiB, 30770 MiB, 1418 MiB, 99 %, 406.71 W, 58
2026/09/23 21:46:04.513, NVIDIA GeForce RTX 5090, 32607 MiB, 30770 MiB, 1418 MiB, 99 %, 405.77 W, 58
2026/09/23 21:46:09.517, NVIDIA GeForce RTX 5090, 32607 MiB, 30770 MiB, 1418 MiB, 99 %, 407.21 W, 58
2026/09/23 21:46:14.530, NVIDIA GeForce RTX 5090, 32607 MiB, 30770 MiB, 1418 MiB, 99 %, 407.39 W, 58
2026/09/23 21:46:19.543, NVIDIA GeForce RTX 5090, 32607 MiB, 30770 MiB, 1418 MiB, 99 %, 407.49 W, 58
2026/09/23 21:46:24.545, NVIDIA GeForce RTX 5090, 32607 MiB, 30770 MiB, 1418 MiB, 99 %, 400.12 W, 58
2026/09/23 21:46:29.560, NVIDIA GeForce RTX 5090, 32607 MiB, 30770 MiB, 1418 MiB, 0 %, 126.55 W, 50
2026/09/23 21:46:34.563, NVIDIA GeForce RTX 5090, 32607 MiB, 30770 MiB, 1418 MiB, 0 %, 18.40 W, 47
2026/09/23 21:46:39.564, NVIDIA GeForce RTX 5090, 32607 MiB, 30770 MiB, 1418 MiB, 0 %, 18.86 W, 47
2026/09/23 21:46:44.571, NVIDIA GeForce RTX 5090, 32607 MiB, 30770 MiB, 1418 MiB, 0 %, 18.80 W, 46
2026/09/23 21:46:49.582, NVIDIA GeForce RTX 5090, 32607 MiB, 30770 MiB, 1418 MiB, 0 %, 18.63 W, 45
2026/09/23 21:46:54.588, NVIDIA GeForce RTX 5090, 32607 MiB, 30770 MiB, 1418 MiB, 0 %, 18.43 W, 45
2026/09/23 21:46:59.589, NVIDIA GeForce RTX 5090, 32607 MiB, 30770 MiB, 1418 MiB, 0 %, 18.33 W, 44
2026/09/23 21:47:04.600, NVIDIA GeForce RTX 5090, 32607 MiB, 30770 MiB, 1418 MiB, 0 %, 18.38 W, 43
2026/09/23 21:47:09.604, NVIDIA GeForce RTX 5090, 32607 MiB, 30770 MiB, 1418 MiB, 0 %, 18.38 W, 43
2026/09/23 21:47:14.619, NVIDIA GeForce RTX 5090, 32607 MiB, 30770 MiB, 1418 MiB, 0 %, 18.08 W, 42
2026/09/23 21:47:19.634, NVIDIA GeForce RTX 5090, 32607 MiB, 30770 MiB, 1418 MiB, 0 %, 17.98 W, 42
2026/09/23 21:47:24.649, NVIDIA GeForce RTX 5090, 32607 MiB, 30770 MiB, 1418 MiB, 0 %, 18.29 W, 41
2026/09/23 21:47:29.654, NVIDIA GeForce RTX 5090, 32607 MiB, 30770 MiB, 1418 MiB, 0 %, 17.99 W, 41
2026/09/23 21:47:34.670, NVIDIA GeForce RTX 5090, 32607 MiB, 30770 MiB, 1418 MiB, 0 %, 18.23 W, 40
2026/09/23 21:47:39.678, NVIDIA GeForce RTX 5090, 32607 MiB, 30770 MiB, 1418 MiB, 0 %, 18.04 W, 40
2026/09/23 21:47:44.681, NVIDIA GeForce RTX 5090, 32607 MiB, 30770 MiB, 1418 MiB, 0 %, 17.92 W, 39
2026/09/23 21:47:49.686, NVIDIA GeForce RTX 5090, 32607 MiB, 30770 MiB, 1418 MiB, 0 %, 18.06 W, 39
2026/09/23 21:47:54.696, NVIDIA GeForce RTX 5090, 32607 MiB, 30770 MiB, 1418 MiB, 0 %, 18.19 W, 39
2026/09/23 21:47:59.698, NVIDIA GeForce RTX 5090, 32607 MiB, 30770 MiB, 1418 MiB, 0 %, 17.84 W, 38
2026/09/23 21:48:04.708, NVIDIA GeForce RTX 5090, 32607 MiB, 30770 MiB, 1418 MiB, 0 %, 18.15 W, 38
2026/09/23 21:48:09.716, NVIDIA GeForce RTX 5090, 32607 MiB, 30770 MiB, 1418 MiB, 0 %, 18.07 W, 38
2026/09/23 21:48:14.726, NVIDIA GeForce RTX 5090, 32607 MiB, 30770 MiB, 1418 MiB, 0 %, 17.72 W, 37
2026/09/23 21:48:19.731, NVIDIA GeForce RTX 5090, 32607 MiB, 30770 MiB, 1418 MiB, 0 %, 18.25 W, 37
2026/09/23 21:48:24.743, NVIDIA GeForce RTX 5090, 32607 MiB, 30770 MiB, 1418 MiB, 0 %, 17.98 W, 37
2026/09/23 21:48:29.750, NVIDIA GeForce RTX 5090, 32607 MiB, 30770 MiB, 1418 MiB, 0 %, 17.92 W, 37
2026/09/23 21:48:34.756, NVIDIA GeForce RTX 5090, 32607 MiB, 30770 MiB, 1418 MiB, 0 %, 18.02 W, 36
2026/09/23 21:48:39.762, NVIDIA GeForce RTX 5090, 32607 MiB, 30770 MiB, 1418 MiB, 0 %, 17.88 W, 36
2026/09/23 21:48:44.767, NVIDIA GeForce RTX 5090, 32607 MiB, 30770 MiB, 1418 MiB, 0 %, 17.97 W, 36
2026/09/23 21:48:49.776, NVIDIA GeForce RTX 5090, 32607 MiB, 30770 MiB, 1418 MiB, 0 %, 18.05 W, 35
2026/09/23 21:48:54.784, NVIDIA GeForce RTX 5090, 32607 MiB, 30770 MiB, 1418 MiB, 0 %, 17.79 W, 35
2026/09/23 21:48:59.790, NVIDIA GeForce RTX 5090, 32607 MiB, 30770 MiB, 1418 MiB, 0 %, 18.08 W, 35
2026/09/23 21:49:04.797, NVIDIA GeForce RTX 5090, 32607 MiB, 30770 MiB, 1418 MiB, 0 %, 17.98 W, 35
2026/09/23 21:49:09.810, NVIDIA GeForce RTX 5090, 32607 MiB, 30770 MiB, 1418 MiB, 0 %, 17.77 W, 35
2026/09/23 21:49:14.823, NVIDIA GeForce RTX 5090, 32607 MiB, 30770 MiB, 1418 MiB, 0 %, 17.74 W, 34
2026/09/23 21:49:19.833, NVIDIA GeForce RTX 5090, 32607 MiB, 30770 MiB, 1418 MiB, 0 %, 18.05 W, 34
2026/09/23 21:49:24.846, NVIDIA GeForce RTX 5090, 32607 MiB, 30770 MiB, 1418 MiB, 0 %, 17.76 W, 34
2026/09/23 21:49:29.860, NVIDIA GeForce RTX 5090, 32607 MiB, 30770 MiB, 1418 MiB, 0 %, 17.97 W, 34
2026/09/23 21:49:34.873, NVIDIA GeForce RTX 5090, 32607 MiB, 30770 MiB, 1418 MiB, 0 %, 17.97 W, 34
2026/09/23 21:49:39.875, NVIDIA GeForce RTX 5090, 32607 MiB, 30770 MiB, 1418 MiB, 0 %, 17.89 W, 34
2026/09/23 21:49:44.877, NVIDIA GeForce RTX 5090, 32607 MiB, 30770 MiB, 1418 MiB, 0 %, 18.04 W, 33
2026/09/23 21:49:49.882, NVIDIA GeForce RTX 5090, 32607 MiB, 30770 MiB, 1418 MiB, 0 %, 18.03 W, 33
2026/09/23 21:49:54.883, NVIDIA GeForce RTX 5090, 32607 MiB, 30770 MiB, 1418 MiB, 0 %, 15.99 W, 33
2026/09/23 21:49:59.886, NVIDIA GeForce RTX 5090, 32607 MiB, 30770 MiB, 1418 MiB, 0 %, 13.33 W, 34
2026/09/23 21:50:04.901, NVIDIA GeForce RTX 5090, 32607 MiB, 30770 MiB, 1418 MiB, 0 %, 13.23 W, 34
2026/09/23 21:50:09.905, NVIDIA GeForce RTX 5090, 32607 MiB, 30770 MiB, 1418 MiB, 0 %, 13.05 W, 34
2026/09/23 21:50:14.916, NVIDIA GeForce RTX 5090, 32607 MiB, 30770 MiB, 1418 MiB, 0 %, 13.24 W, 34
2026/09/23 21:50:19.932, NVIDIA GeForce RTX 5090, 32607 MiB, 30770 MiB, 1418 MiB, 0 %, 13.21 W, 34
2026/09/23 21:50:24.935, NVIDIA GeForce RTX 5090, 32607 MiB, 30770 MiB, 1418 MiB, 0 %, 12.98 W, 34
2026/09/23 21:50:29.943, NVIDIA GeForce RTX 5090, 32607 MiB, 30770 MiB, 1418 MiB, 0 %, 13.26 W, 34
2026/09/23 21:50:34.959, NVIDIA GeForce RTX 5090, 32607 MiB, 30770 MiB, 1418 MiB, 0 %, 13.06 W, 34
2026/09/23 21:50:39.969, NVIDIA GeForce RTX 5090, 32607 MiB, 30770 MiB, 1418 MiB, 0 %, 13.18 W, 34
2026/09/23 21:50:44.981, NVIDIA GeForce RTX 5090, 32607 MiB, 30770 MiB, 1418 MiB, 0 %, 13.33 W, 34
2026/09/23 21:50:49.990, NVIDIA GeForce RTX 5090, 32607 MiB, 30770 MiB, 1418 MiB, 0 %, 12.85 W, 34
2026/09/23 21:50:55.003, NVIDIA GeForce RTX 5090, 32607 MiB, 30770 MiB, 1418 MiB, 0 %, 13.19 W, 34
2026/09/23 21:51:00.012, NVIDIA GeForce RTX 5090, 32607 MiB, 30770 MiB, 1418 MiB, 0 %, 13.16 W, 34
2026/09/23 21:51:05.019, NVIDIA GeForce RTX 5090, 32607 MiB, 30770 MiB, 1418 MiB, 0 %, 12.95 W, 34
2026/09/23 21:51:10.022, NVIDIA GeForce RTX 5090, 32607 MiB, 30770 MiB, 1418 MiB, 0 %, 13.08 W, 34
2026/09/23 21:51:15.031, NVIDIA GeForce RTX 5090, 32607 MiB, 30770 MiB, 1418 MiB, 0 %, 13.02 W, 33
2026/09/23 21:51:20.042, NVIDIA GeForce RTX 5090, 32607 MiB, 30770 MiB, 1418 MiB, 0 %, 12.94 W, 33
2026/09/23 21:51:25.054, NVIDIA GeForce RTX 5090, 32607 MiB, 30770 MiB, 1418 MiB, 0 %, 13.35 W, 33
2026/09/23 21:51:30.058, NVIDIA GeForce RTX 5090, 32607 MiB, 30770 MiB, 1418 MiB, 0 %, 13.08 W, 33
2026/09/23 21:51:35.072, NVIDIA GeForce RTX 5090, 32607 MiB, 30770 MiB, 1418 MiB, 0 %, 12.86 W, 33
2026/09/23 21:51:40.086, NVIDIA GeForce RTX 5090, 32607 MiB, 30770 MiB, 1418 MiB, 0 %, 12.96 W, 33
2026/09/23 21:51:45.102, NVIDIA GeForce RTX 5090, 32607 MiB, 30770 MiB, 1418 MiB, 0 %, 13.00 W, 33
2026/09/23 21:51:50.116, NVIDIA GeForce RTX 5090, 32607 MiB, 30770 MiB, 1418 MiB, 0 %, 13.02 W, 33
2026/09/23 21:51:55.124, NVIDIA GeForce RTX 5090, 32607 MiB, 30770 MiB, 1418 MiB, 0 %, 13.11 W, 33
2026/09/23 21:52:00.135, NVIDIA GeForce RTX 5090, 32607 MiB, 30770 MiB, 1418 MiB, 0 %, 13.03 W, 33
2026/09/23 21:52:05.145, NVIDIA GeForce RTX 5090, 32607 MiB, 30770 MiB, 1418 MiB, 0 %, 13.23 W, 33
2026/09/23 21:52:10.151, NVIDIA GeForce RTX 5090, 32607 MiB, 30770 MiB, 1418 MiB, 0 %, 13.15 W, 33
2026/09/23 21:52:15.154, NVIDIA GeForce RTX 5090, 32607 MiB, 30770 MiB, 1418 MiB, 0 %, 12.98 W, 33
2026/09/23 21:52:20.159, NVIDIA GeForce RTX 5090, 32607 MiB, 30770 MiB, 1418 MiB, 0 %, 13.06 W, 33
2026/09/23 21:52:25.166, NVIDIA GeForce RTX 5090, 32607 MiB, 30770 MiB, 1418 MiB, 0 %, 12.98 W, 33
2026/09/23 21:52:30.175, NVIDIA GeForce RTX 5090, 32607 MiB, 30770 MiB, 1418 MiB, 0 %, 12.86 W, 33
2026/09/23 21:52:35.191, NVIDIA GeForce RTX 5090, 32607 MiB, 30770 MiB, 1418 MiB, 0 %, 13.02 W, 33
2026/09/23 21:52:40.201, NVIDIA GeForce RTX 5090, 32607 MiB, 30770 MiB, 1418 MiB, 0 %, 13.15 W, 33
2026/09/23 21:52:45.210, NVIDIA GeForce RTX 5090, 32607 MiB, 30770 MiB, 1418 MiB, 0 %, 12.88 W, 33
2026/09/23 21:52:50.214, NVIDIA GeForce RTX 5090, 32607 MiB, 30770 MiB, 1418 MiB, 0 %, 12.81 W, 33
2026/09/23 21:52:55.227, NVIDIA GeForce RTX 5090, 32607 MiB, 30770 MiB, 1418 MiB, 0 %, 13.05 W, 33
2026/09/23 21:53:00.233, NVIDIA GeForce RTX 5090, 32607 MiB, 30770 MiB, 1418 MiB, 0 %, 12.99 W, 33
2026/09/23 21:53:05.244, NVIDIA GeForce RTX 5090, 32607 MiB, 30770 MiB, 1418 MiB, 0 %, 12.81 W, 33
2026/09/23 21:53:10.249, NVIDIA GeForce RTX 5090, 32607 MiB, 30770 MiB, 1418 MiB, 0 %, 12.97 W, 33
2026/09/23 21:53:15.264, NVIDIA GeForce RTX 5090, 32607 MiB, 30770 MiB, 1418 MiB, 0 %, 12.93 W, 33
2026/09/23 21:53:20.278, NVIDIA GeForce RTX 5090, 32607 MiB, 30770 MiB, 1418 MiB, 0 %, 13.10 W, 33
2026/09/23 21:53:25.279, NVIDIA GeForce RTX 5090, 32607 MiB, 30770 MiB, 1418 MiB, 0 %, 13.00 W, 33
2026/09/23 21:53:30.282, NVIDIA GeForce RTX 5090, 32607 MiB, 30770 MiB, 1418 MiB, 0 %, 12.89 W, 33
2026/09/23 21:53:35.298, NVIDIA GeForce RTX 5090, 32607 MiB, 30770 MiB, 1418 MiB, 0 %, 12.93 W, 33
2026/09/23 21:53:40.313, NVIDIA GeForce RTX 5090, 32607 MiB, 30770 MiB, 1418 MiB, 0 %, 12.94 W, 33
2026/09/23 21:53:45.324, NVIDIA GeForce RTX 5090, 32607 MiB, 30770 MiB, 1418 MiB, 0 %, 12.77 W, 33
2026/09/23 21:53:50.329, NVIDIA GeForce RTX 5090, 32607 MiB, 30770 MiB, 1418 MiB, 0 %, 13.02 W, 33
2026/09/23 21:53:55.332, NVIDIA GeForce RTX 5090, 32607 MiB, 30770 MiB, 1418 MiB, 0 %, 13.00 W, 33
2026/09/23 21:54:00.340, NVIDIA GeForce RTX 5090, 32607 MiB, 30770 MiB, 1418 MiB, 0 %, 13.02 W, 33
2026/09/23 21:54:05.351, NVIDIA GeForce RTX 5090, 32607 MiB, 30770 MiB, 1418 MiB, 0 %, 12.99 W, 33
2026/09/23 21:54:10.360, NVIDIA GeForce RTX 5090, 32607 MiB, 30770 MiB, 1418 MiB, 0 %, 12.85 W, 33
2026/09/23 21:54:15.374, NVIDIA GeForce RTX 5090, 32607 MiB, 30770 MiB, 1418 MiB, 0 %, 12.91 W, 32
2026/09/23 21:54:20.387, NVIDIA GeForce RTX 5090, 32607 MiB, 30770 MiB, 1418 MiB, 0 %, 13.14 W, 32
2026/09/23 21:54:25.388, NVIDIA GeForce RTX 5090, 32607 MiB, 30770 MiB, 1418 MiB, 0 %, 12.99 W, 32
2026/09/23 21:54:30.389, NVIDIA GeForce RTX 5090, 32607 MiB, 30770 MiB, 1418 MiB, 0 %, 13.00 W, 32
2026/09/23 21:54:35.392, NVIDIA GeForce RTX 5090, 32607 MiB, 30770 MiB, 1418 MiB, 0 %, 13.14 W, 32
2026/09/23 21:54:40.394, NVIDIA GeForce RTX 5090, 32607 MiB, 30770 MiB, 1418 MiB, 0 %, 12.91 W, 32
2026/09/23 21:54:45.397, NVIDIA GeForce RTX 5090, 32607 MiB, 30770 MiB, 1418 MiB, 0 %, 13.15 W, 32
2026/09/23 21:54:50.408, NVIDIA GeForce RTX 5090, 32607 MiB, 30770 MiB, 1418 MiB, 0 %, 13.22 W, 32
2026/09/23 21:54:55.413, NVIDIA GeForce RTX 5090, 32607 MiB, 30770 MiB, 1418 MiB, 0 %, 13.04 W, 32
2026/09/23 21:55:00.426, NVIDIA GeForce RTX 5090, 32607 MiB, 30770 MiB, 1418 MiB, 0 %, 13.11 W, 32
2026/09/23 21:55:05.435, NVIDIA GeForce RTX 5090, 32607 MiB, 30770 MiB, 1418 MiB, 0 %, 13.22 W, 32
2026/09/23 21:55:10.445, NVIDIA GeForce RTX 5090, 32607 MiB, 30770 MiB, 1418 MiB, 0 %, 13.14 W, 32
2026/09/23 21:55:15.448, NVIDIA GeForce RTX 5090, 32607 MiB, 30770 MiB, 1418 MiB, 0 %, 13.28 W, 32
2026/09/23 21:55:20.460, NVIDIA GeForce RTX 5090, 32607 MiB, 30770 MiB, 1418 MiB, 0 %, 13.17 W, 32
2026/09/23 21:55:25.473, NVIDIA GeForce RTX 5090, 32607 MiB, 30770 MiB, 1418 MiB, 0 %, 12.96 W, 32
2026/09/23 21:55:30.489, NVIDIA GeForce RTX 5090, 32607 MiB, 30770 MiB, 1418 MiB, 0 %, 13.06 W, 32
2026/09/23 21:55:35.497, NVIDIA GeForce RTX 5090, 32607 MiB, 30770 MiB, 1418 MiB, 0 %, 13.33 W, 32
2026/09/23 21:55:40.504, NVIDIA GeForce RTX 5090, 32607 MiB, 30770 MiB, 1418 MiB, 0 %, 12.82 W, 32
2026/09/23 21:55:45.519, NVIDIA GeForce RTX 5090, 32607 MiB, 30770 MiB, 1418 MiB, 0 %, 13.23 W, 32
2026/09/23 21:55:50.525, NVIDIA GeForce RTX 5090, 32607 MiB, 30770 MiB, 1418 MiB, 0 %, 13.02 W, 32
2026/09/23 21:55:55.532, NVIDIA GeForce RTX 5090, 32607 MiB, 30770 MiB, 1418 MiB, 0 %, 12.91 W, 32
2026/09/23 21:56:00.542, NVIDIA GeForce RTX 5090, 32607 MiB, 30770 MiB, 1418 MiB, 0 %, 13.02 W, 32
2026/09/23 21:56:05.552, NVIDIA GeForce RTX 5090, 32607 MiB, 30770 MiB, 1418 MiB, 0 %, 31.28 W, 33
2026/09/23 21:56:10.557, NVIDIA GeForce RTX 5090, 32607 MiB, 30770 MiB, 1418 MiB, 0 %, 13.63 W, 32
2026/09/23 21:56:15.560, NVIDIA GeForce RTX 5090, 32607 MiB, 30770 MiB, 1418 MiB, 0 %, 12.99 W, 32
2026/09/23 21:56:20.574, NVIDIA GeForce RTX 5090, 32607 MiB, 30770 MiB, 1418 MiB, 0 %, 12.94 W, 32
2026/09/23 21:56:25.577, NVIDIA GeForce RTX 5090, 32607 MiB, 15 MiB, 32173 MiB, 0 %, 13.17 W, 32
2026/09/23 21:56:30.593, NVIDIA GeForce RTX 5090, 32607 MiB, 15 MiB, 32173 MiB, 0 %, 13.31 W, 32
2026/09/23 21:56:35.605, NVIDIA GeForce RTX 5090, 32607 MiB, 15 MiB, 32173 MiB, 0 %, 12.92 W, 32
2026/09/23 21:56:40.612, NVIDIA GeForce RTX 5090, 32607 MiB, 15 MiB, 32173 MiB, 0 %, 13.31 W, 32
2026/09/23 21:56:45.627, NVIDIA GeForce RTX 5090, 32607 MiB, 15 MiB, 32173 MiB, 0 %, 13.19 W, 32
2026/09/23 21:56:50.635, NVIDIA GeForce RTX 5090, 32607 MiB, 15 MiB, 32173 MiB, 0 %, 13.02 W, 32
2026/09/23 21:56:55.649, NVIDIA GeForce RTX 5090, 32607 MiB, 15 MiB, 32173 MiB, 0 %, 13.07 W, 32
2026/09/23 21:57:00.655, NVIDIA GeForce RTX 5090, 32607 MiB, 15 MiB, 32173 MiB, 0 %, 12.96 W, 32
2026/09/23 21:57:05.669, NVIDIA GeForce RTX 5090, 32607 MiB, 15 MiB, 32173 MiB, 0 %, 12.91 W, 32
2026/09/23 21:57:10.678, NVIDIA GeForce RTX 5090, 32607 MiB, 15 MiB, 32173 MiB, 0 %, 13.77 W, 32
2026/09/23 21:57:15.683, NVIDIA GeForce RTX 5090, 32607 MiB, 15 MiB, 32173 MiB, 0 %, 13.04 W, 32
2026/09/23 21:57:20.686, NVIDIA GeForce RTX 5090, 32607 MiB, 15 MiB, 32173 MiB, 0 %, 12.78 W, 32
2026/09/23 21:57:25.693, NVIDIA GeForce RTX 5090, 32607 MiB, 15 MiB, 32173 MiB, 0 %, 13.01 W, 32
2026/09/23 21:57:30.696, NVIDIA GeForce RTX 5090, 32607 MiB, 15 MiB, 32173 MiB, 0 %, 12.93 W, 32
2026/09/23 21:57:35.700, NVIDIA GeForce RTX 5090, 32607 MiB, 682 MiB, 31506 MiB, 0 %, 59.60 W, 34
2026/09/23 21:57:40.700, NVIDIA GeForce RTX 5090, 32607 MiB, 682 MiB, 31506 MiB, 0 %, 60.13 W, 35
2026/09/23 21:57:45.703, NVIDIA GeForce RTX 5090, 32607 MiB, 5018 MiB, 27170 MiB, 3 %, 19.42 W, 32
2026/09/23 21:57:50.704, NVIDIA GeForce RTX 5090, 32607 MiB, 21110 MiB, 11078 MiB, 3 %, 35.80 W, 33
2026/09/23 21:57:55.710, NVIDIA GeForce RTX 5090, 32607 MiB, 21110 MiB, 11078 MiB, 49 %, 27.13 W, 32
2026/09/23 21:58:00.716, NVIDIA GeForce RTX 5090, 32607 MiB, 21110 MiB, 11078 MiB, 9 %, 32.24 W, 33
2026/09/23 21:58:05.725, NVIDIA GeForce RTX 5090, 32607 MiB, 26412 MiB, 5776 MiB, 4 %, 70.83 W, 35
2026/09/23 21:58:10.731, NVIDIA GeForce RTX 5090, 32607 MiB, 20360 MiB, 11828 MiB, 0 %, 18.70 W, 32
2026/09/23 21:58:15.740, NVIDIA GeForce RTX 5090, 32607 MiB, 20434 MiB, 11754 MiB, 0 %, 13.84 W, 32
2026/09/23 21:58:20.751, NVIDIA GeForce RTX 5090, 32607 MiB, 20520 MiB, 11668 MiB, 50 %, 24.97 W, 33
2026/09/23 21:58:25.765, NVIDIA GeForce RTX 5090, 32607 MiB, 20520 MiB, 11668 MiB, 0 %, 13.52 W, 32
2026/09/23 21:58:30.780, NVIDIA GeForce RTX 5090, 32607 MiB, 20610 MiB, 11578 MiB, 100 %, 16.19 W, 33
2026/09/23 21:58:35.795, NVIDIA GeForce RTX 5090, 32607 MiB, 20610 MiB, 11578 MiB, 0 %, 23.34 W, 33
2026/09/23 21:58:40.807, NVIDIA GeForce RTX 5090, 32607 MiB, 20610 MiB, 11578 MiB, 0 %, 12.93 W, 32
2026/09/23 21:58:45.817, NVIDIA GeForce RTX 5090, 32607 MiB, 20610 MiB, 11578 MiB, 0 %, 12.82 W, 32
2026/09/23 21:58:50.827, NVIDIA GeForce RTX 5090, 32607 MiB, 20422 MiB, 11766 MiB, 0 %, 129.56 W, 38
2026/09/23 21:58:55.839, NVIDIA GeForce RTX 5090, 32607 MiB, 20680 MiB, 11508 MiB, 0 %, 53.47 W, 35
2026/09/23 21:59:00.853, NVIDIA GeForce RTX 5090, 32607 MiB, 20680 MiB, 11508 MiB, 0 %, 26.58 W, 33
2026/09/23 21:59:05.854, NVIDIA GeForce RTX 5090, 32607 MiB, 20680 MiB, 11508 MiB, 0 %, 16.35 W, 32
2026/09/23 21:59:10.862, NVIDIA GeForce RTX 5090, 32607 MiB, 20680 MiB, 11508 MiB, 0 %, 90.05 W, 36
2026/09/23 21:59:15.871, NVIDIA GeForce RTX 5090, 32607 MiB, 20680 MiB, 11508 MiB, 0 %, 108.45 W, 37
2026/09/23 21:59:20.879, NVIDIA GeForce RTX 5090, 32607 MiB, 20680 MiB, 11508 MiB, 0 %, 34.64 W, 33
2026/09/23 21:59:25.883, NVIDIA GeForce RTX 5090, 32607 MiB, 20938 MiB, 11250 MiB, 0 %, 155.65 W, 39
2026/09/23 21:59:30.895, NVIDIA GeForce RTX 5090, 32607 MiB, 20938 MiB, 11250 MiB, 0 %, 151.43 W, 40
2026/09/23 21:59:35.906, NVIDIA GeForce RTX 5090, 32607 MiB, 20940 MiB, 11248 MiB, 67 %, 135.70 W, 40
2026/09/23 21:59:40.911, NVIDIA GeForce RTX 5090, 32607 MiB, 20940 MiB, 11248 MiB, 48 %, 135.73 W, 41
2026/09/23 21:59:45.920, NVIDIA GeForce RTX 5090, 32607 MiB, 20940 MiB, 11248 MiB, 0 %, 158.39 W, 40
2026/09/23 21:59:50.927, NVIDIA GeForce RTX 5090, 32607 MiB, 20942 MiB, 11246 MiB, 0 %, 112.92 W, 39
2026/09/23 21:59:55.932, NVIDIA GeForce RTX 5090, 32607 MiB, 20942 MiB, 11246 MiB, 0 %, 113.70 W, 39
2026/09/23 22:00:00.942, NVIDIA GeForce RTX 5090, 32607 MiB, 20944 MiB, 11244 MiB, 0 %, 118.84 W, 39
2026/09/23 22:00:05.950, NVIDIA GeForce RTX 5090, 32607 MiB, 20944 MiB, 11244 MiB, 0 %, 133.64 W, 40
2026/09/23 22:00:10.958, NVIDIA GeForce RTX 5090, 32607 MiB, 20756 MiB, 11432 MiB, 63 %, 142.33 W, 44
2026/09/23 22:00:15.964, NVIDIA GeForce RTX 5090, 32607 MiB, 20772 MiB, 11416 MiB, 0 %, 91.97 W, 38
2026/09/23 22:00:20.975, NVIDIA GeForce RTX 5090, 32607 MiB, 20636 MiB, 11552 MiB, 1 %, 105.54 W, 38
2026/09/23 22:00:25.991, NVIDIA GeForce RTX 5090, 32607 MiB, 30782 MiB, 1406 MiB, 99 %, 140.03 W, 42
2026/09/23 22:00:30.993, NVIDIA GeForce RTX 5090, 32607 MiB, 30782 MiB, 1406 MiB, 100 %, 121.46 W, 41
2026/09/23 22:00:35.995, NVIDIA GeForce RTX 5090, 32607 MiB, 30920 MiB, 1268 MiB, 100 %, 116.34 W, 41
2026/09/23 22:00:41.006, NVIDIA GeForce RTX 5090, 32607 MiB, 30920 MiB, 1268 MiB, 100 %, 121.20 W, 41
2026/09/23 22:00:46.019, NVIDIA GeForce RTX 5090, 32607 MiB, 30770 MiB, 1418 MiB, 100 %, 119.68 W, 41
2026/09/23 22:00:51.024, NVIDIA GeForce RTX 5090, 32607 MiB, 30898 MiB, 1290 MiB, 99 %, 120.76 W, 41
2026/09/23 22:00:56.031, NVIDIA GeForce RTX 5090, 32607 MiB, 30898 MiB, 1290 MiB, 99 %, 125.06 W, 42
2026/09/23 22:01:01.035, NVIDIA GeForce RTX 5090, 32607 MiB, 30396 MiB, 1792 MiB, 98 %, 133.47 W, 42
2026/09/23 22:01:06.043, NVIDIA GeForce RTX 5090, 32607 MiB, 30518 MiB, 1670 MiB, 100 %, 127.64 W, 42
2026/09/23 22:01:11.058, NVIDIA GeForce RTX 5090, 32607 MiB, 30840 MiB, 1348 MiB, 100 %, 125.51 W, 42
2026/09/23 22:01:16.073, NVIDIA GeForce RTX 5090, 32607 MiB, 30452 MiB, 1736 MiB, 37 %, 50.60 W, 37
2026/09/23 22:01:21.081, NVIDIA GeForce RTX 5090, 32607 MiB, 30452 MiB, 1736 MiB, 0 %, 26.71 W, 34
2026/09/23 22:01:26.085, NVIDIA GeForce RTX 5090, 32607 MiB, 30452 MiB, 1736 MiB, 0 %, 14.13 W, 33
2026/09/23 22:01:31.095, NVIDIA GeForce RTX 5090, 32607 MiB, 30452 MiB, 1736 MiB, 0 %, 14.17 W, 33
2026/09/23 22:01:36.096, NVIDIA GeForce RTX 5090, 32607 MiB, 30452 MiB, 1736 MiB, 0 %, 13.07 W, 33
2026/09/23 22:01:41.099, NVIDIA GeForce RTX 5090, 32607 MiB, 30452 MiB, 1736 MiB, 0 %, 13.20 W, 33
2026/09/23 22:01:46.101, NVIDIA GeForce RTX 5090, 32607 MiB, 30452 MiB, 1736 MiB, 0 %, 13.16 W, 33
2026/09/23 22:01:51.113, NVIDIA GeForce RTX 5090, 32607 MiB, 30452 MiB, 1736 MiB, 0 %, 12.90 W, 33
2026/09/23 22:01:56.117, NVIDIA GeForce RTX 5090, 32607 MiB, 30452 MiB, 1736 MiB, 0 %, 13.21 W, 33
2026/09/23 22:02:01.130, NVIDIA GeForce RTX 5090, 32607 MiB, 30452 MiB, 1736 MiB, 0 %, 13.16 W, 33
2026/09/23 22:02:06.135, NVIDIA GeForce RTX 5090, 32607 MiB, 30452 MiB, 1736 MiB, 0 %, 13.18 W, 33
2026/09/23 22:02:11.136, NVIDIA GeForce RTX 5090, 32607 MiB, 30452 MiB, 1736 MiB, 0 %, 13.24 W, 33
2026/09/23 22:02:16.151, NVIDIA GeForce RTX 5090, 32607 MiB, 30452 MiB, 1736 MiB, 0 %, 13.10 W, 33
2026/09/23 22:02:21.162, NVIDIA GeForce RTX 5090, 32607 MiB, 30452 MiB, 1736 MiB, 0 %, 12.97 W, 33
2026/09/23 22:02:26.178, NVIDIA GeForce RTX 5090, 32607 MiB, 30452 MiB, 1736 MiB, 0 %, 12.97 W, 33
2026/09/23 22:02:31.181, NVIDIA GeForce RTX 5090, 32607 MiB, 30452 MiB, 1736 MiB, 0 %, 13.28 W, 33
2026/09/23 22:02:36.187, NVIDIA GeForce RTX 5090, 32607 MiB, 30452 MiB, 1736 MiB, 0 %, 12.88 W, 33
2026/09/23 22:02:41.191, NVIDIA GeForce RTX 5090, 32607 MiB, 30452 MiB, 1736 MiB, 0 %, 13.29 W, 33
2026/09/23 22:02:46.205, NVIDIA GeForce RTX 5090, 32607 MiB, 30452 MiB, 1736 MiB, 0 %, 13.24 W, 33
2026/09/23 22:02:51.214, NVIDIA GeForce RTX 5090, 32607 MiB, 30452 MiB, 1736 MiB, 0 %, 13.01 W, 33
2026/09/23 22:02:56.218, NVIDIA GeForce RTX 5090, 32607 MiB, 30452 MiB, 1736 MiB, 0 %, 13.17 W, 33
2026/09/23 22:03:01.231, NVIDIA GeForce RTX 5090, 32607 MiB, 30452 MiB, 1736 MiB, 0 %, 13.21 W, 33
2026/09/23 22:03:06.239, NVIDIA GeForce RTX 5090, 32607 MiB, 30452 MiB, 1736 MiB, 0 %, 13.09 W, 33
2026/09/23 22:03:11.246, NVIDIA GeForce RTX 5090, 32607 MiB, 30452 MiB, 1736 MiB, 0 %, 13.21 W, 33
2026/09/23 22:03:16.255, NVIDIA GeForce RTX 5090, 32607 MiB, 30452 MiB, 1736 MiB, 0 %, 13.09 W, 33
2026/09/23 22:03:21.262, NVIDIA GeForce RTX 5090, 32607 MiB, 30452 MiB, 1736 MiB, 0 %, 61.17 W, 35
2026/09/23 22:03:26.271, NVIDIA GeForce RTX 5090, 32607 MiB, 30746 MiB, 1442 MiB, 100 %, 166.53 W, 43
2026/09/23 22:03:31.273, NVIDIA GeForce RTX 5090, 32607 MiB, 30746 MiB, 1442 MiB, 100 %, 167.29 W, 44
2026/09/23 22:03:36.279, NVIDIA GeForce RTX 5090, 32607 MiB, 30746 MiB, 1442 MiB, 100 %, 172.35 W, 44
2026/09/23 22:03:41.285, NVIDIA GeForce RTX 5090, 32607 MiB, 30746 MiB, 1442 MiB, 100 %, 172.59 W, 45
2026/09/23 22:03:46.300, NVIDIA GeForce RTX 5090, 32607 MiB, 30746 MiB, 1442 MiB, 100 %, 167.95 W, 46
2026/09/23 22:03:51.309, NVIDIA GeForce RTX 5090, 32607 MiB, 30746 MiB, 1442 MiB, 100 %, 172.74 W, 46
2026/09/23 22:03:56.316, NVIDIA GeForce RTX 5090, 32607 MiB, 30746 MiB, 1442 MiB, 100 %, 187.62 W, 46
2026/09/23 22:04:01.333, NVIDIA GeForce RTX 5090, 32607 MiB, 30746 MiB, 1442 MiB, 100 %, 203.23 W, 46
2026/09/23 22:04:06.348, NVIDIA GeForce RTX 5090, 32607 MiB, 30746 MiB, 1442 MiB, 100 %, 210.40 W, 47
2026/09/23 22:04:11.364, NVIDIA GeForce RTX 5090, 32607 MiB, 30746 MiB, 1442 MiB, 99 %, 209.93 W, 47
2026/09/23 22:04:16.378, NVIDIA GeForce RTX 5090, 32607 MiB, 30746 MiB, 1442 MiB, 98 %, 203.51 W, 54
2026/09/23 22:04:21.383, NVIDIA GeForce RTX 5090, 32607 MiB, 30746 MiB, 1442 MiB, 99 %, 179.04 W, 51
2026/09/23 22:04:26.392, NVIDIA GeForce RTX 5090, 32607 MiB, 30746 MiB, 1442 MiB, 99 %, 175.15 W, 50
2026/09/23 22:04:31.400, NVIDIA GeForce RTX 5090, 32607 MiB, 30746 MiB, 1442 MiB, 100 %, 165.93 W, 45
2026/09/23 22:04:36.408, NVIDIA GeForce RTX 5090, 32607 MiB, 30746 MiB, 1442 MiB, 100 %, 165.92 W, 45
2026/09/23 22:04:41.418, NVIDIA GeForce RTX 5090, 32607 MiB, 30746 MiB, 1442 MiB, 100 %, 169.88 W, 45
2026/09/23 22:04:46.426, NVIDIA GeForce RTX 5090, 32607 MiB, 30746 MiB, 1442 MiB, 100 %, 165.17 W, 45
2026/09/23 22:04:51.441, NVIDIA GeForce RTX 5090, 32607 MiB, 30746 MiB, 1442 MiB, 100 %, 166.38 W, 45
2026/09/23 22:04:56.442, NVIDIA GeForce RTX 5090, 32607 MiB, 30746 MiB, 1442 MiB, 100 %, 169.92 W, 45
2026/09/23 22:05:01.445, NVIDIA GeForce RTX 5090, 32607 MiB, 30746 MiB, 1442 MiB, 100 %, 166.56 W, 45
2026/09/23 22:05:06.453, NVIDIA GeForce RTX 5090, 32607 MiB, 30746 MiB, 1442 MiB, 100 %, 165.92 W, 45
2026/09/23 22:05:11.457, NVIDIA GeForce RTX 5090, 32607 MiB, 30746 MiB, 1442 MiB, 100 %, 194.78 W, 47
2026/09/23 22:05:16.468, NVIDIA GeForce RTX 5090, 32607 MiB, 30746 MiB, 1442 MiB, 100 %, 193.17 W, 47
2026/09/23 22:05:21.474, NVIDIA GeForce RTX 5090, 32607 MiB, 30746 MiB, 1442 MiB, 100 %, 192.50 W, 46
2026/09/23 22:05:26.484, NVIDIA GeForce RTX 5090, 32607 MiB, 30746 MiB, 1442 MiB, 100 %, 193.26 W, 47
2026/09/23 22:05:31.492, NVIDIA GeForce RTX 5090, 32607 MiB, 30746 MiB, 1442 MiB, 100 %, 191.29 W, 47
2026/09/23 22:05:36.497, NVIDIA GeForce RTX 5090, 32607 MiB, 30746 MiB, 1442 MiB, 100 %, 190.81 W, 47
2026/09/23 22:05:41.508, NVIDIA GeForce RTX 5090, 32607 MiB, 30746 MiB, 1442 MiB, 100 %, 157.44 W, 45
2026/09/23 22:05:46.514, NVIDIA GeForce RTX 5090, 32607 MiB, 30746 MiB, 1442 MiB, 100 %, 151.52 W, 45
2026/09/23 22:05:51.522, NVIDIA GeForce RTX 5090, 32607 MiB, 30746 MiB, 1442 MiB, 100 %, 200.44 W, 48
2026/09/23 22:05:56.529, NVIDIA GeForce RTX 5090, 32607 MiB, 30748 MiB, 1440 MiB, 100 %, 163.20 W, 46
2026/09/23 22:06:01.536, NVIDIA GeForce RTX 5090, 32607 MiB, 30748 MiB, 1440 MiB, 100 %, 163.19 W, 46
2026/09/23 22:06:06.539, NVIDIA GeForce RTX 5090, 32607 MiB, 30748 MiB, 1440 MiB, 100 %, 206.29 W, 48
2026/09/23 22:06:11.553, NVIDIA GeForce RTX 5090, 32607 MiB, 30748 MiB, 1440 MiB, 97 %, 206.13 W, 52
2026/09/23 22:06:16.564, NVIDIA GeForce RTX 5090, 32607 MiB, 30748 MiB, 1440 MiB, 100 %, 175.36 W, 48
2026/09/23 22:06:21.573, NVIDIA GeForce RTX 5090, 32607 MiB, 30748 MiB, 1440 MiB, 100 %, 173.45 W, 48
2026/09/23 22:06:26.578, NVIDIA GeForce RTX 5090, 32607 MiB, 30748 MiB, 1440 MiB, 100 %, 195.92 W, 48
2026/09/23 22:06:31.582, NVIDIA GeForce RTX 5090, 32607 MiB, 30748 MiB, 1440 MiB, 0 %, 36.60 W, 38
2026/09/23 22:06:36.598, NVIDIA GeForce RTX 5090, 32607 MiB, 30748 MiB, 1440 MiB, 0 %, 18.12 W, 37
2026/09/23 22:06:41.613, NVIDIA GeForce RTX 5090, 32607 MiB, 30748 MiB, 1440 MiB, 0 %, 14.27 W, 36
2026/09/23 22:06:46.626, NVIDIA GeForce RTX 5090, 32607 MiB, 30748 MiB, 1440 MiB, 0 %, 14.61 W, 36
2026/09/23 22:06:51.635, NVIDIA GeForce RTX 5090, 32607 MiB, 30748 MiB, 1440 MiB, 0 %, 14.19 W, 36
2026/09/23 22:06:56.640, NVIDIA GeForce RTX 5090, 32607 MiB, 30748 MiB, 1440 MiB, 0 %, 14.31 W, 36
2026/09/23 22:07:01.646, NVIDIA GeForce RTX 5090, 32607 MiB, 30748 MiB, 1440 MiB, 0 %, 14.35 W, 35
2026/09/23 22:07:06.660, NVIDIA GeForce RTX 5090, 32607 MiB, 30748 MiB, 1440 MiB, 0 %, 14.14 W, 35
2026/09/23 22:07:11.661, NVIDIA GeForce RTX 5090, 32607 MiB, 30748 MiB, 1440 MiB, 0 %, 14.43 W, 35
2026/09/23 22:07:16.676, NVIDIA GeForce RTX 5090, 32607 MiB, 30748 MiB, 1440 MiB, 100 %, 193.67 W, 45
2026/09/23 22:07:21.684, NVIDIA GeForce RTX 5090, 32607 MiB, 30748 MiB, 1440 MiB, 99 %, 195.67 W, 47
2026/09/23 22:07:26.689, NVIDIA GeForce RTX 5090, 32607 MiB, 30748 MiB, 1440 MiB, 100 %, 193.73 W, 47
2026/09/23 22:07:31.703, NVIDIA GeForce RTX 5090, 32607 MiB, 30748 MiB, 1440 MiB, 100 %, 191.96 W, 47
2026/09/23 22:07:36.707, NVIDIA GeForce RTX 5090, 32607 MiB, 30748 MiB, 1440 MiB, 100 %, 194.17 W, 48
2026/09/23 22:07:41.719, NVIDIA GeForce RTX 5090, 32607 MiB, 30748 MiB, 1440 MiB, 100 %, 195.90 W, 47
2026/09/23 22:07:46.732, NVIDIA GeForce RTX 5090, 32607 MiB, 30748 MiB, 1440 MiB, 100 %, 192.34 W, 47
2026/09/23 22:07:51.745, NVIDIA GeForce RTX 5090, 32607 MiB, 30748 MiB, 1440 MiB, 100 %, 196.27 W, 47
2026/09/23 22:07:56.758, NVIDIA GeForce RTX 5090, 32607 MiB, 30748 MiB, 1440 MiB, 99 %, 193.30 W, 49
2026/09/23 22:08:01.762, NVIDIA GeForce RTX 5090, 32607 MiB, 30748 MiB, 1440 MiB, 100 %, 194.17 W, 48
2026/09/23 22:08:06.770, NVIDIA GeForce RTX 5090, 32607 MiB, 30748 MiB, 1440 MiB, 100 %, 193.39 W, 48
2026/09/23 22:08:11.784, NVIDIA GeForce RTX 5090, 32607 MiB, 30748 MiB, 1440 MiB, 100 %, 194.55 W, 47
2026/09/23 22:08:16.796, NVIDIA GeForce RTX 5090, 32607 MiB, 30748 MiB, 1440 MiB, 100 %, 195.25 W, 47
2026/09/23 22:08:21.810, NVIDIA GeForce RTX 5090, 32607 MiB, 30748 MiB, 1440 MiB, 100 %, 195.54 W, 47
2026/09/23 22:08:26.820, NVIDIA GeForce RTX 5090, 32607 MiB, 30748 MiB, 1440 MiB, 100 %, 193.16 W, 47
2026/09/23 22:08:31.828, NVIDIA GeForce RTX 5090, 32607 MiB, 30748 MiB, 1440 MiB, 100 %, 191.77 W, 47
2026/09/23 22:08:36.833, NVIDIA GeForce RTX 5090, 32607 MiB, 30748 MiB, 1440 MiB, 100 %, 192.02 W, 47
2026/09/23 22:08:41.836, NVIDIA GeForce RTX 5090, 32607 MiB, 30748 MiB, 1440 MiB, 100 %, 194.68 W, 48
2026/09/23 22:08:46.846, NVIDIA GeForce RTX 5090, 32607 MiB, 30748 MiB, 1440 MiB, 100 %, 194.89 W, 48
2026/09/23 22:08:51.855, NVIDIA GeForce RTX 5090, 32607 MiB, 30748 MiB, 1440 MiB, 100 %, 191.85 W, 47
2026/09/23 22:08:56.863, NVIDIA GeForce RTX 5090, 32607 MiB, 30748 MiB, 1440 MiB, 100 %, 194.76 W, 47
2026/09/23 22:09:01.875, NVIDIA GeForce RTX 5090, 32607 MiB, 30748 MiB, 1440 MiB, 100 %, 196.31 W, 48
2026/09/23 22:09:06.879, NVIDIA GeForce RTX 5090, 32607 MiB, 30748 MiB, 1440 MiB, 100 %, 192.16 W, 49
2026/09/23 22:09:11.886, NVIDIA GeForce RTX 5090, 32607 MiB, 30748 MiB, 1440 MiB, 99 %, 193.30 W, 48
2026/09/23 22:09:16.891, NVIDIA GeForce RTX 5090, 32607 MiB, 30748 MiB, 1440 MiB, 100 %, 194.66 W, 48
2026/09/23 22:09:21.902, NVIDIA GeForce RTX 5090, 32607 MiB, 30748 MiB, 1440 MiB, 100 %, 192.73 W, 48
2026/09/23 22:09:26.910, NVIDIA GeForce RTX 5090, 32607 MiB, 30748 MiB, 1440 MiB, 100 %, 193.20 W, 49
2026/09/23 22:09:31.923, NVIDIA GeForce RTX 5090, 32607 MiB, 30748 MiB, 1440 MiB, 100 %, 193.19 W, 49
2026/09/23 22:09:36.937, NVIDIA GeForce RTX 5090, 32607 MiB, 30748 MiB, 1440 MiB, 100 %, 193.20 W, 48
2026/09/23 22:09:41.940, NVIDIA GeForce RTX 5090, 32607 MiB, 30748 MiB, 1440 MiB, 100 %, 193.23 W, 48
2026/09/23 22:09:46.950, NVIDIA GeForce RTX 5090, 32607 MiB, 30748 MiB, 1440 MiB, 100 %, 192.81 W, 48
2026/09/23 22:09:51.962, NVIDIA GeForce RTX 5090, 32607 MiB, 30748 MiB, 1440 MiB, 100 %, 192.20 W, 49
2026/09/23 22:09:56.967, NVIDIA GeForce RTX 5090, 32607 MiB, 30748 MiB, 1440 MiB, 100 %, 197.24 W, 49
2026/09/23 22:10:01.969, NVIDIA GeForce RTX 5090, 32607 MiB, 30748 MiB, 1440 MiB, 100 %, 194.68 W, 50
2026/09/23 22:10:06.982, NVIDIA GeForce RTX 5090, 32607 MiB, 30748 MiB, 1440 MiB, 100 %, 195.90 W, 48
2026/09/23 22:10:11.990, NVIDIA GeForce RTX 5090, 32607 MiB, 30748 MiB, 1440 MiB, 100 %, 197.69 W, 49
2026/09/23 22:10:17.003, NVIDIA GeForce RTX 5090, 32607 MiB, 30748 MiB, 1440 MiB, 100 %, 198.28 W, 50
2026/09/23 22:10:22.017, NVIDIA GeForce RTX 5090, 32607 MiB, 30748 MiB, 1440 MiB, 100 %, 197.10 W, 48
2026/09/23 22:10:27.019, NVIDIA GeForce RTX 5090, 32607 MiB, 30748 MiB, 1440 MiB, 100 %, 195.06 W, 48
2026/09/23 22:10:32.034, NVIDIA GeForce RTX 5090, 32607 MiB, 30748 MiB, 1440 MiB, 100 %, 196.15 W, 49
2026/09/23 22:10:37.036, NVIDIA GeForce RTX 5090, 32607 MiB, 30748 MiB, 1440 MiB, 100 %, 195.45 W, 48
2026/09/23 22:10:42.046, NVIDIA GeForce RTX 5090, 32607 MiB, 30748 MiB, 1440 MiB, 100 %, 194.48 W, 49
2026/09/23 22:10:47.047, NVIDIA GeForce RTX 5090, 32607 MiB, 30748 MiB, 1440 MiB, 100 %, 197.96 W, 50
2026/09/23 22:10:52.062, NVIDIA GeForce RTX 5090, 32607 MiB, 30748 MiB, 1440 MiB, 100 %, 199.04 W, 49
2026/09/23 22:10:57.077, NVIDIA GeForce RTX 5090, 32607 MiB, 30748 MiB, 1440 MiB, 0 %, 36.77 W, 40
2026/09/23 22:11:02.081, NVIDIA GeForce RTX 5090, 32607 MiB, 30748 MiB, 1440 MiB, 0 %, 15.91 W, 38
2026/09/23 22:11:07.091, NVIDIA GeForce RTX 5090, 32607 MiB, 30748 MiB, 1440 MiB, 0 %, 16.04 W, 37
2026/09/23 22:11:12.095, NVIDIA GeForce RTX 5090, 32607 MiB, 30748 MiB, 1440 MiB, 0 %, 14.73 W, 37
2026/09/23 22:11:17.097, NVIDIA GeForce RTX 5090, 32607 MiB, 30748 MiB, 1440 MiB, 0 %, 14.48 W, 37
2026/09/23 22:11:22.107, NVIDIA GeForce RTX 5090, 32607 MiB, 30748 MiB, 1440 MiB, 0 %, 14.41 W, 36
2026/09/23 22:11:27.114, NVIDIA GeForce RTX 5090, 32607 MiB, 30748 MiB, 1440 MiB, 0 %, 14.63 W, 36
2026/09/23 22:11:32.128, NVIDIA GeForce RTX 5090, 32607 MiB, 30748 MiB, 1440 MiB, 0 %, 14.74 W, 36
2026/09/23 22:11:37.130, NVIDIA GeForce RTX 5090, 32607 MiB, 30748 MiB, 1440 MiB, 0 %, 14.58 W, 36
2026/09/23 22:11:42.145, NVIDIA GeForce RTX 5090, 32607 MiB, 30748 MiB, 1440 MiB, 0 %, 14.69 W, 36
2026/09/23 22:11:47.149, NVIDIA GeForce RTX 5090, 32607 MiB, 30748 MiB, 1440 MiB, 0 %, 14.55 W, 36
2026/09/23 22:11:52.163, NVIDIA GeForce RTX 5090, 32607 MiB, 30748 MiB, 1440 MiB, 0 %, 14.37 W, 35
2026/09/23 22:11:57.178, NVIDIA GeForce RTX 5090, 32607 MiB, 30748 MiB, 1440 MiB, 0 %, 14.62 W, 35
2026/09/23 22:12:02.183, NVIDIA GeForce RTX 5090, 32607 MiB, 30748 MiB, 1440 MiB, 99 %, 197.69 W, 47
2026/09/23 22:12:07.190, NVIDIA GeForce RTX 5090, 32607 MiB, 30748 MiB, 1440 MiB, 100 %, 193.91 W, 47
2026/09/23 22:12:12.206, NVIDIA GeForce RTX 5090, 32607 MiB, 30748 MiB, 1440 MiB, 100 %, 194.46 W, 47
2026/09/23 22:12:17.213, NVIDIA GeForce RTX 5090, 32607 MiB, 30748 MiB, 1440 MiB, 100 %, 194.52 W, 47
2026/09/23 22:12:22.227, NVIDIA GeForce RTX 5090, 32607 MiB, 30748 MiB, 1440 MiB, 100 %, 194.39 W, 48
2026/09/23 22:12:27.229, NVIDIA GeForce RTX 5090, 32607 MiB, 30748 MiB, 1440 MiB, 100 %, 195.89 W, 48
2026/09/23 22:12:32.234, NVIDIA GeForce RTX 5090, 32607 MiB, 30748 MiB, 1440 MiB, 100 %, 196.74 W, 48
2026/09/23 22:12:37.247, NVIDIA GeForce RTX 5090, 32607 MiB, 30748 MiB, 1440 MiB, 100 %, 193.74 W, 47
2026/09/23 22:12:42.260, NVIDIA GeForce RTX 5090, 32607 MiB, 30748 MiB, 1440 MiB, 100 %, 197.16 W, 47
2026/09/23 22:12:47.264, NVIDIA GeForce RTX 5090, 32607 MiB, 30748 MiB, 1440 MiB, 100 %, 194.49 W, 47
2026/09/23 22:12:52.264, NVIDIA GeForce RTX 5090, 32607 MiB, 30748 MiB, 1440 MiB, 100 %, 196.50 W, 47
2026/09/23 22:12:57.268, NVIDIA GeForce RTX 5090, 32607 MiB, 30748 MiB, 1440 MiB, 100 %, 195.00 W, 47
2026/09/23 22:13:02.270, NVIDIA GeForce RTX 5090, 32607 MiB, 30748 MiB, 1440 MiB, 100 %, 197.18 W, 47
2026/09/23 22:13:07.271, NVIDIA GeForce RTX 5090, 32607 MiB, 30748 MiB, 1440 MiB, 100 %, 194.90 W, 48
2026/09/23 22:13:12.285, NVIDIA GeForce RTX 5090, 32607 MiB, 30748 MiB, 1440 MiB, 100 %, 193.24 W, 47
2026/09/23 22:13:17.291, NVIDIA GeForce RTX 5090, 32607 MiB, 30748 MiB, 1440 MiB, 100 %, 195.76 W, 48
2026/09/23 22:13:22.306, NVIDIA GeForce RTX 5090, 32607 MiB, 30748 MiB, 1440 MiB, 99 %, 197.76 W, 47
2026/09/23 22:13:27.308, NVIDIA GeForce RTX 5090, 32607 MiB, 30748 MiB, 1440 MiB, 100 %, 195.38 W, 49
2026/09/23 22:13:32.324, NVIDIA GeForce RTX 5090, 32607 MiB, 30748 MiB, 1440 MiB, 100 %, 197.93 W, 48
2026/09/23 22:13:37.335, NVIDIA GeForce RTX 5090, 32607 MiB, 30748 MiB, 1440 MiB, 100 %, 193.82 W, 48
2026/09/23 22:13:42.342, NVIDIA GeForce RTX 5090, 32607 MiB, 30748 MiB, 1440 MiB, 100 %, 198.47 W, 47
2026/09/23 22:13:47.357, NVIDIA GeForce RTX 5090, 32607 MiB, 30748 MiB, 1440 MiB, 99 %, 194.17 W, 48
2026/09/23 22:13:52.367, NVIDIA GeForce RTX 5090, 32607 MiB, 30748 MiB, 1440 MiB, 100 %, 195.68 W, 48
2026/09/23 22:13:57.378, NVIDIA GeForce RTX 5090, 32607 MiB, 30748 MiB, 1440 MiB, 100 %, 193.47 W, 48
2026/09/23 22:14:02.389, NVIDIA GeForce RTX 5090, 32607 MiB, 30748 MiB, 1440 MiB, 100 %, 194.91 W, 48
2026/09/23 22:14:07.399, NVIDIA GeForce RTX 5090, 32607 MiB, 30748 MiB, 1440 MiB, 100 %, 194.78 W, 48
2026/09/23 22:14:12.412, NVIDIA GeForce RTX 5090, 32607 MiB, 30748 MiB, 1440 MiB, 100 %, 195.24 W, 48
2026/09/23 22:14:17.426, NVIDIA GeForce RTX 5090, 32607 MiB, 30748 MiB, 1440 MiB, 100 %, 194.39 W, 48
2026/09/23 22:14:22.436, NVIDIA GeForce RTX 5090, 32607 MiB, 30748 MiB, 1440 MiB, 100 %, 196.96 W, 48
2026/09/23 22:14:27.438, NVIDIA GeForce RTX 5090, 32607 MiB, 30748 MiB, 1440 MiB, 100 %, 195.34 W, 48
2026/09/23 22:14:32.443, NVIDIA GeForce RTX 5090, 32607 MiB, 30748 MiB, 1440 MiB, 100 %, 196.44 W, 48
2026/09/23 22:14:37.449, NVIDIA GeForce RTX 5090, 32607 MiB, 30748 MiB, 1440 MiB, 100 %, 196.30 W, 49
2026/09/23 22:14:42.457, NVIDIA GeForce RTX 5090, 32607 MiB, 30748 MiB, 1440 MiB, 100 %, 194.79 W, 49
2026/09/23 22:14:47.473, NVIDIA GeForce RTX 5090, 32607 MiB, 30748 MiB, 1440 MiB, 100 %, 194.08 W, 48
2026/09/23 22:14:52.484, NVIDIA GeForce RTX 5090, 32607 MiB, 30748 MiB, 1440 MiB, 100 %, 195.39 W, 49
2026/09/23 22:14:57.493, NVIDIA GeForce RTX 5090, 32607 MiB, 30748 MiB, 1440 MiB, 100 %, 194.14 W, 49
2026/09/23 22:15:02.502, NVIDIA GeForce RTX 5090, 32607 MiB, 30748 MiB, 1440 MiB, 100 %, 193.96 W, 49
2026/09/23 22:15:07.511, NVIDIA GeForce RTX 5090, 32607 MiB, 30748 MiB, 1440 MiB, 100 %, 195.29 W, 49
2026/09/23 22:15:12.522, NVIDIA GeForce RTX 5090, 32607 MiB, 30748 MiB, 1440 MiB, 100 %, 194.03 W, 48
2026/09/23 22:15:17.533, NVIDIA GeForce RTX 5090, 32607 MiB, 30748 MiB, 1440 MiB, 100 %, 192.57 W, 49
2026/09/23 22:15:22.535, NVIDIA GeForce RTX 5090, 32607 MiB, 30748 MiB, 1440 MiB, 100 %, 197.40 W, 48
2026/09/23 22:15:27.550, NVIDIA GeForce RTX 5090, 32607 MiB, 30748 MiB, 1440 MiB, 100 %, 196.07 W, 49
2026/09/23 22:15:32.556, NVIDIA GeForce RTX 5090, 32607 MiB, 30748 MiB, 1440 MiB, 100 %, 196.75 W, 49
2026/09/23 22:15:37.560, NVIDIA GeForce RTX 5090, 32607 MiB, 30748 MiB, 1440 MiB, 100 %, 195.52 W, 48
2026/09/23 22:15:42.574, NVIDIA GeForce RTX 5090, 32607 MiB, 30748 MiB, 1440 MiB, 99 %, 199.37 W, 50
2026/09/23 22:15:47.588, NVIDIA GeForce RTX 5090, 32607 MiB, 30748 MiB, 1440 MiB, 100 %, 196.35 W, 49
2026/09/23 22:15:52.598, NVIDIA GeForce RTX 5090, 32607 MiB, 30748 MiB, 1440 MiB, 100 %, 194.49 W, 49
2026/09/23 22:15:57.605, NVIDIA GeForce RTX 5090, 32607 MiB, 30748 MiB, 1440 MiB, 99 %, 198.52 W, 50
2026/09/23 22:16:02.619, NVIDIA GeForce RTX 5090, 32607 MiB, 30748 MiB, 1440 MiB, 100 %, 197.36 W, 49
2026/09/23 22:16:07.626, NVIDIA GeForce RTX 5090, 32607 MiB, 30748 MiB, 1440 MiB, 100 %, 194.40 W, 49
2026/09/23 22:16:12.633, NVIDIA GeForce RTX 5090, 32607 MiB, 30748 MiB, 1440 MiB, 100 %, 194.16 W, 49
2026/09/23 22:16:17.643, NVIDIA GeForce RTX 5090, 32607 MiB, 30748 MiB, 1440 MiB, 100 %, 194.29 W, 49
2026/09/23 22:16:22.651, NVIDIA GeForce RTX 5090, 32607 MiB, 30748 MiB, 1440 MiB, 100 %, 194.43 W, 49
2026/09/23 22:16:27.659, NVIDIA GeForce RTX 5090, 32607 MiB, 30748 MiB, 1440 MiB, 100 %, 197.07 W, 50
2026/09/23 22:16:32.663, NVIDIA GeForce RTX 5090, 32607 MiB, 30748 MiB, 1440 MiB, 100 %, 195.67 W, 49
2026/09/23 22:16:37.679, NVIDIA GeForce RTX 5090, 32607 MiB, 30748 MiB, 1440 MiB, 100 %, 194.48 W, 49
2026/09/23 22:16:42.686, NVIDIA GeForce RTX 5090, 32607 MiB, 30748 MiB, 1440 MiB, 100 %, 197.36 W, 49
2026/09/23 22:16:47.702, NVIDIA GeForce RTX 5090, 32607 MiB, 30748 MiB, 1440 MiB, 100 %, 199.00 W, 49
2026/09/23 22:16:52.716, NVIDIA GeForce RTX 5090, 32607 MiB, 30748 MiB, 1440 MiB, 100 %, 198.57 W, 49
2026/09/23 22:16:57.726, NVIDIA GeForce RTX 5090, 32607 MiB, 30748 MiB, 1440 MiB, 100 %, 196.49 W, 50
2026/09/23 22:17:02.731, NVIDIA GeForce RTX 5090, 32607 MiB, 30748 MiB, 1440 MiB, 100 %, 197.68 W, 50
2026/09/23 22:17:07.742, NVIDIA GeForce RTX 5090, 32607 MiB, 30748 MiB, 1440 MiB, 100 %, 194.02 W, 49
2026/09/23 22:17:12.742, NVIDIA GeForce RTX 5090, 32607 MiB, 30748 MiB, 1440 MiB, 100 %, 195.97 W, 50
2026/09/23 22:17:17.757, NVIDIA GeForce RTX 5090, 32607 MiB, 30748 MiB, 1440 MiB, 100 %, 193.20 W, 49
2026/09/23 22:17:22.765, NVIDIA GeForce RTX 5090, 32607 MiB, 30748 MiB, 1440 MiB, 100 %, 193.81 W, 49
2026/09/23 22:17:27.775, NVIDIA GeForce RTX 5090, 32607 MiB, 30748 MiB, 1440 MiB, 100 %, 194.68 W, 50
2026/09/23 22:17:32.784, NVIDIA GeForce RTX 5090, 32607 MiB, 30748 MiB, 1440 MiB, 99 %, 197.32 W, 49
2026/09/23 22:17:37.788, NVIDIA GeForce RTX 5090, 32607 MiB, 30748 MiB, 1440 MiB, 100 %, 195.63 W, 49
2026/09/23 22:17:42.795, NVIDIA GeForce RTX 5090, 32607 MiB, 30748 MiB, 1440 MiB, 100 %, 194.44 W, 49
2026/09/23 22:17:47.804, NVIDIA GeForce RTX 5090, 32607 MiB, 30748 MiB, 1440 MiB, 100 %, 196.35 W, 49
2026/09/23 22:17:52.810, NVIDIA GeForce RTX 5090, 32607 MiB, 30748 MiB, 1440 MiB, 100 %, 196.79 W, 50
2026/09/23 22:17:57.826, NVIDIA GeForce RTX 5090, 32607 MiB, 30748 MiB, 1440 MiB, 100 %, 197.81 W, 49
2026/09/23 22:18:02.840, NVIDIA GeForce RTX 5090, 32607 MiB, 30748 MiB, 1440 MiB, 100 %, 199.16 W, 49
2026/09/23 22:18:07.844, NVIDIA GeForce RTX 5090, 32607 MiB, 30748 MiB, 1440 MiB, 100 %, 199.84 W, 50
2026/09/23 22:18:12.852, NVIDIA GeForce RTX 5090, 32607 MiB, 30748 MiB, 1440 MiB, 100 %, 197.97 W, 49
2026/09/23 22:18:17.858, NVIDIA GeForce RTX 5090, 32607 MiB, 30748 MiB, 1440 MiB, 100 %, 197.45 W, 49
2026/09/23 22:18:22.870, NVIDIA GeForce RTX 5090, 32607 MiB, 30748 MiB, 1440 MiB, 100 %, 197.16 W, 50
2026/09/23 22:18:27.874, NVIDIA GeForce RTX 5090, 32607 MiB, 30748 MiB, 1440 MiB, 100 %, 194.69 W, 49
2026/09/23 22:18:32.878, NVIDIA GeForce RTX 5090, 32607 MiB, 30748 MiB, 1440 MiB, 100 %, 196.76 W, 49
2026/09/23 22:18:37.887, NVIDIA GeForce RTX 5090, 32607 MiB, 30748 MiB, 1440 MiB, 100 %, 194.80 W, 49
2026/09/23 22:18:42.895, NVIDIA GeForce RTX 5090, 32607 MiB, 30748 MiB, 1440 MiB, 100 %, 195.66 W, 49
2026/09/23 22:18:47.898, NVIDIA GeForce RTX 5090, 32607 MiB, 30748 MiB, 1440 MiB, 100 %, 197.49 W, 50
2026/09/23 22:18:52.905, NVIDIA GeForce RTX 5090, 32607 MiB, 30748 MiB, 1440 MiB, 100 %, 194.97 W, 49
2026/09/23 22:18:57.919, NVIDIA GeForce RTX 5090, 32607 MiB, 30748 MiB, 1440 MiB, 100 %, 197.62 W, 50
2026/09/23 22:19:02.926, NVIDIA GeForce RTX 5090, 32607 MiB, 30748 MiB, 1440 MiB, 100 %, 197.54 W, 50
2026/09/23 22:19:07.928, NVIDIA GeForce RTX 5090, 32607 MiB, 30748 MiB, 1440 MiB, 100 %, 193.45 W, 49
2026/09/23 22:19:12.931, NVIDIA GeForce RTX 5090, 32607 MiB, 30748 MiB, 1440 MiB, 100 %, 195.81 W, 49
2026/09/23 22:19:17.933, NVIDIA GeForce RTX 5090, 32607 MiB, 30748 MiB, 1440 MiB, 100 %, 195.99 W, 49
2026/09/23 22:19:22.945, NVIDIA GeForce RTX 5090, 32607 MiB, 30748 MiB, 1440 MiB, 100 %, 197.44 W, 50
2026/09/23 22:19:27.953, NVIDIA GeForce RTX 5090, 32607 MiB, 30748 MiB, 1440 MiB, 100 %, 195.84 W, 49
2026/09/23 22:19:32.967, NVIDIA GeForce RTX 5090, 32607 MiB, 30748 MiB, 1440 MiB, 100 %, 198.70 W, 51
2026/09/23 22:19:37.979, NVIDIA GeForce RTX 5090, 32607 MiB, 30748 MiB, 1440 MiB, 100 %, 193.81 W, 49
2026/09/23 22:19:42.989, NVIDIA GeForce RTX 5090, 32607 MiB, 30748 MiB, 1440 MiB, 100 %, 196.35 W, 49
2026/09/23 22:19:47.999, NVIDIA GeForce RTX 5090, 32607 MiB, 30748 MiB, 1440 MiB, 100 %, 197.54 W, 50
2026/09/23 22:19:53.009, NVIDIA GeForce RTX 5090, 32607 MiB, 30748 MiB, 1440 MiB, 100 %, 194.26 W, 49
2026/09/23 22:19:58.018, NVIDIA GeForce RTX 5090, 32607 MiB, 30748 MiB, 1440 MiB, 100 %, 195.64 W, 49
2026/09/23 22:20:03.028, NVIDIA GeForce RTX 5090, 32607 MiB, 30748 MiB, 1440 MiB, 96 %, 199.22 W, 53
2026/09/23 22:20:08.031, NVIDIA GeForce RTX 5090, 32607 MiB, 30748 MiB, 1440 MiB, 100 %, 198.00 W, 50
2026/09/23 22:20:13.047, NVIDIA GeForce RTX 5090, 32607 MiB, 30748 MiB, 1440 MiB, 100 %, 197.25 W, 50
2026/09/23 22:20:18.056, NVIDIA GeForce RTX 5090, 32607 MiB, 30748 MiB, 1440 MiB, 99 %, 196.59 W, 49
2026/09/23 22:20:23.071, NVIDIA GeForce RTX 5090, 32607 MiB, 30748 MiB, 1440 MiB, 100 %, 198.49 W, 49
2026/09/23 22:20:28.080, NVIDIA GeForce RTX 5090, 32607 MiB, 30748 MiB, 1440 MiB, 100 %, 199.02 W, 50
2026/09/23 22:20:33.095, NVIDIA GeForce RTX 5090, 32607 MiB, 30748 MiB, 1440 MiB, 100 %, 198.32 W, 49
2026/09/23 22:20:38.107, NVIDIA GeForce RTX 5090, 32607 MiB, 30748 MiB, 1440 MiB, 100 %, 198.40 W, 49
2026/09/23 22:20:43.109, NVIDIA GeForce RTX 5090, 32607 MiB, 30748 MiB, 1440 MiB, 100 %, 197.14 W, 50
2026/09/23 22:20:48.121, NVIDIA GeForce RTX 5090, 32607 MiB, 30748 MiB, 1440 MiB, 100 %, 197.37 W, 49
2026/09/23 22:20:53.136, NVIDIA GeForce RTX 5090, 32607 MiB, 30748 MiB, 1440 MiB, 100 %, 198.90 W, 51
2026/09/23 22:20:58.141, NVIDIA GeForce RTX 5090, 32607 MiB, 30748 MiB, 1440 MiB, 100 %, 198.16 W, 49
2026/09/23 22:21:03.149, NVIDIA GeForce RTX 5090, 32607 MiB, 30748 MiB, 1440 MiB, 100 %, 199.48 W, 50
2026/09/23 22:21:08.153, NVIDIA GeForce RTX 5090, 32607 MiB, 30748 MiB, 1440 MiB, 100 %, 196.92 W, 49
2026/09/23 22:21:13.167, NVIDIA GeForce RTX 5090, 32607 MiB, 30748 MiB, 1440 MiB, 100 %, 197.44 W, 49
2026/09/23 22:21:18.180, NVIDIA GeForce RTX 5090, 32607 MiB, 30748 MiB, 1440 MiB, 100 %, 199.04 W, 49
2026/09/23 22:21:23.181, NVIDIA GeForce RTX 5090, 32607 MiB, 30748 MiB, 1440 MiB, 100 %, 196.61 W, 51
2026/09/23 22:21:28.190, NVIDIA GeForce RTX 5090, 32607 MiB, 30748 MiB, 1440 MiB, 100 %, 197.38 W, 49
2026/09/23 22:21:33.200, NVIDIA GeForce RTX 5090, 32607 MiB, 30748 MiB, 1440 MiB, 100 %, 198.99 W, 49
2026/09/23 22:21:38.203, NVIDIA GeForce RTX 5090, 32607 MiB, 30748 MiB, 1440 MiB, 100 %, 200.07 W, 50
2026/09/23 22:21:43.210, NVIDIA GeForce RTX 5090, 32607 MiB, 30748 MiB, 1440 MiB, 100 %, 199.13 W, 49
2026/09/23 22:21:48.222, NVIDIA GeForce RTX 5090, 32607 MiB, 30748 MiB, 1440 MiB, 100 %, 198.51 W, 50
2026/09/23 22:21:53.224, NVIDIA GeForce RTX 5090, 32607 MiB, 30748 MiB, 1440 MiB, 100 %, 198.00 W, 51
2026/09/23 22:21:58.235, NVIDIA GeForce RTX 5090, 32607 MiB, 30748 MiB, 1440 MiB, 100 %, 197.01 W, 49
2026/09/23 22:22:03.244, NVIDIA GeForce RTX 5090, 32607 MiB, 30748 MiB, 1440 MiB, 100 %, 196.35 W, 51
2026/09/23 22:22:08.255, NVIDIA GeForce RTX 5090, 32607 MiB, 30748 MiB, 1440 MiB, 100 %, 193.49 W, 50
2026/09/23 22:22:13.264, NVIDIA GeForce RTX 5090, 32607 MiB, 30748 MiB, 1440 MiB, 100 %, 198.46 W, 50
2026/09/23 22:22:18.272, NVIDIA GeForce RTX 5090, 32607 MiB, 30748 MiB, 1440 MiB, 100 %, 199.96 W, 50
2026/09/23 22:22:23.277, NVIDIA GeForce RTX 5090, 32607 MiB, 30748 MiB, 1440 MiB, 100 %, 197.55 W, 49
2026/09/23 22:22:28.282, NVIDIA GeForce RTX 5090, 32607 MiB, 30748 MiB, 1440 MiB, 99 %, 197.10 W, 50
2026/09/23 22:22:33.282, NVIDIA GeForce RTX 5090, 32607 MiB, 30748 MiB, 1440 MiB, 100 %, 200.81 W, 49
2026/09/23 22:22:38.284, NVIDIA GeForce RTX 5090, 32607 MiB, 30748 MiB, 1440 MiB, 100 %, 194.17 W, 49
2026/09/23 22:22:43.291, NVIDIA GeForce RTX 5090, 32607 MiB, 30748 MiB, 1440 MiB, 100 %, 197.80 W, 51
2026/09/23 22:22:48.302, NVIDIA GeForce RTX 5090, 32607 MiB, 30748 MiB, 1440 MiB, 100 %, 197.83 W, 50
2026/09/23 22:22:53.309, NVIDIA GeForce RTX 5090, 32607 MiB, 30748 MiB, 1440 MiB, 100 %, 169.05 W, 49
2026/09/23 22:22:58.317, NVIDIA GeForce RTX 5090, 32607 MiB, 30748 MiB, 1440 MiB, 100 %, 172.39 W, 48
2026/09/23 22:23:03.319, NVIDIA GeForce RTX 5090, 32607 MiB, 30748 MiB, 1440 MiB, 100 %, 240.05 W, 51
2026/09/23 22:23:08.322, NVIDIA GeForce RTX 5090, 32607 MiB, 30748 MiB, 1440 MiB, 100 %, 148.32 W, 48
2026/09/23 22:23:13.332, NVIDIA GeForce RTX 5090, 32607 MiB, 30748 MiB, 1440 MiB, 99 %, 215.82 W, 51
2026/09/23 22:23:18.343, NVIDIA GeForce RTX 5090, 32607 MiB, 30748 MiB, 1440 MiB, 99 %, 193.73 W, 55
2026/09/23 22:23:23.358, NVIDIA GeForce RTX 5090, 32607 MiB, 30748 MiB, 1440 MiB, 100 %, 183.49 W, 49
2026/09/23 22:23:28.364, NVIDIA GeForce RTX 5090, 32607 MiB, 30748 MiB, 1440 MiB, 100 %, 165.75 W, 48
2026/09/23 22:23:33.379, NVIDIA GeForce RTX 5090, 32607 MiB, 30748 MiB, 1440 MiB, 99 %, 190.59 W, 54
2026/09/23 22:23:38.391, NVIDIA GeForce RTX 5090, 32607 MiB, 30748 MiB, 1440 MiB, 100 %, 216.88 W, 50
2026/09/23 22:23:43.399, NVIDIA GeForce RTX 5090, 32607 MiB, 30748 MiB, 1440 MiB, 100 %, 174.53 W, 50
2026/09/23 22:23:48.415, NVIDIA GeForce RTX 5090, 32607 MiB, 30748 MiB, 1440 MiB, 100 %, 172.85 W, 49
2026/09/23 22:23:53.428, NVIDIA GeForce RTX 5090, 32607 MiB, 30748 MiB, 1440 MiB, 100 %, 222.03 W, 51
2026/09/23 22:23:58.431, NVIDIA GeForce RTX 5090, 32607 MiB, 30748 MiB, 1440 MiB, 100 %, 162.01 W, 48
2026/09/23 22:24:03.432, NVIDIA GeForce RTX 5090, 32607 MiB, 30748 MiB, 1440 MiB, 98 %, 207.50 W, 53
2026/09/23 22:24:08.435, NVIDIA GeForce RTX 5090, 32607 MiB, 30748 MiB, 1440 MiB, 99 %, 189.66 W, 54
2026/09/23 22:24:13.443, NVIDIA GeForce RTX 5090, 32607 MiB, 30748 MiB, 1440 MiB, 100 %, 185.65 W, 49
2026/09/23 22:24:18.447, NVIDIA GeForce RTX 5090, 32607 MiB, 30748 MiB, 1440 MiB, 100 %, 171.13 W, 48
2026/09/23 22:24:23.455, NVIDIA GeForce RTX 5090, 32607 MiB, 30748 MiB, 1440 MiB, 99 %, 222.49 W, 53
2026/09/23 22:24:28.465, NVIDIA GeForce RTX 5090, 32607 MiB, 30748 MiB, 1440 MiB, 100 %, 216.27 W, 51
2026/09/23 22:24:33.474, NVIDIA GeForce RTX 5090, 32607 MiB, 30748 MiB, 1440 MiB, 100 %, 174.90 W, 50
2026/09/23 22:24:38.478, NVIDIA GeForce RTX 5090, 32607 MiB, 30748 MiB, 1440 MiB, 100 %, 172.61 W, 49
2026/09/23 22:24:43.486, NVIDIA GeForce RTX 5090, 32607 MiB, 30748 MiB, 1440 MiB, 100 %, 225.70 W, 51
2026/09/23 22:24:48.492, NVIDIA GeForce RTX 5090, 32607 MiB, 30748 MiB, 1440 MiB, 100 %, 155.91 W, 48
2026/09/23 22:24:53.502, NVIDIA GeForce RTX 5090, 32607 MiB, 30748 MiB, 1440 MiB, 99 %, 208.08 W, 51
2026/09/23 22:24:58.507, NVIDIA GeForce RTX 5090, 32607 MiB, 30748 MiB, 1440 MiB, 98 %, 211.54 W, 57
2026/09/23 22:25:03.510, NVIDIA GeForce RTX 5090, 32607 MiB, 30748 MiB, 1440 MiB, 100 %, 183.32 W, 49
2026/09/23 22:25:08.526, NVIDIA GeForce RTX 5090, 32607 MiB, 30748 MiB, 1440 MiB, 100 %, 169.99 W, 48
2026/09/23 22:25:13.528, NVIDIA GeForce RTX 5090, 32607 MiB, 30748 MiB, 1440 MiB, 100 %, 213.32 W, 51
2026/09/23 22:25:18.534, NVIDIA GeForce RTX 5090, 32607 MiB, 30748 MiB, 1440 MiB, 99 %, 211.26 W, 50
2026/09/23 22:25:23.539, NVIDIA GeForce RTX 5090, 32607 MiB, 30748 MiB, 1440 MiB, 100 %, 165.98 W, 49
2026/09/23 22:25:28.545, NVIDIA GeForce RTX 5090, 32607 MiB, 30748 MiB, 1440 MiB, 100 %, 173.58 W, 48
2026/09/23 22:25:33.547, NVIDIA GeForce RTX 5090, 32607 MiB, 30748 MiB, 1440 MiB, 100 %, 228.94 W, 50
2026/09/23 22:25:38.554, NVIDIA GeForce RTX 5090, 32607 MiB, 30748 MiB, 1440 MiB, 99 %, 159.93 W, 53
2026/09/23 22:25:43.561, NVIDIA GeForce RTX 5090, 32607 MiB, 30748 MiB, 1440 MiB, 100 %, 173.60 W, 49
2026/09/23 22:25:48.575, NVIDIA GeForce RTX 5090, 32607 MiB, 30748 MiB, 1440 MiB, 99 %, 212.70 W, 52
2026/09/23 22:25:53.578, NVIDIA GeForce RTX 5090, 32607 MiB, 30748 MiB, 1440 MiB, 100 %, 172.17 W, 48
2026/09/23 22:25:58.582, NVIDIA GeForce RTX 5090, 32607 MiB, 30748 MiB, 1440 MiB, 100 %, 170.66 W, 48
2026/09/23 22:26:03.583, NVIDIA GeForce RTX 5090, 32607 MiB, 30748 MiB, 1440 MiB, 100 %, 214.16 W, 50
2026/09/23 22:26:08.590, NVIDIA GeForce RTX 5090, 32607 MiB, 30748 MiB, 1440 MiB, 100 %, 219.04 W, 50
2026/09/23 22:26:13.603, NVIDIA GeForce RTX 5090, 32607 MiB, 30748 MiB, 1440 MiB, 100 %, 170.01 W, 49
2026/09/23 22:26:18.612, NVIDIA GeForce RTX 5090, 32607 MiB, 30748 MiB, 1440 MiB, 100 %, 168.58 W, 48
2026/09/23 22:26:23.627, NVIDIA GeForce RTX 5090, 32607 MiB, 30748 MiB, 1440 MiB, 99 %, 241.47 W, 52
2026/09/23 22:26:28.640, NVIDIA GeForce RTX 5090, 32607 MiB, 30748 MiB, 1440 MiB, 100 %, 150.82 W, 48
2026/09/23 22:26:33.644, NVIDIA GeForce RTX 5090, 32607 MiB, 30748 MiB, 1440 MiB, 100 %, 208.24 W, 50
2026/09/23 22:26:38.658, NVIDIA GeForce RTX 5090, 32607 MiB, 30748 MiB, 1440 MiB, 98 %, 212.05 W, 52
2026/09/23 22:26:43.665, NVIDIA GeForce RTX 5090, 32607 MiB, 30748 MiB, 1440 MiB, 100 %, 180.88 W, 49
2026/09/23 22:26:48.680, NVIDIA GeForce RTX 5090, 32607 MiB, 30748 MiB, 1440 MiB, 100 %, 166.11 W, 48
2026/09/23 22:26:53.685, NVIDIA GeForce RTX 5090, 32607 MiB, 30748 MiB, 1440 MiB, 100 %, 218.30 W, 51
2026/09/23 22:26:58.685, NVIDIA GeForce RTX 5090, 32607 MiB, 30748 MiB, 1440 MiB, 100 %, 209.36 W, 51
2026/09/23 22:27:03.697, NVIDIA GeForce RTX 5090, 32607 MiB, 30748 MiB, 1440 MiB, 100 %, 175.16 W, 50
2026/09/23 22:27:08.705, NVIDIA GeForce RTX 5090, 32607 MiB, 30748 MiB, 1440 MiB, 100 %, 170.18 W, 48
2026/09/23 22:27:13.713, NVIDIA GeForce RTX 5090, 32607 MiB, 30748 MiB, 1440 MiB, 100 %, 226.48 W, 50
2026/09/23 22:27:18.721, NVIDIA GeForce RTX 5090, 32607 MiB, 30748 MiB, 1440 MiB, 100 %, 157.63 W, 48
2026/09/23 22:27:23.734, NVIDIA GeForce RTX 5090, 32607 MiB, 30748 MiB, 1440 MiB, 100 %, 208.42 W, 50
2026/09/23 22:27:28.750, NVIDIA GeForce RTX 5090, 32607 MiB, 30748 MiB, 1440 MiB, 99 %, 211.45 W, 51
2026/09/23 22:27:33.762, NVIDIA GeForce RTX 5090, 32607 MiB, 30748 MiB, 1440 MiB, 100 %, 183.15 W, 49
2026/09/23 22:27:38.775, NVIDIA GeForce RTX 5090, 32607 MiB, 30748 MiB, 1440 MiB, 100 %, 170.34 W, 48
2026/09/23 22:27:43.778, NVIDIA GeForce RTX 5090, 32607 MiB, 30748 MiB, 1440 MiB, 99 %, 199.93 W, 55
2026/09/23 22:27:48.787, NVIDIA GeForce RTX 5090, 32607 MiB, 30748 MiB, 1440 MiB, 100 %, 207.93 W, 50
2026/09/23 22:27:53.802, NVIDIA GeForce RTX 5090, 32607 MiB, 30748 MiB, 1440 MiB, 99 %, 180.19 W, 51
2026/09/23 22:27:58.815, NVIDIA GeForce RTX 5090, 32607 MiB, 30748 MiB, 1440 MiB, 100 %, 173.07 W, 49
2026/09/23 22:28:03.828, NVIDIA GeForce RTX 5090, 32607 MiB, 30748 MiB, 1440 MiB, 100 %, 203.20 W, 50
2026/09/23 22:28:08.832, NVIDIA GeForce RTX 5090, 32607 MiB, 30748 MiB, 1440 MiB, 100 %, 179.00 W, 50
2026/09/23 22:28:13.840, NVIDIA GeForce RTX 5090, 32607 MiB, 30748 MiB, 1440 MiB, 100 %, 172.81 W, 49
2026/09/23 22:28:18.843, NVIDIA GeForce RTX 5090, 32607 MiB, 30748 MiB, 1440 MiB, 100 %, 231.60 W, 51
2026/09/23 22:28:23.854, NVIDIA GeForce RTX 5090, 32607 MiB, 30748 MiB, 1440 MiB, 100 %, 163.16 W, 48
2026/09/23 22:28:28.862, NVIDIA GeForce RTX 5090, 32607 MiB, 30748 MiB, 1440 MiB, 98 %, 214.10 W, 57
2026/09/23 22:28:33.877, NVIDIA GeForce RTX 5090, 32607 MiB, 30748 MiB, 1440 MiB, 100 %, 177.80 W, 50
2026/09/23 22:28:38.880, NVIDIA GeForce RTX 5090, 32607 MiB, 30748 MiB, 1440 MiB, 100 %, 206.76 W, 50
2026/09/23 22:28:43.892, NVIDIA GeForce RTX 5090, 32607 MiB, 30748 MiB, 1440 MiB, 100 %, 165.65 W, 49
2026/09/23 22:28:48.906, NVIDIA GeForce RTX 5090, 32607 MiB, 30748 MiB, 1440 MiB, 100 %, 172.31 W, 48
2026/09/23 22:28:53.920, NVIDIA GeForce RTX 5090, 32607 MiB, 30748 MiB, 1440 MiB, 100 %, 226.92 W, 50
2026/09/23 22:28:58.936, NVIDIA GeForce RTX 5090, 32607 MiB, 30748 MiB, 1440 MiB, 100 %, 157.89 W, 48
2026/09/23 22:29:03.948, NVIDIA GeForce RTX 5090, 32607 MiB, 30748 MiB, 1440 MiB, 99 %, 207.86 W, 51
2026/09/23 22:29:08.962, NVIDIA GeForce RTX 5090, 32607 MiB, 30748 MiB, 1440 MiB, 100 %, 173.88 W, 50
2026/09/23 22:29:13.969, NVIDIA GeForce RTX 5090, 32607 MiB, 30748 MiB, 1440 MiB, 100 %, 216.05 W, 49
2026/09/23 22:29:18.982, NVIDIA GeForce RTX 5090, 32607 MiB, 30748 MiB, 1440 MiB, 100 %, 170.04 W, 49
2026/09/23 22:29:23.993, NVIDIA GeForce RTX 5090, 32607 MiB, 30748 MiB, 1440 MiB, 100 %, 172.63 W, 48
2026/09/23 22:29:29.001, NVIDIA GeForce RTX 5090, 32607 MiB, 30748 MiB, 1440 MiB, 100 %, 235.12 W, 51
2026/09/23 22:29:34.013, NVIDIA GeForce RTX 5090, 32607 MiB, 30748 MiB, 1440 MiB, 0 %, 134.40 W, 46
2026/09/23 22:29:39.022, NVIDIA GeForce RTX 5090, 32607 MiB, 30748 MiB, 1440 MiB, 0 %, 36.70 W, 40
2026/09/23 22:29:44.029, NVIDIA GeForce RTX 5090, 32607 MiB, 30748 MiB, 1440 MiB, 0 %, 15.62 W, 38
2026/09/23 22:29:49.031, NVIDIA GeForce RTX 5090, 32607 MiB, 30748 MiB, 1440 MiB, 0 %, 13.92 W, 38
2026/09/23 22:29:54.045, NVIDIA GeForce RTX 5090, 32607 MiB, 30748 MiB, 1440 MiB, 0 %, 14.22 W, 38
2026/09/23 22:29:59.050, NVIDIA GeForce RTX 5090, 32607 MiB, 30748 MiB, 1440 MiB, 0 %, 14.27 W, 37
2026/09/23 22:30:04.058, NVIDIA GeForce RTX 5090, 32607 MiB, 30748 MiB, 1440 MiB, 0 %, 14.11 W, 37
2026/09/23 22:30:09.070, NVIDIA GeForce RTX 5090, 32607 MiB, 30748 MiB, 1440 MiB, 0 %, 14.37 W, 37
2026/09/23 22:30:14.082, NVIDIA GeForce RTX 5090, 32607 MiB, 30748 MiB, 1440 MiB, 0 %, 14.14 W, 37
2026/09/23 22:30:19.093, NVIDIA GeForce RTX 5090, 32607 MiB, 30748 MiB, 1440 MiB, 0 %, 14.07 W, 36
2026/09/23 22:30:24.096, NVIDIA GeForce RTX 5090, 32607 MiB, 30748 MiB, 1440 MiB, 100 %, 179.44 W, 46
2026/09/23 22:30:29.099, NVIDIA GeForce RTX 5090, 32607 MiB, 30748 MiB, 1440 MiB, 99 %, 211.31 W, 54
2026/09/23 22:30:34.103, NVIDIA GeForce RTX 5090, 32607 MiB, 30748 MiB, 1440 MiB, 100 %, 173.86 W, 47
2026/09/23 22:30:39.111, NVIDIA GeForce RTX 5090, 32607 MiB, 30748 MiB, 1440 MiB, 100 %, 216.29 W, 50
2026/09/23 22:30:44.125, NVIDIA GeForce RTX 5090, 32607 MiB, 30748 MiB, 1440 MiB, 100 %, 198.79 W, 50
2026/09/23 22:30:49.128, NVIDIA GeForce RTX 5090, 32607 MiB, 30748 MiB, 1440 MiB, 99 %, 257.65 W, 58
2026/09/23 22:30:54.136, NVIDIA GeForce RTX 5090, 32607 MiB, 30748 MiB, 1440 MiB, 100 %, 241.49 W, 54
2026/09/23 22:30:59.149, NVIDIA GeForce RTX 5090, 32607 MiB, 30748 MiB, 1440 MiB, 99 %, 251.54 W, 59
2026/09/23 22:31:04.150, NVIDIA GeForce RTX 5090, 32607 MiB, 30748 MiB, 1440 MiB, 99 %, 165.66 W, 49
2026/09/23 22:31:09.157, NVIDIA GeForce RTX 5090, 32607 MiB, 30748 MiB, 1440 MiB, 99 %, 204.32 W, 54
2026/09/23 22:31:14.167, NVIDIA GeForce RTX 5090, 32607 MiB, 30748 MiB, 1440 MiB, 100 %, 193.27 W, 48
2026/09/23 22:31:19.182, NVIDIA GeForce RTX 5090, 32607 MiB, 30748 MiB, 1440 MiB, 100 %, 220.62 W, 53
2026/09/23 22:31:24.186, NVIDIA GeForce RTX 5090, 32607 MiB, 30748 MiB, 1440 MiB, 99 %, 261.14 W, 59
2026/09/23 22:31:29.200, NVIDIA GeForce RTX 5090, 32607 MiB, 30748 MiB, 1440 MiB, 99 %, 243.46 W, 59
2026/09/23 22:31:34.213, NVIDIA GeForce RTX 5090, 32607 MiB, 30748 MiB, 1440 MiB, 99 %, 255.95 W, 57
2026/09/23 22:31:39.216, NVIDIA GeForce RTX 5090, 32607 MiB, 30748 MiB, 1440 MiB, 100 %, 260.58 W, 50
2026/09/23 22:31:44.231, NVIDIA GeForce RTX 5090, 32607 MiB, 30748 MiB, 1440 MiB, 100 %, 259.17 W, 55
2026/09/23 22:31:49.243, NVIDIA GeForce RTX 5090, 32607 MiB, 30748 MiB, 1440 MiB, 100 %, 274.45 W, 51
2026/09/23 22:31:54.247, NVIDIA GeForce RTX 5090, 32607 MiB, 30748 MiB, 1440 MiB, 100 %, 256.56 W, 60
2026/09/23 22:31:59.262, NVIDIA GeForce RTX 5090, 32607 MiB, 30748 MiB, 1440 MiB, 100 %, 302.27 W, 52
2026/09/23 22:32:04.277, NVIDIA GeForce RTX 5090, 32607 MiB, 30748 MiB, 1440 MiB, 100 %, 299.20 W, 44
2026/09/23 22:32:09.292, NVIDIA GeForce RTX 5090, 32607 MiB, 30748 MiB, 1440 MiB, 100 %, 291.60 W, 44
2026/09/23 22:32:14.294, NVIDIA GeForce RTX 5090, 32607 MiB, 30748 MiB, 1440 MiB, 100 %, 300.25 W, 46
2026/09/23 22:32:19.303, NVIDIA GeForce RTX 5090, 32607 MiB, 30748 MiB, 1440 MiB, 100 %, 318.10 W, 50
2026/09/23 22:32:24.307, NVIDIA GeForce RTX 5090, 32607 MiB, 30748 MiB, 1440 MiB, 100 %, 275.52 W, 56
2026/09/23 22:32:29.319, NVIDIA GeForce RTX 5090, 32607 MiB, 30748 MiB, 1440 MiB, 100 %, 246.84 W, 45
2026/09/23 22:32:34.327, NVIDIA GeForce RTX 5090, 32607 MiB, 30748 MiB, 1440 MiB, 100 %, 350.45 W, 49
2026/09/23 22:32:39.342, NVIDIA GeForce RTX 5090, 32607 MiB, 30748 MiB, 1440 MiB, 100 %, 272.90 W, 56
2026/09/23 22:32:44.358, NVIDIA GeForce RTX 5090, 32607 MiB, 30748 MiB, 1440 MiB, 100 %, 250.43 W, 56
2026/09/23 22:32:49.371, NVIDIA GeForce RTX 5090, 32607 MiB, 30748 MiB, 1440 MiB, 100 %, 352.24 W, 48
2026/09/23 22:32:54.375, NVIDIA GeForce RTX 5090, 32607 MiB, 30748 MiB, 1440 MiB, 100 %, 247.40 W, 53
2026/09/23 22:32:59.388, NVIDIA GeForce RTX 5090, 32607 MiB, 30748 MiB, 1440 MiB, 100 %, 341.03 W, 57
2026/09/23 22:33:04.398, NVIDIA GeForce RTX 5090, 32607 MiB, 30748 MiB, 1440 MiB, 100 %, 367.55 W, 49
2026/09/23 22:33:09.403, NVIDIA GeForce RTX 5090, 32607 MiB, 30748 MiB, 1440 MiB, 100 %, 244.18 W, 47
2026/09/23 22:33:14.414, NVIDIA GeForce RTX 5090, 32607 MiB, 30748 MiB, 1440 MiB, 100 %, 253.04 W, 57
2026/09/23 22:33:19.429, NVIDIA GeForce RTX 5090, 32607 MiB, 30748 MiB, 1440 MiB, 100 %, 342.51 W, 58
2026/09/23 22:33:24.445, NVIDIA GeForce RTX 5090, 32607 MiB, 30748 MiB, 1440 MiB, 100 %, 396.71 W, 55
2026/09/23 22:33:29.453, NVIDIA GeForce RTX 5090, 32607 MiB, 30748 MiB, 1440 MiB, 100 %, 412.86 W, 50
2026/09/23 22:33:34.456, NVIDIA GeForce RTX 5090, 32607 MiB, 30748 MiB, 1440 MiB, 100 %, 412.72 W, 50
2026/09/23 22:33:39.464, NVIDIA GeForce RTX 5090, 32607 MiB, 30748 MiB, 1440 MiB, 100 %, 168.32 W, 47
2026/09/23 22:33:44.476, NVIDIA GeForce RTX 5090, 32607 MiB, 30748 MiB, 1440 MiB, 0 %, 40.46 W, 42
2026/09/23 22:33:49.483, NVIDIA GeForce RTX 5090, 32607 MiB, 30748 MiB, 1440 MiB, 0 %, 18.69 W, 41
2026/09/23 22:33:54.488, NVIDIA GeForce RTX 5090, 32607 MiB, 30748 MiB, 1440 MiB, 0 %, 18.24 W, 41
2026/09/23 22:33:59.488, NVIDIA GeForce RTX 5090, 32607 MiB, 30748 MiB, 1440 MiB, 0 %, 68.67 W, 42
2026/09/23 22:34:04.495, NVIDIA GeForce RTX 5090, 32607 MiB, 30748 MiB, 1440 MiB, 0 %, 18.29 W, 40
2026/09/23 22:34:09.506, NVIDIA GeForce RTX 5090, 32607 MiB, 30748 MiB, 1440 MiB, 100 %, 83.03 W, 43
2026/09/23 22:34:14.512, NVIDIA GeForce RTX 5090, 32607 MiB, 30748 MiB, 1440 MiB, 100 %, 178.51 W, 44
2026/09/23 22:34:19.514, NVIDIA GeForce RTX 5090, 32607 MiB, 30748 MiB, 1440 MiB, 100 %, 176.18 W, 44
2026/09/23 22:34:24.520, NVIDIA GeForce RTX 5090, 32607 MiB, 30748 MiB, 1440 MiB, 99 %, 234.12 W, 47
2026/09/23 22:34:29.531, NVIDIA GeForce RTX 5090, 32607 MiB, 30748 MiB, 1440 MiB, 100 %, 200.03 W, 43
2026/09/23 22:34:34.546, NVIDIA GeForce RTX 5090, 32607 MiB, 30748 MiB, 1440 MiB, 99 %, 238.90 W, 52
2026/09/23 22:34:39.558, NVIDIA GeForce RTX 5090, 32607 MiB, 30748 MiB, 1440 MiB, 100 %, 236.56 W, 48
2026/09/23 22:34:44.573, NVIDIA GeForce RTX 5090, 32607 MiB, 30748 MiB, 1440 MiB, 100 %, 239.27 W, 48
2026/09/23 22:34:49.584, NVIDIA GeForce RTX 5090, 32607 MiB, 30748 MiB, 1440 MiB, 100 %, 160.78 W, 43
2026/09/23 22:34:54.595, NVIDIA GeForce RTX 5090, 32607 MiB, 30748 MiB, 1440 MiB, 100 %, 182.73 W, 46
2026/09/23 22:34:59.603, NVIDIA GeForce RTX 5090, 32607 MiB, 30748 MiB, 1440 MiB, 99 %, 227.50 W, 51
2026/09/23 22:35:04.605, NVIDIA GeForce RTX 5090, 32607 MiB, 30748 MiB, 1440 MiB, 100 %, 212.80 W, 45
2026/09/23 22:35:09.618, NVIDIA GeForce RTX 5090, 32607 MiB, 30748 MiB, 1440 MiB, 100 %, 213.92 W, 44
2026/09/23 22:35:14.627, NVIDIA GeForce RTX 5090, 32607 MiB, 30748 MiB, 1440 MiB, 100 %, 235.29 W, 44
2026/09/23 22:35:19.637, NVIDIA GeForce RTX 5090, 32607 MiB, 30748 MiB, 1440 MiB, 100 %, 250.76 W, 45
2026/09/23 22:35:24.653, NVIDIA GeForce RTX 5090, 32607 MiB, 30748 MiB, 1440 MiB, 100 %, 177.48 W, 44
2026/09/23 22:35:29.654, NVIDIA GeForce RTX 5090, 32607 MiB, 30748 MiB, 1440 MiB, 100 %, 187.59 W, 45
2026/09/23 22:35:34.667, NVIDIA GeForce RTX 5090, 32607 MiB, 30748 MiB, 1440 MiB, 100 %, 200.12 W, 44
2026/09/23 22:35:39.676, NVIDIA GeForce RTX 5090, 32607 MiB, 30748 MiB, 1440 MiB, 99 %, 264.81 W, 54
2026/09/23 22:35:44.679, NVIDIA GeForce RTX 5090, 32607 MiB, 30748 MiB, 1440 MiB, 99 %, 250.78 W, 51
2026/09/23 22:35:49.690, NVIDIA GeForce RTX 5090, 32607 MiB, 30748 MiB, 1440 MiB, 99 %, 235.68 W, 54
2026/09/23 22:35:54.691, NVIDIA GeForce RTX 5090, 32607 MiB, 30748 MiB, 1440 MiB, 100 %, 172.87 W, 44
2026/09/23 22:35:59.692, NVIDIA GeForce RTX 5090, 32607 MiB, 30748 MiB, 1440 MiB, 100 %, 182.20 W, 45
2026/09/23 22:36:04.695, NVIDIA GeForce RTX 5090, 32607 MiB, 30748 MiB, 1440 MiB, 100 %, 196.25 W, 44
2026/09/23 22:36:09.701, NVIDIA GeForce RTX 5090, 32607 MiB, 30748 MiB, 1440 MiB, 100 %, 216.14 W, 48
2026/09/23 22:36:14.716, NVIDIA GeForce RTX 5090, 32607 MiB, 30748 MiB, 1440 MiB, 100 %, 227.49 W, 47
2026/09/23 22:36:19.723, NVIDIA GeForce RTX 5090, 32607 MiB, 30748 MiB, 1440 MiB, 100 %, 239.64 W, 47
2026/09/23 22:36:24.730, NVIDIA GeForce RTX 5090, 32607 MiB, 30748 MiB, 1440 MiB, 100 %, 151.20 W, 44
2026/09/23 22:36:29.740, NVIDIA GeForce RTX 5090, 32607 MiB, 30748 MiB, 1440 MiB, 100 %, 182.88 W, 44
2026/09/23 22:36:34.744, NVIDIA GeForce RTX 5090, 32607 MiB, 30748 MiB, 1440 MiB, 99 %, 251.99 W, 52
2026/09/23 22:36:39.758, NVIDIA GeForce RTX 5090, 32607 MiB, 30748 MiB, 1440 MiB, 100 %, 211.19 W, 44
2026/09/23 22:36:44.761, NVIDIA GeForce RTX 5090, 32607 MiB, 30748 MiB, 1440 MiB, 100 %, 226.46 W, 44
2026/09/23 22:36:49.769, NVIDIA GeForce RTX 5090, 32607 MiB, 30748 MiB, 1440 MiB, 100 %, 235.17 W, 49
2026/09/23 22:36:54.781, NVIDIA GeForce RTX 5090, 32607 MiB, 30748 MiB, 1440 MiB, 100 %, 268.08 W, 45
2026/09/23 22:36:59.796, NVIDIA GeForce RTX 5090, 32607 MiB, 30748 MiB, 1440 MiB, 100 %, 172.98 W, 44
2026/09/23 22:37:04.806, NVIDIA GeForce RTX 5090, 32607 MiB, 30748 MiB, 1440 MiB, 100 %, 203.16 W, 45
2026/09/23 22:37:09.818, NVIDIA GeForce RTX 5090, 32607 MiB, 30748 MiB, 1440 MiB, 100 %, 198.67 W, 44
2026/09/23 22:37:14.829, NVIDIA GeForce RTX 5090, 32607 MiB, 30748 MiB, 1440 MiB, 99 %, 252.68 W, 56
2026/09/23 22:37:19.833, NVIDIA GeForce RTX 5090, 32607 MiB, 30748 MiB, 1440 MiB, 99 %, 232.37 W, 50
2026/09/23 22:37:24.837, NVIDIA GeForce RTX 5090, 32607 MiB, 30748 MiB, 1440 MiB, 99 %, 262.29 W, 55
2026/09/23 22:37:29.838, NVIDIA GeForce RTX 5090, 32607 MiB, 30748 MiB, 1440 MiB, 100 %, 168.03 W, 44
2026/09/23 22:37:34.845, NVIDIA GeForce RTX 5090, 32607 MiB, 30748 MiB, 1440 MiB, 100 %, 187.90 W, 44
2026/09/23 22:37:39.851, NVIDIA GeForce RTX 5090, 32607 MiB, 30748 MiB, 1440 MiB, 100 %, 202.06 W, 46
2026/09/23 22:37:44.861, NVIDIA GeForce RTX 5090, 32607 MiB, 30748 MiB, 1440 MiB, 100 %, 207.06 W, 45
2026/09/23 22:37:49.863, NVIDIA GeForce RTX 5090, 32607 MiB, 30748 MiB, 1440 MiB, 100 %, 219.00 W, 44
2026/09/23 22:37:54.879, NVIDIA GeForce RTX 5090, 32607 MiB, 30748 MiB, 1440 MiB, 100 %, 229.67 W, 45
2026/09/23 22:37:59.882, NVIDIA GeForce RTX 5090, 32607 MiB, 30748 MiB, 1440 MiB, 100 %, 182.50 W, 45
2026/09/23 22:38:04.898, NVIDIA GeForce RTX 5090, 32607 MiB, 30748 MiB, 1440 MiB, 100 %, 179.29 W, 44
2026/09/23 22:38:09.904, NVIDIA GeForce RTX 5090, 32607 MiB, 30748 MiB, 1440 MiB, 100 %, 194.77 W, 45
2026/09/23 22:38:14.907, NVIDIA GeForce RTX 5090, 32607 MiB, 30748 MiB, 1440 MiB, 100 %, 202.83 W, 44
2026/09/23 22:38:19.920, NVIDIA GeForce RTX 5090, 32607 MiB, 30748 MiB, 1440 MiB, 99 %, 228.76 W, 56
2026/09/23 22:38:24.922, NVIDIA GeForce RTX 5090, 32607 MiB, 30748 MiB, 1440 MiB, 99 %, 256.11 W, 55
2026/09/23 22:38:29.931, NVIDIA GeForce RTX 5090, 32607 MiB, 30748 MiB, 1440 MiB, 99 %, 270.95 W, 51
2026/09/23 22:38:34.934, NVIDIA GeForce RTX 5090, 32607 MiB, 30748 MiB, 1440 MiB, 100 %, 169.07 W, 44
2026/09/23 22:38:39.948, NVIDIA GeForce RTX 5090, 32607 MiB, 30748 MiB, 1440 MiB, 100 %, 181.05 W, 44
2026/09/23 22:38:44.950, NVIDIA GeForce RTX 5090, 32607 MiB, 30748 MiB, 1440 MiB, 100 %, 203.70 W, 48
2026/09/23 22:38:49.956, NVIDIA GeForce RTX 5090, 32607 MiB, 30748 MiB, 1440 MiB, 100 %, 213.17 W, 45
2026/09/23 22:38:54.964, NVIDIA GeForce RTX 5090, 32607 MiB, 30748 MiB, 1440 MiB, 100 %, 225.54 W, 44
2026/09/23 22:38:59.966, NVIDIA GeForce RTX 5090, 32607 MiB, 30748 MiB, 1440 MiB, 100 %, 237.78 W, 45
2026/09/23 22:39:04.974, NVIDIA GeForce RTX 5090, 32607 MiB, 30748 MiB, 1440 MiB, 100 %, 181.71 W, 45
2026/09/23 22:39:09.983, NVIDIA GeForce RTX 5090, 32607 MiB, 30748 MiB, 1440 MiB, 100 %, 168.52 W, 44
2026/09/23 22:39:14.984, NVIDIA GeForce RTX 5090, 32607 MiB, 30748 MiB, 1440 MiB, 100 %, 187.58 W, 46
2026/09/23 22:39:19.993, NVIDIA GeForce RTX 5090, 32607 MiB, 30748 MiB, 1440 MiB, 100 %, 203.19 W, 44
2026/09/23 22:39:24.995, NVIDIA GeForce RTX 5090, 32607 MiB, 30748 MiB, 1440 MiB, 100 %, 235.15 W, 48
2026/09/23 22:39:29.999, NVIDIA GeForce RTX 5090, 32607 MiB, 30748 MiB, 1440 MiB, 100 %, 227.60 W, 47
2026/09/23 22:39:35.014, NVIDIA GeForce RTX 5090, 32607 MiB, 30748 MiB, 1440 MiB, 100 %, 239.40 W, 48
2026/09/23 22:39:40.029, NVIDIA GeForce RTX 5090, 32607 MiB, 30748 MiB, 1440 MiB, 100 %, 179.97 W, 44
2026/09/23 22:39:45.042, NVIDIA GeForce RTX 5090, 32607 MiB, 30748 MiB, 1440 MiB, 100 %, 178.18 W, 45
2026/09/23 22:39:50.051, NVIDIA GeForce RTX 5090, 32607 MiB, 30748 MiB, 1440 MiB, 99 %, 243.00 W, 54
2026/09/23 22:39:55.056, NVIDIA GeForce RTX 5090, 32607 MiB, 30748 MiB, 1440 MiB, 100 %, 198.61 W, 45
2026/09/23 22:40:00.058, NVIDIA GeForce RTX 5090, 32607 MiB, 30748 MiB, 1440 MiB, 100 %, 218.82 W, 44
2026/09/23 22:40:05.066, NVIDIA GeForce RTX 5090, 32607 MiB, 30748 MiB, 1440 MiB, 99 %, 261.19 W, 53
2026/09/23 22:40:10.070, NVIDIA GeForce RTX 5090, 32607 MiB, 30748 MiB, 1440 MiB, 100 %, 236.18 W, 51
2026/09/23 22:40:15.080, NVIDIA GeForce RTX 5090, 32607 MiB, 30748 MiB, 1440 MiB, 100 %, 183.27 W, 46
2026/09/23 22:40:20.086, NVIDIA GeForce RTX 5090, 32607 MiB, 30748 MiB, 1440 MiB, 100 %, 181.21 W, 45
2026/09/23 22:40:25.102, NVIDIA GeForce RTX 5090, 32607 MiB, 30748 MiB, 1440 MiB, 100 %, 191.59 W, 46
2026/09/23 22:40:30.118, NVIDIA GeForce RTX 5090, 32607 MiB, 30748 MiB, 1440 MiB, 100 %, 214.37 W, 44
2026/09/23 22:40:35.123, NVIDIA GeForce RTX 5090, 32607 MiB, 30748 MiB, 1440 MiB, 99 %, 258.92 W, 55
2026/09/23 22:40:40.137, NVIDIA GeForce RTX 5090, 32607 MiB, 30748 MiB, 1440 MiB, 100 %, 230.72 W, 49
2026/09/23 22:40:45.151, NVIDIA GeForce RTX 5090, 32607 MiB, 30748 MiB, 1440 MiB, 100 %, 262.62 W, 48
2026/09/23 22:40:50.155, NVIDIA GeForce RTX 5090, 32607 MiB, 30748 MiB, 1440 MiB, 100 %, 164.92 W, 45
2026/09/23 22:40:55.160, NVIDIA GeForce RTX 5090, 32607 MiB, 30748 MiB, 1440 MiB, 100 %, 195.21 W, 45
2026/09/23 22:41:00.173, NVIDIA GeForce RTX 5090, 32607 MiB, 30748 MiB, 1440 MiB, 100 %, 193.55 W, 44
2026/09/23 22:41:05.174, NVIDIA GeForce RTX 5090, 32607 MiB, 30748 MiB, 1440 MiB, 100 %, 213.40 W, 47
2026/09/23 22:41:10.185, NVIDIA GeForce RTX 5090, 32607 MiB, 30748 MiB, 1440 MiB, 100 %, 216.87 W, 46
2026/09/23 22:41:15.200, NVIDIA GeForce RTX 5090, 32607 MiB, 30748 MiB, 1440 MiB, 100 %, 237.18 W, 46
2026/09/23 22:41:20.214, NVIDIA GeForce RTX 5090, 32607 MiB, 30748 MiB, 1440 MiB, 100 %, 183.38 W, 45
2026/09/23 22:41:25.221, NVIDIA GeForce RTX 5090, 32607 MiB, 30748 MiB, 1440 MiB, 98 %, 224.82 W, 52
2026/09/23 22:41:30.232, NVIDIA GeForce RTX 5090, 32607 MiB, 30748 MiB, 1440 MiB, 100 %, 187.04 W, 44
2026/09/23 22:41:35.236, NVIDIA GeForce RTX 5090, 32607 MiB, 30748 MiB, 1440 MiB, 100 %, 227.98 W, 48
2026/09/23 22:41:40.237, NVIDIA GeForce RTX 5090, 32607 MiB, 30748 MiB, 1440 MiB, 100 %, 224.05 W, 46
2026/09/23 22:41:45.248, NVIDIA GeForce RTX 5090, 32607 MiB, 30748 MiB, 1440 MiB, 100 %, 223.73 W, 46
2026/09/23 22:41:50.262, NVIDIA GeForce RTX 5090, 32607 MiB, 30748 MiB, 1440 MiB, 100 %, 238.42 W, 47
2026/09/23 22:41:55.271, NVIDIA GeForce RTX 5090, 32607 MiB, 30748 MiB, 1440 MiB, 100 %, 172.31 W, 44
2026/09/23 22:42:00.280, NVIDIA GeForce RTX 5090, 32607 MiB, 30748 MiB, 1440 MiB, 100 %, 182.28 W, 45
2026/09/23 22:42:05.286, NVIDIA GeForce RTX 5090, 32607 MiB, 30748 MiB, 1440 MiB, 100 %, 209.04 W, 45
2026/09/23 22:42:10.296, NVIDIA GeForce RTX 5090, 32607 MiB, 30748 MiB, 1440 MiB, 100 %, 208.45 W, 47
2026/09/23 22:42:15.302, NVIDIA GeForce RTX 5090, 32607 MiB, 30748 MiB, 1440 MiB, 100 %, 228.56 W, 46
2026/09/23 22:42:20.316, NVIDIA GeForce RTX 5090, 32607 MiB, 30748 MiB, 1440 MiB, 100 %, 228.87 W, 46
2026/09/23 22:42:25.329, NVIDIA GeForce RTX 5090, 32607 MiB, 30748 MiB, 1440 MiB, 100 %, 182.75 W, 45
2026/09/23 22:42:30.330, NVIDIA GeForce RTX 5090, 32607 MiB, 30748 MiB, 1440 MiB, 100 %, 175.15 W, 44
2026/09/23 22:42:35.342, NVIDIA GeForce RTX 5090, 32607 MiB, 30748 MiB, 1440 MiB, 100 %, 190.90 W, 45
2026/09/23 22:42:40.353, NVIDIA GeForce RTX 5090, 32607 MiB, 30748 MiB, 1440 MiB, 100 %, 217.73 W, 49
2026/09/23 22:42:45.355, NVIDIA GeForce RTX 5090, 32607 MiB, 30748 MiB, 1440 MiB, 99 %, 234.08 W, 55
2026/09/23 22:42:50.361, NVIDIA GeForce RTX 5090, 32607 MiB, 30748 MiB, 1440 MiB, 100 %, 241.90 W, 49
2026/09/23 22:42:55.371, NVIDIA GeForce RTX 5090, 32607 MiB, 30748 MiB, 1440 MiB, 100 %, 249.67 W, 49
2026/09/23 22:43:00.373, NVIDIA GeForce RTX 5090, 32607 MiB, 30748 MiB, 1440 MiB, 100 %, 169.48 W, 44
2026/09/23 22:43:05.384, NVIDIA GeForce RTX 5090, 32607 MiB, 30748 MiB, 1440 MiB, 100 %, 180.98 W, 45
2026/09/23 22:43:10.387, NVIDIA GeForce RTX 5090, 32607 MiB, 30748 MiB, 1440 MiB, 99 %, 220.72 W, 53
2026/09/23 22:43:15.389, NVIDIA GeForce RTX 5090, 32607 MiB, 30748 MiB, 1440 MiB, 100 %, 207.87 W, 49
2026/09/23 22:43:20.396, NVIDIA GeForce RTX 5090, 32607 MiB, 30748 MiB, 1440 MiB, 100 %, 217.25 W, 45
2026/09/23 22:43:25.410, NVIDIA GeForce RTX 5090, 32607 MiB, 30748 MiB, 1440 MiB, 100 %, 227.07 W, 45
2026/09/23 22:43:30.415, NVIDIA GeForce RTX 5090, 32607 MiB, 30748 MiB, 1440 MiB, 92 %, 179.99 W, 45
2026/09/23 22:43:35.425, NVIDIA GeForce RTX 5090, 32607 MiB, 30748 MiB, 1440 MiB, 99 %, 233.51 W, 54
2026/09/23 22:43:40.439, NVIDIA GeForce RTX 5090, 32607 MiB, 30748 MiB, 1440 MiB, 100 %, 189.07 W, 44
2026/09/23 22:43:45.449, NVIDIA GeForce RTX 5090, 32607 MiB, 30748 MiB, 1440 MiB, 99 %, 232.24 W, 55
2026/09/23 22:43:50.458, NVIDIA GeForce RTX 5090, 32607 MiB, 30748 MiB, 1440 MiB, 100 %, 223.07 W, 47
2026/09/23 22:43:55.467, NVIDIA GeForce RTX 5090, 32607 MiB, 30748 MiB, 1440 MiB, 100 %, 235.15 W, 47
2026/09/23 22:44:00.480, NVIDIA GeForce RTX 5090, 32607 MiB, 30748 MiB, 1440 MiB, 100 %, 253.73 W, 48
2026/09/23 22:44:05.481, NVIDIA GeForce RTX 5090, 32607 MiB, 30748 MiB, 1440 MiB, 100 %, 171.35 W, 44
2026/09/23 22:44:10.483, NVIDIA GeForce RTX 5090, 32607 MiB, 30748 MiB, 1440 MiB, 100 %, 185.63 W, 45
2026/09/23 22:44:15.494, NVIDIA GeForce RTX 5090, 32607 MiB, 30748 MiB, 1440 MiB, 99 %, 247.84 W, 54
2026/09/23 22:44:20.504, NVIDIA GeForce RTX 5090, 32607 MiB, 30748 MiB, 1440 MiB, 100 %, 218.61 W, 46
2026/09/23 22:44:25.511, NVIDIA GeForce RTX 5090, 32607 MiB, 30748 MiB, 1440 MiB, 100 %, 230.22 W, 46
2026/09/23 22:44:30.518, NVIDIA GeForce RTX 5090, 32607 MiB, 30748 MiB, 1440 MiB, 100 %, 231.75 W, 46
2026/09/23 22:44:35.529, NVIDIA GeForce RTX 5090, 32607 MiB, 30748 MiB, 1440 MiB, 100 %, 182.21 W, 46
2026/09/23 22:44:40.532, NVIDIA GeForce RTX 5090, 32607 MiB, 30748 MiB, 1440 MiB, 100 %, 174.29 W, 46
2026/09/23 22:44:45.535, NVIDIA GeForce RTX 5090, 32607 MiB, 30748 MiB, 1440 MiB, 98 %, 208.66 W, 51
2026/09/23 22:44:50.541, NVIDIA GeForce RTX 5090, 32607 MiB, 30748 MiB, 1440 MiB, 100 %, 198.60 W, 45
2026/09/23 22:44:55.546, NVIDIA GeForce RTX 5090, 32607 MiB, 30748 MiB, 1440 MiB, 99 %, 234.57 W, 51
2026/09/23 22:45:00.549, NVIDIA GeForce RTX 5090, 32607 MiB, 30748 MiB, 1440 MiB, 100 %, 225.99 W, 49
2026/09/23 22:45:05.552, NVIDIA GeForce RTX 5090, 32607 MiB, 30748 MiB, 1440 MiB, 99 %, 247.89 W, 55
2026/09/23 22:45:10.567, NVIDIA GeForce RTX 5090, 32607 MiB, 30748 MiB, 1440 MiB, 100 %, 194.21 W, 45
2026/09/23 22:45:15.581, NVIDIA GeForce RTX 5090, 32607 MiB, 30748 MiB, 1440 MiB, 100 %, 183.07 W, 45
2026/09/23 22:45:20.593, NVIDIA GeForce RTX 5090, 32607 MiB, 30748 MiB, 1440 MiB, 100 %, 180.49 W, 44
2026/09/23 22:45:25.605, NVIDIA GeForce RTX 5090, 32607 MiB, 30748 MiB, 1440 MiB, 100 %, 195.35 W, 46
2026/09/23 22:45:30.619, NVIDIA GeForce RTX 5090, 32607 MiB, 30748 MiB, 1440 MiB, 100 %, 203.42 W, 45
2026/09/23 22:45:35.625, NVIDIA GeForce RTX 5090, 32607 MiB, 30748 MiB, 1440 MiB, 99 %, 262.01 W, 53
2026/09/23 22:45:40.636, NVIDIA GeForce RTX 5090, 32607 MiB, 30748 MiB, 1440 MiB, 99 %, 236.00 W, 55
2026/09/23 22:45:45.643, NVIDIA GeForce RTX 5090, 32607 MiB, 30748 MiB, 1440 MiB, 99 %, 310.77 W, 56
2026/09/23 22:45:50.650, NVIDIA GeForce RTX 5090, 32607 MiB, 30748 MiB, 1440 MiB, 100 %, 182.82 W, 45
2026/09/23 22:45:55.665, NVIDIA GeForce RTX 5090, 32607 MiB, 30748 MiB, 1440 MiB, 99 %, 212.80 W, 47
2026/09/23 22:46:00.666, NVIDIA GeForce RTX 5090, 32607 MiB, 30748 MiB, 1440 MiB, 100 %, 189.41 W, 44
2026/09/23 22:46:05.680, NVIDIA GeForce RTX 5090, 32607 MiB, 30748 MiB, 1440 MiB, 100 %, 203.37 W, 46
2026/09/23 22:46:10.689, NVIDIA GeForce RTX 5090, 32607 MiB, 30748 MiB, 1440 MiB, 100 %, 216.71 W, 45
2026/09/23 22:46:15.693, NVIDIA GeForce RTX 5090, 32607 MiB, 30748 MiB, 1440 MiB, 100 %, 229.17 W, 46
2026/09/23 22:46:20.700, NVIDIA GeForce RTX 5090, 32607 MiB, 30748 MiB, 1440 MiB, 100 %, 230.06 W, 45
2026/09/23 22:46:25.711, NVIDIA GeForce RTX 5090, 32607 MiB, 30748 MiB, 1440 MiB, 100 %, 181.40 W, 45
2026/09/23 22:46:30.722, NVIDIA GeForce RTX 5090, 32607 MiB, 30748 MiB, 1440 MiB, 100 %, 169.57 W, 44
2026/09/23 22:46:35.736, NVIDIA GeForce RTX 5090, 32607 MiB, 30748 MiB, 1440 MiB, 100 %, 185.46 W, 44
2026/09/23 22:46:40.738, NVIDIA GeForce RTX 5090, 32607 MiB, 30748 MiB, 1440 MiB, 100 %, 207.37 W, 48
2026/09/23 22:46:45.740, NVIDIA GeForce RTX 5090, 32607 MiB, 30748 MiB, 1440 MiB, 100 %, 214.22 W, 45
2026/09/23 22:46:50.753, NVIDIA GeForce RTX 5090, 32607 MiB, 30748 MiB, 1440 MiB, 100 %, 226.58 W, 45
2026/09/23 22:46:55.754, NVIDIA GeForce RTX 5090, 32607 MiB, 30748 MiB, 1440 MiB, 100 %, 229.10 W, 45
2026/09/23 22:47:00.757, NVIDIA GeForce RTX 5090, 32607 MiB, 30748 MiB, 1440 MiB, 100 %, 181.39 W, 45
2026/09/23 22:47:05.766, NVIDIA GeForce RTX 5090, 32607 MiB, 30748 MiB, 1440 MiB, 100 %, 181.35 W, 45
2026/09/23 22:47:10.779, NVIDIA GeForce RTX 5090, 32607 MiB, 30748 MiB, 1440 MiB, 99 %, 205.72 W, 51
2026/09/23 22:47:15.792, NVIDIA GeForce RTX 5090, 32607 MiB, 30748 MiB, 1440 MiB, 100 %, 186.50 W, 44
2026/09/23 22:47:20.795, NVIDIA GeForce RTX 5090, 32607 MiB, 30748 MiB, 1440 MiB, 99 %, 222.26 W, 55
2026/09/23 22:47:25.810, NVIDIA GeForce RTX 5090, 32607 MiB, 30748 MiB, 1440 MiB, 100 %, 221.19 W, 46
2026/09/23 22:47:30.826, NVIDIA GeForce RTX 5090, 32607 MiB, 30748 MiB, 1440 MiB, 100 %, 233.11 W, 47
2026/09/23 22:47:35.834, NVIDIA GeForce RTX 5090, 32607 MiB, 30748 MiB, 1440 MiB, 100 %, 245.13 W, 47
2026/09/23 22:47:40.838, NVIDIA GeForce RTX 5090, 32607 MiB, 30748 MiB, 1440 MiB, 100 %, 180.49 W, 45
2026/09/23 22:47:45.839, NVIDIA GeForce RTX 5090, 32607 MiB, 30748 MiB, 1440 MiB, 100 %, 174.90 W, 44
2026/09/23 22:47:50.842, NVIDIA GeForce RTX 5090, 32607 MiB, 30748 MiB, 1440 MiB, 100 %, 186.47 W, 45
2026/09/23 22:47:55.850, NVIDIA GeForce RTX 5090, 32607 MiB, 30748 MiB, 1440 MiB, 99 %, 248.88 W, 54
2026/09/23 22:48:00.857, NVIDIA GeForce RTX 5090, 32607 MiB, 30748 MiB, 1440 MiB, 100 %, 209.92 W, 46
2026/09/23 22:48:05.860, NVIDIA GeForce RTX 5090, 32607 MiB, 30748 MiB, 1440 MiB, 100 %, 224.11 W, 45
2026/09/23 22:48:10.870, NVIDIA GeForce RTX 5090, 32607 MiB, 30748 MiB, 1440 MiB, 100 %, 242.60 W, 48
2026/09/23 22:48:15.878, NVIDIA GeForce RTX 5090, 32607 MiB, 30748 MiB, 1440 MiB, 100 %, 180.49 W, 45
2026/09/23 22:48:20.886, NVIDIA GeForce RTX 5090, 32607 MiB, 30748 MiB, 1440 MiB, 98 %, 225.96 W, 54
2026/09/23 22:48:25.897, NVIDIA GeForce RTX 5090, 32607 MiB, 30748 MiB, 1440 MiB, 100 %, 191.91 W, 44
2026/09/23 22:48:30.899, NVIDIA GeForce RTX 5090, 32607 MiB, 30748 MiB, 1440 MiB, 100 %, 198.48 W, 46
2026/09/23 22:48:35.903, NVIDIA GeForce RTX 5090, 32607 MiB, 30748 MiB, 1440 MiB, 100 %, 218.19 W, 45
2026/09/23 22:48:40.907, NVIDIA GeForce RTX 5090, 32607 MiB, 30748 MiB, 1440 MiB, 100 %, 220.68 W, 45
2026/09/23 22:48:45.915, NVIDIA GeForce RTX 5090, 32607 MiB, 30748 MiB, 1440 MiB, 100 %, 231.52 W, 45
2026/09/23 22:48:50.922, NVIDIA GeForce RTX 5090, 32607 MiB, 30748 MiB, 1440 MiB, 100 %, 182.77 W, 45
2026/09/23 22:48:55.935, NVIDIA GeForce RTX 5090, 32607 MiB, 30748 MiB, 1440 MiB, 100 %, 206.68 W, 46
2026/09/23 22:49:00.950, NVIDIA GeForce RTX 5090, 32607 MiB, 30748 MiB, 1440 MiB, 100 %, 187.76 W, 45
2026/09/23 22:49:05.960, NVIDIA GeForce RTX 5090, 32607 MiB, 30748 MiB, 1440 MiB, 99 %, 230.01 W, 51
2026/09/23 22:49:10.973, NVIDIA GeForce RTX 5090, 32607 MiB, 30748 MiB, 1440 MiB, 100 %, 220.49 W, 47
2026/09/23 22:49:15.977, NVIDIA GeForce RTX 5090, 32607 MiB, 30748 MiB, 1440 MiB, 100 %, 222.65 W, 46
2026/09/23 22:49:20.981, NVIDIA GeForce RTX 5090, 32607 MiB, 30748 MiB, 1440 MiB, 100 %, 244.35 W, 48
2026/09/23 22:49:25.992, NVIDIA GeForce RTX 5090, 32607 MiB, 30748 MiB, 1440 MiB, 100 %, 180.37 W, 45
2026/09/23 22:49:31.006, NVIDIA GeForce RTX 5090, 32607 MiB, 30748 MiB, 1440 MiB, 98 %, 220.77 W, 53
2026/09/23 22:49:36.017, NVIDIA GeForce RTX 5090, 32607 MiB, 30748 MiB, 1440 MiB, 100 %, 192.66 W, 44
2026/09/23 22:49:41.023, NVIDIA GeForce RTX 5090, 32607 MiB, 30748 MiB, 1440 MiB, 99 %, 217.60 W, 51
2026/09/23 22:49:46.032, NVIDIA GeForce RTX 5090, 32607 MiB, 30748 MiB, 1440 MiB, 100 %, 220.22 W, 46
2026/09/23 22:49:51.045, NVIDIA GeForce RTX 5090, 32607 MiB, 30748 MiB, 1440 MiB, 100 %, 226.48 W, 46
2026/09/23 22:49:56.054, NVIDIA GeForce RTX 5090, 32607 MiB, 30748 MiB, 1440 MiB, 100 %, 237.33 W, 46
2026/09/23 22:50:01.059, NVIDIA GeForce RTX 5090, 32607 MiB, 30748 MiB, 1440 MiB, 99 %, 182.75 W, 45
2026/09/23 22:50:06.070, NVIDIA GeForce RTX 5090, 32607 MiB, 30748 MiB, 1440 MiB, 100 %, 173.37 W, 44
2026/09/23 22:50:11.080, NVIDIA GeForce RTX 5090, 32607 MiB, 30748 MiB, 1440 MiB, 100 %, 188.17 W, 45
2026/09/23 22:50:16.092, NVIDIA GeForce RTX 5090, 32607 MiB, 30748 MiB, 1440 MiB, 99 %, 230.36 W, 51
2026/09/23 22:50:21.097, NVIDIA GeForce RTX 5090, 32607 MiB, 30748 MiB, 1440 MiB, 100 %, 220.94 W, 49
2026/09/23 22:50:26.101, NVIDIA GeForce RTX 5090, 32607 MiB, 30748 MiB, 1440 MiB, 100 %, 233.39 W, 47
2026/09/23 22:50:31.105, NVIDIA GeForce RTX 5090, 32607 MiB, 30748 MiB, 1440 MiB, 100 %, 234.60 W, 48
2026/09/23 22:50:36.113, NVIDIA GeForce RTX 5090, 32607 MiB, 30748 MiB, 1440 MiB, 100 %, 180.97 W, 45
2026/09/23 22:50:41.120, NVIDIA GeForce RTX 5090, 32607 MiB, 30748 MiB, 1440 MiB, 100 %, 173.12 W, 44
2026/09/23 22:50:46.127, NVIDIA GeForce RTX 5090, 32607 MiB, 30748 MiB, 1440 MiB, 100 %, 193.00 W, 45
2026/09/23 22:50:51.129, NVIDIA GeForce RTX 5090, 32607 MiB, 30748 MiB, 1440 MiB, 99 %, 252.25 W, 54
2026/09/23 22:50:56.133, NVIDIA GeForce RTX 5090, 32607 MiB, 30748 MiB, 1440 MiB, 100 %, 220.80 W, 46
2026/09/23 22:51:01.147, NVIDIA GeForce RTX 5090, 32607 MiB, 30748 MiB, 1440 MiB, 100 %, 233.31 W, 46
2026/09/23 22:51:06.159, NVIDIA GeForce RTX 5090, 32607 MiB, 30748 MiB, 1440 MiB, 100 %, 246.74 W, 48
2026/09/23 22:51:11.162, NVIDIA GeForce RTX 5090, 32607 MiB, 30748 MiB, 1440 MiB, 100 %, 182.30 W, 45
2026/09/23 22:51:16.175, NVIDIA GeForce RTX 5090, 32607 MiB, 30748 MiB, 1440 MiB, 97 %, 213.76 W, 52
2026/09/23 22:51:21.185, NVIDIA GeForce RTX 5090, 32607 MiB, 30748 MiB, 1440 MiB, 100 %, 186.55 W, 45
2026/09/23 22:51:26.198, NVIDIA GeForce RTX 5090, 32607 MiB, 30748 MiB, 1440 MiB, 99 %, 244.01 W, 49
2026/09/23 22:51:31.211, NVIDIA GeForce RTX 5090, 32607 MiB, 30748 MiB, 1440 MiB, 100 %, 212.44 W, 46
2026/09/23 22:51:36.216, NVIDIA GeForce RTX 5090, 32607 MiB, 30748 MiB, 1440 MiB, 100 %, 226.30 W, 45
2026/09/23 22:51:41.231, NVIDIA GeForce RTX 5090, 32607 MiB, 30748 MiB, 1440 MiB, 100 %, 244.45 W, 47
2026/09/23 22:51:46.238, NVIDIA GeForce RTX 5090, 32607 MiB, 30748 MiB, 1440 MiB, 100 %, 244.29 W, 51
2026/09/23 22:51:51.252, NVIDIA GeForce RTX 5090, 32607 MiB, 30748 MiB, 1440 MiB, 100 %, 240.13 W, 48
2026/09/23 22:51:56.263, NVIDIA GeForce RTX 5090, 32607 MiB, 30748 MiB, 1440 MiB, 100 %, 263.98 W, 47
2026/09/23 22:52:01.270, NVIDIA GeForce RTX 5090, 32607 MiB, 30748 MiB, 1440 MiB, 100 %, 250.77 W, 46
2026/09/23 22:52:06.283, NVIDIA GeForce RTX 5090, 32607 MiB, 30748 MiB, 1440 MiB, 100 %, 248.29 W, 56
2026/09/23 22:52:11.287, NVIDIA GeForce RTX 5090, 32607 MiB, 30748 MiB, 1440 MiB, 99 %, 306.88 W, 53
2026/09/23 22:52:16.290, NVIDIA GeForce RTX 5090, 32607 MiB, 30748 MiB, 1440 MiB, 100 %, 299.66 W, 49
2026/09/23 22:52:21.305, NVIDIA GeForce RTX 5090, 32607 MiB, 30748 MiB, 1440 MiB, 100 %, 307.84 W, 50
2026/09/23 22:52:26.315, NVIDIA GeForce RTX 5090, 32607 MiB, 30748 MiB, 1440 MiB, 100 %, 302.66 W, 57
2026/09/23 22:52:31.322, NVIDIA GeForce RTX 5090, 32607 MiB, 30748 MiB, 1440 MiB, 100 %, 253.64 W, 57
2026/09/23 22:52:36.326, NVIDIA GeForce RTX 5090, 32607 MiB, 30748 MiB, 1440 MiB, 100 %, 262.38 W, 52
2026/09/23 22:52:41.340, NVIDIA GeForce RTX 5090, 32607 MiB, 30748 MiB, 1440 MiB, 100 %, 348.70 W, 49
2026/09/23 22:52:46.343, NVIDIA GeForce RTX 5090, 32607 MiB, 30748 MiB, 1440 MiB, 100 %, 265.99 W, 57
2026/09/23 22:52:51.352, NVIDIA GeForce RTX 5090, 32607 MiB, 30748 MiB, 1440 MiB, 100 %, 336.65 W, 48
2026/09/23 22:52:56.357, NVIDIA GeForce RTX 5090, 32607 MiB, 30748 MiB, 1440 MiB, 100 %, 276.82 W, 58
2026/09/23 22:53:01.361, NVIDIA GeForce RTX 5090, 32607 MiB, 30748 MiB, 1440 MiB, 100 %, 355.49 W, 49
2026/09/23 22:53:06.365, NVIDIA GeForce RTX 5090, 32607 MiB, 30748 MiB, 1440 MiB, 100 %, 252.16 W, 54
2026/09/23 22:53:11.371, NVIDIA GeForce RTX 5090, 32607 MiB, 30748 MiB, 1440 MiB, 100 %, 337.41 W, 59
2026/09/23 22:53:16.373, NVIDIA GeForce RTX 5090, 32607 MiB, 30748 MiB, 1440 MiB, 100 %, 385.39 W, 49
2026/09/23 22:53:21.377, NVIDIA GeForce RTX 5090, 32607 MiB, 30748 MiB, 1440 MiB, 100 %, 291.42 W, 48
2026/09/23 22:53:26.385, NVIDIA GeForce RTX 5090, 32607 MiB, 30748 MiB, 1440 MiB, 100 %, 250.03 W, 57
2026/09/23 22:53:31.398, NVIDIA GeForce RTX 5090, 32607 MiB, 30748 MiB, 1440 MiB, 100 %, 282.48 W, 59
2026/09/23 22:53:36.412, NVIDIA GeForce RTX 5090, 32607 MiB, 30748 MiB, 1440 MiB, 99 %, 334.61 W, 59
2026/09/23 22:53:41.424, NVIDIA GeForce RTX 5090, 32607 MiB, 30748 MiB, 1440 MiB, 99 %, 371.41 W, 59
2026/09/23 22:53:46.434, NVIDIA GeForce RTX 5090, 32607 MiB, 30748 MiB, 1440 MiB, 100 %, 168.61 W, 47
2026/09/23 22:53:51.440, NVIDIA GeForce RTX 5090, 32607 MiB, 30748 MiB, 1440 MiB, 100 %, 175.11 W, 47
2026/09/23 22:53:56.448, NVIDIA GeForce RTX 5090, 32607 MiB, 30748 MiB, 1440 MiB, 100 %, 190.29 W, 47
2026/09/23 22:54:01.459, NVIDIA GeForce RTX 5090, 32607 MiB, 30748 MiB, 1440 MiB, 99 %, 222.23 W, 52
2026/09/23 22:54:06.470, NVIDIA GeForce RTX 5090, 32607 MiB, 30748 MiB, 1440 MiB, 99 %, 236.56 W, 54
2026/09/23 22:54:11.476, NVIDIA GeForce RTX 5090, 32607 MiB, 30748 MiB, 1440 MiB, 99 %, 264.10 W, 57
2026/09/23 22:54:16.489, NVIDIA GeForce RTX 5090, 32607 MiB, 30748 MiB, 1440 MiB, 99 %, 230.36 W, 57
2026/09/23 22:54:21.502, NVIDIA GeForce RTX 5090, 32607 MiB, 30748 MiB, 1440 MiB, 100 %, 248.34 W, 47
2026/09/23 22:54:26.516, NVIDIA GeForce RTX 5090, 32607 MiB, 30748 MiB, 1440 MiB, 100 %, 264.43 W, 48
2026/09/23 22:54:31.520, NVIDIA GeForce RTX 5090, 32607 MiB, 30748 MiB, 1440 MiB, 100 %, 230.98 W, 57
2026/09/23 22:54:36.533, NVIDIA GeForce RTX 5090, 32607 MiB, 30748 MiB, 1440 MiB, 100 %, 271.47 W, 49
2026/09/23 22:54:41.537, NVIDIA GeForce RTX 5090, 32607 MiB, 30748 MiB, 1440 MiB, 100 %, 251.64 W, 48
2026/09/23 22:54:46.550, NVIDIA GeForce RTX 5090, 32607 MiB, 30748 MiB, 1440 MiB, 100 %, 251.15 W, 56
2026/09/23 22:54:51.557, NVIDIA GeForce RTX 5090, 32607 MiB, 30748 MiB, 1440 MiB, 100 %, 259.12 W, 58
2026/09/23 22:54:56.558, NVIDIA GeForce RTX 5090, 32607 MiB, 30748 MiB, 1440 MiB, 100 %, 262.28 W, 58
2026/09/23 22:55:01.562, NVIDIA GeForce RTX 5090, 32607 MiB, 30748 MiB, 1440 MiB, 100 %, 252.09 W, 58
2026/09/23 22:55:06.573, NVIDIA GeForce RTX 5090, 32607 MiB, 30748 MiB, 1440 MiB, 100 %, 222.50 W, 48
2026/09/23 22:55:11.586, NVIDIA GeForce RTX 5090, 32607 MiB, 30748 MiB, 1440 MiB, 100 %, 323.05 W, 48
2026/09/23 22:55:16.590, NVIDIA GeForce RTX 5090, 32607 MiB, 30748 MiB, 1440 MiB, 100 %, 327.28 W, 52
2026/09/23 22:55:21.599, NVIDIA GeForce RTX 5090, 32607 MiB, 30748 MiB, 1440 MiB, 100 %, 257.05 W, 58
2026/09/23 22:55:26.611, NVIDIA GeForce RTX 5090, 32607 MiB, 30748 MiB, 1440 MiB, 100 %, 358.91 W, 50
2026/09/23 22:55:31.619, NVIDIA GeForce RTX 5090, 32607 MiB, 30748 MiB, 1440 MiB, 100 %, 259.24 W, 59
2026/09/23 22:55:36.630, NVIDIA GeForce RTX 5090, 32607 MiB, 30748 MiB, 1440 MiB, 100 %, 355.40 W, 49
2026/09/23 22:55:41.634, NVIDIA GeForce RTX 5090, 32607 MiB, 30748 MiB, 1440 MiB, 100 %, 252.52 W, 57
2026/09/23 22:55:46.638, NVIDIA GeForce RTX 5090, 32607 MiB, 30748 MiB, 1440 MiB, 100 %, 352.77 W, 60
2026/09/23 22:55:51.649, NVIDIA GeForce RTX 5090, 32607 MiB, 30748 MiB, 1440 MiB, 100 %, 363.99 W, 51
2026/09/23 22:55:56.662, NVIDIA GeForce RTX 5090, 32607 MiB, 30748 MiB, 1440 MiB, 100 %, 233.20 W, 49
2026/09/23 22:56:01.675, NVIDIA GeForce RTX 5090, 32607 MiB, 30748 MiB, 1440 MiB, 100 %, 253.03 W, 59
2026/09/23 22:56:06.689, NVIDIA GeForce RTX 5090, 32607 MiB, 30748 MiB, 1440 MiB, 100 %, 323.02 W, 60
2026/09/23 22:56:11.697, NVIDIA GeForce RTX 5090, 32607 MiB, 30748 MiB, 1440 MiB, 100 %, 365.52 W, 60
2026/09/23 22:56:16.707, NVIDIA GeForce RTX 5090, 32607 MiB, 30748 MiB, 1440 MiB, 100 %, 428.78 W, 53
2026/09/23 22:56:21.710, NVIDIA GeForce RTX 5090, 32607 MiB, 30748 MiB, 1440 MiB, 100 %, 379.07 W, 50
2026/09/23 22:56:26.714, NVIDIA GeForce RTX 5090, 32607 MiB, 30748 MiB, 1440 MiB, 98 %, 173.02 W, 49
2026/09/23 22:56:31.722, NVIDIA GeForce RTX 5090, 32607 MiB, 30748 MiB, 1440 MiB, 100 %, 186.12 W, 51
2026/09/23 22:56:36.734, NVIDIA GeForce RTX 5090, 32607 MiB, 30748 MiB, 1440 MiB, 100 %, 203.20 W, 48
2026/09/23 22:56:41.748, NVIDIA GeForce RTX 5090, 32607 MiB, 30748 MiB, 1440 MiB, 100 %, 208.05 W, 54
2026/09/23 22:56:46.762, NVIDIA GeForce RTX 5090, 32607 MiB, 30748 MiB, 1440 MiB, 99 %, 266.51 W, 57
2026/09/23 22:56:51.772, NVIDIA GeForce RTX 5090, 32607 MiB, 30748 MiB, 1440 MiB, 99 %, 231.60 W, 58
2026/09/23 22:56:56.782, NVIDIA GeForce RTX 5090, 32607 MiB, 30748 MiB, 1440 MiB, 100 %, 231.54 W, 56
2026/09/23 22:57:01.793, NVIDIA GeForce RTX 5090, 32607 MiB, 30748 MiB, 1440 MiB, 100 %, 260.01 W, 47
2026/09/23 22:57:06.809, NVIDIA GeForce RTX 5090, 32607 MiB, 30748 MiB, 1440 MiB, 100 %, 271.55 W, 50
2026/09/23 22:57:11.812, NVIDIA GeForce RTX 5090, 32607 MiB, 30748 MiB, 1440 MiB, 100 %, 274.50 W, 51
2026/09/23 22:57:16.824, NVIDIA GeForce RTX 5090, 32607 MiB, 30748 MiB, 1440 MiB, 100 %, 257.27 W, 58
2026/09/23 22:57:21.825, NVIDIA GeForce RTX 5090, 32607 MiB, 30748 MiB, 1440 MiB, 100 %, 285.62 W, 50
2026/09/23 22:57:26.836, NVIDIA GeForce RTX 5090, 32607 MiB, 30748 MiB, 1440 MiB, 100 %, 310.86 W, 51
2026/09/23 22:57:31.839, NVIDIA GeForce RTX 5090, 32607 MiB, 30748 MiB, 1440 MiB, 100 %, 303.26 W, 49
2026/09/23 22:57:36.842, NVIDIA GeForce RTX 5090, 32607 MiB, 30748 MiB, 1440 MiB, 100 %, 329.40 W, 54
2026/09/23 22:57:41.851, NVIDIA GeForce RTX 5090, 32607 MiB, 30748 MiB, 1440 MiB, 100 %, 327.75 W, 51
2026/09/23 22:57:46.860, NVIDIA GeForce RTX 5090, 32607 MiB, 30748 MiB, 1440 MiB, 100 %, 308.78 W, 59
2026/09/23 22:57:51.865, NVIDIA GeForce RTX 5090, 32607 MiB, 30748 MiB, 1440 MiB, 100 %, 236.30 W, 55
2026/09/23 22:57:56.878, NVIDIA GeForce RTX 5090, 32607 MiB, 30748 MiB, 1440 MiB, 100 %, 352.09 W, 50
2026/09/23 22:58:01.890, NVIDIA GeForce RTX 5090, 32607 MiB, 30748 MiB, 1440 MiB, 100 %, 302.35 W, 59
2026/09/23 22:58:06.891, NVIDIA GeForce RTX 5090, 32607 MiB, 30748 MiB, 1440 MiB, 100 %, 295.51 W, 48
2026/09/23 22:58:11.907, NVIDIA GeForce RTX 5090, 32607 MiB, 30748 MiB, 1440 MiB, 100 %, 321.93 W, 59
2026/09/23 22:58:16.922, NVIDIA GeForce RTX 5090, 32607 MiB, 30748 MiB, 1440 MiB, 100 %, 359.75 W, 50
2026/09/23 22:58:21.925, NVIDIA GeForce RTX 5090, 32607 MiB, 30748 MiB, 1440 MiB, 100 %, 226.70 W, 58
2026/09/23 22:58:26.936, NVIDIA GeForce RTX 5090, 32607 MiB, 30748 MiB, 1440 MiB, 100 %, 346.69 W, 60
2026/09/23 22:58:31.946, NVIDIA GeForce RTX 5090, 32607 MiB, 30748 MiB, 1440 MiB, 100 %, 381.15 W, 50
2026/09/23 22:58:36.954, NVIDIA GeForce RTX 5090, 32607 MiB, 30748 MiB, 1440 MiB, 100 %, 286.08 W, 49
2026/09/23 22:58:41.958, NVIDIA GeForce RTX 5090, 32607 MiB, 30748 MiB, 1440 MiB, 100 %, 232.72 W, 57
2026/09/23 22:58:46.964, NVIDIA GeForce RTX 5090, 32607 MiB, 30748 MiB, 1440 MiB, 100 %, 281.47 W, 60
2026/09/23 22:58:51.979, NVIDIA GeForce RTX 5090, 32607 MiB, 30748 MiB, 1440 MiB, 100 %, 316.73 W, 60
2026/09/23 22:58:56.994, NVIDIA GeForce RTX 5090, 32607 MiB, 30748 MiB, 1440 MiB, 100 %, 338.63 W, 60
2026/09/23 22:59:02.001, NVIDIA GeForce RTX 5090, 32607 MiB, 30748 MiB, 1440 MiB, 100 %, 170.78 W, 48
2026/09/23 22:59:07.015, NVIDIA GeForce RTX 5090, 32607 MiB, 30748 MiB, 1440 MiB, 100 %, 181.03 W, 48
2026/09/23 22:59:12.029, NVIDIA GeForce RTX 5090, 32607 MiB, 30748 MiB, 1440 MiB, 100 %, 217.87 W, 50
2026/09/23 22:59:17.043, NVIDIA GeForce RTX 5090, 32607 MiB, 30748 MiB, 1440 MiB, 100 %, 201.86 W, 48
2026/09/23 22:59:22.056, NVIDIA GeForce RTX 5090, 32607 MiB, 30748 MiB, 1440 MiB, 99 %, 238.11 W, 54
2026/09/23 22:59:27.058, NVIDIA GeForce RTX 5090, 32607 MiB, 30748 MiB, 1440 MiB, 99 %, 261.33 W, 56
2026/09/23 22:59:32.067, NVIDIA GeForce RTX 5090, 32607 MiB, 30748 MiB, 1440 MiB, 99 %, 253.87 W, 54
2026/09/23 22:59:37.069, NVIDIA GeForce RTX 5090, 32607 MiB, 30748 MiB, 1440 MiB, 100 %, 244.55 W, 48
2026/09/23 22:59:42.072, NVIDIA GeForce RTX 5090, 32607 MiB, 30748 MiB, 1440 MiB, 100 %, 254.48 W, 50
2026/09/23 22:59:47.074, NVIDIA GeForce RTX 5090, 32607 MiB, 30748 MiB, 1440 MiB, 100 %, 260.94 W, 48
2026/09/23 22:59:52.086, NVIDIA GeForce RTX 5090, 32607 MiB, 30748 MiB, 1440 MiB, 100 %, 273.53 W, 53
2026/09/23 22:59:57.088, NVIDIA GeForce RTX 5090, 32607 MiB, 30748 MiB, 1440 MiB, 100 %, 282.16 W, 49
2026/09/23 23:00:02.095, NVIDIA GeForce RTX 5090, 32607 MiB, 30748 MiB, 1440 MiB, 100 %, 282.69 W, 48
2026/09/23 23:00:07.106, NVIDIA GeForce RTX 5090, 32607 MiB, 30748 MiB, 1440 MiB, 100 %, 270.41 W, 48
2026/09/23 23:00:12.119, NVIDIA GeForce RTX 5090, 32607 MiB, 30748 MiB, 1440 MiB, 100 %, 257.20 W, 50
2026/09/23 23:00:17.135, NVIDIA GeForce RTX 5090, 32607 MiB, 30748 MiB, 1440 MiB, 100 %, 306.45 W, 48
2026/09/23 23:00:22.137, NVIDIA GeForce RTX 5090, 32607 MiB, 30748 MiB, 1440 MiB, 100 %, 344.18 W, 55
2026/09/23 23:00:27.144, NVIDIA GeForce RTX 5090, 32607 MiB, 30748 MiB, 1440 MiB, 100 %, 332.04 W, 59
2026/09/23 23:00:32.155, NVIDIA GeForce RTX 5090, 32607 MiB, 30748 MiB, 1440 MiB, 100 %, 237.78 W, 58
2026/09/23 23:00:37.157, NVIDIA GeForce RTX 5090, 32607 MiB, 30748 MiB, 1440 MiB, 100 %, 336.29 W, 49
2026/09/23 23:00:42.168, NVIDIA GeForce RTX 5090, 32607 MiB, 30748 MiB, 1440 MiB, 100 %, 308.95 W, 59
2026/09/23 23:00:47.182, NVIDIA GeForce RTX 5090, 32607 MiB, 30748 MiB, 1440 MiB, 100 %, 291.85 W, 49
2026/09/23 23:00:52.196, NVIDIA GeForce RTX 5090, 32607 MiB, 30748 MiB, 1440 MiB, 100 %, 286.46 W, 60
2026/09/23 23:00:57.205, NVIDIA GeForce RTX 5090, 32607 MiB, 30748 MiB, 1440 MiB, 100 %, 379.28 W, 54
2026/09/23 23:01:02.208, NVIDIA GeForce RTX 5090, 32607 MiB, 30748 MiB, 1440 MiB, 100 %, 222.58 W, 49
2026/09/23 23:01:07.211, NVIDIA GeForce RTX 5090, 32607 MiB, 30748 MiB, 1440 MiB, 100 %, 308.29 W, 60
2026/09/23 23:01:12.222, NVIDIA GeForce RTX 5090, 32607 MiB, 30748 MiB, 1440 MiB, 100 %, 407.39 W, 54
2026/09/23 23:01:17.235, NVIDIA GeForce RTX 5090, 32607 MiB, 30748 MiB, 1440 MiB, 100 %, 366.73 W, 52
2026/09/23 23:01:22.242, NVIDIA GeForce RTX 5090, 32607 MiB, 30748 MiB, 1440 MiB, 100 %, 295.58 W, 49
2026/09/23 23:01:27.247, NVIDIA GeForce RTX 5090, 32607 MiB, 30748 MiB, 1440 MiB, 100 %, 226.77 W, 50
2026/09/23 23:01:32.256, NVIDIA GeForce RTX 5090, 32607 MiB, 30748 MiB, 1440 MiB, 100 %, 245.05 W, 57
2026/09/23 23:01:37.268, NVIDIA GeForce RTX 5090, 32607 MiB, 30748 MiB, 1440 MiB, 100 %, 169.71 W, 48
2026/09/23 23:01:42.274, NVIDIA GeForce RTX 5090, 32607 MiB, 30748 MiB, 1440 MiB, 99 %, 185.78 W, 54
2026/09/23 23:01:47.280, NVIDIA GeForce RTX 5090, 32607 MiB, 30748 MiB, 1440 MiB, 100 %, 189.26 W, 48
2026/09/23 23:01:52.289, NVIDIA GeForce RTX 5090, 32607 MiB, 30748 MiB, 1440 MiB, 100 %, 196.93 W, 49
2026/09/23 23:01:57.304, NVIDIA GeForce RTX 5090, 32607 MiB, 30748 MiB, 1440 MiB, 100 %, 208.47 W, 48
2026/09/23 23:02:02.316, NVIDIA GeForce RTX 5090, 32607 MiB, 30748 MiB, 1440 MiB, 100 %, 228.21 W, 48
2026/09/23 23:02:07.328, NVIDIA GeForce RTX 5090, 32607 MiB, 30748 MiB, 1440 MiB, 100 %, 239.69 W, 48
2026/09/23 23:02:12.337, NVIDIA GeForce RTX 5090, 32607 MiB, 30748 MiB, 1440 MiB, 100 %, 240.26 W, 48
2026/09/23 23:02:17.339, NVIDIA GeForce RTX 5090, 32607 MiB, 30748 MiB, 1440 MiB, 100 %, 262.73 W, 50
2026/09/23 23:02:22.352, NVIDIA GeForce RTX 5090, 32607 MiB, 30748 MiB, 1440 MiB, 100 %, 259.64 W, 55
2026/09/23 23:02:27.361, NVIDIA GeForce RTX 5090, 32607 MiB, 30748 MiB, 1440 MiB, 100 %, 269.11 W, 49
2026/09/23 23:02:32.365, NVIDIA GeForce RTX 5090, 32607 MiB, 30748 MiB, 1440 MiB, 100 %, 285.50 W, 48
2026/09/23 23:02:37.380, NVIDIA GeForce RTX 5090, 32607 MiB, 30748 MiB, 1440 MiB, 100 %, 236.90 W, 57
2026/09/23 23:02:42.387, NVIDIA GeForce RTX 5090, 32607 MiB, 30748 MiB, 1440 MiB, 100 %, 250.16 W, 58
2026/09/23 23:02:47.391, NVIDIA GeForce RTX 5090, 32607 MiB, 30748 MiB, 1440 MiB, 100 %, 254.76 W, 58
2026/09/23 23:02:52.401, NVIDIA GeForce RTX 5090, 32607 MiB, 30748 MiB, 1440 MiB, 100 %, 256.72 W, 58
2026/09/23 23:02:57.403, NVIDIA GeForce RTX 5090, 32607 MiB, 30748 MiB, 1440 MiB, 100 %, 228.04 W, 55
2026/09/23 23:03:02.404, NVIDIA GeForce RTX 5090, 32607 MiB, 30748 MiB, 1440 MiB, 100 %, 318.86 W, 48
2026/09/23 23:03:07.409, NVIDIA GeForce RTX 5090, 32607 MiB, 30748 MiB, 1440 MiB, 100 %, 326.28 W, 51
2026/09/23 23:03:12.414, NVIDIA GeForce RTX 5090, 32607 MiB, 30748 MiB, 1440 MiB, 100 %, 262.64 W, 59
2026/09/23 23:03:17.417, NVIDIA GeForce RTX 5090, 32607 MiB, 30748 MiB, 1440 MiB, 100 %, 328.98 W, 49
2026/09/23 23:03:22.424, NVIDIA GeForce RTX 5090, 32607 MiB, 30748 MiB, 1440 MiB, 100 %, 299.89 W, 59
2026/09/23 23:03:27.438, NVIDIA GeForce RTX 5090, 32607 MiB, 30748 MiB, 1440 MiB, 100 %, 340.70 W, 50
2026/09/23 23:03:32.444, NVIDIA GeForce RTX 5090, 32607 MiB, 30748 MiB, 1440 MiB, 100 %, 262.86 W, 59
2026/09/23 23:03:37.456, NVIDIA GeForce RTX 5090, 32607 MiB, 30748 MiB, 1440 MiB, 100 %, 390.80 W, 52
2026/09/23 23:03:42.469, NVIDIA GeForce RTX 5090, 32607 MiB, 30748 MiB, 1440 MiB, 100 %, 276.96 W, 49
2026/09/23 23:03:47.485, NVIDIA GeForce RTX 5090, 32607 MiB, 30748 MiB, 1440 MiB, 100 %, 253.28 W, 59
2026/09/23 23:03:52.494, NVIDIA GeForce RTX 5090, 32607 MiB, 30748 MiB, 1440 MiB, 100 %, 330.75 W, 60
2026/09/23 23:03:57.505, NVIDIA GeForce RTX 5090, 32607 MiB, 30748 MiB, 1440 MiB, 100 %, 418.08 W, 55
2026/09/23 23:04:02.518, NVIDIA GeForce RTX 5090, 32607 MiB, 30748 MiB, 1440 MiB, 100 %, 389.34 W, 51
2026/09/23 23:04:07.520, NVIDIA GeForce RTX 5090, 32607 MiB, 30748 MiB, 1440 MiB, 100 %, 367.89 W, 51
2026/09/23 23:04:12.527, NVIDIA GeForce RTX 5090, 32607 MiB, 30748 MiB, 1440 MiB, 100 %, 335.15 W, 50
2026/09/23 23:04:17.528, NVIDIA GeForce RTX 5090, 32607 MiB, 30748 MiB, 1440 MiB, 99 %, 151.86 W, 53
2026/09/23 23:04:22.535, NVIDIA GeForce RTX 5090, 32607 MiB, 30748 MiB, 1440 MiB, 100 %, 183.44 W, 48
2026/09/23 23:04:27.545, NVIDIA GeForce RTX 5090, 32607 MiB, 30748 MiB, 1440 MiB, 100 %, 208.07 W, 54
2026/09/23 23:04:32.551, NVIDIA GeForce RTX 5090, 32607 MiB, 30748 MiB, 1440 MiB, 100 %, 216.37 W, 50
2026/09/23 23:04:37.567, NVIDIA GeForce RTX 5090, 32607 MiB, 30748 MiB, 1440 MiB, 100 %, 228.39 W, 49
2026/09/23 23:04:42.570, NVIDIA GeForce RTX 5090, 32607 MiB, 30748 MiB, 1440 MiB, 100 %, 239.62 W, 49
2026/09/23 23:04:47.586, NVIDIA GeForce RTX 5090, 32607 MiB, 30748 MiB, 1440 MiB, 100 %, 250.81 W, 49
2026/09/23 23:04:52.595, NVIDIA GeForce RTX 5090, 32607 MiB, 30748 MiB, 1440 MiB, 100 %, 236.23 W, 58
2026/09/23 23:04:57.605, NVIDIA GeForce RTX 5090, 32607 MiB, 30748 MiB, 1440 MiB, 100 %, 272.47 W, 48
2026/09/23 23:05:02.620, NVIDIA GeForce RTX 5090, 32607 MiB, 30748 MiB, 1440 MiB, 100 %, 260.05 W, 58
2026/09/23 23:05:07.634, NVIDIA GeForce RTX 5090, 32607 MiB, 30748 MiB, 1440 MiB, 100 %, 271.23 W, 49
2026/09/23 23:05:12.646, NVIDIA GeForce RTX 5090, 32607 MiB, 30748 MiB, 1440 MiB, 100 %, 294.49 W, 48
2026/09/23 23:05:17.648, NVIDIA GeForce RTX 5090, 32607 MiB, 30748 MiB, 1440 MiB, 100 %, 233.91 W, 48
2026/09/23 23:05:22.660, NVIDIA GeForce RTX 5090, 32607 MiB, 30748 MiB, 1440 MiB, 100 %, 226.48 W, 55
2026/09/23 23:05:27.664, NVIDIA GeForce RTX 5090, 32607 MiB, 30748 MiB, 1440 MiB, 100 %, 223.39 W, 48
2026/09/23 23:05:32.678, NVIDIA GeForce RTX 5090, 32607 MiB, 30748 MiB, 1440 MiB, 100 %, 285.69 W, 48
2026/09/23 23:05:37.680, NVIDIA GeForce RTX 5090, 32607 MiB, 30748 MiB, 1440 MiB, 100 %, 336.88 W, 49
2026/09/23 23:05:42.690, NVIDIA GeForce RTX 5090, 32607 MiB, 30748 MiB, 1440 MiB, 100 %, 298.25 W, 59
2026/09/23 23:05:47.695, NVIDIA GeForce RTX 5090, 32607 MiB, 30748 MiB, 1440 MiB, 100 %, 234.29 W, 49
2026/09/23 23:05:52.710, NVIDIA GeForce RTX 5090, 32607 MiB, 30748 MiB, 1440 MiB, 100 %, 361.04 W, 50
2026/09/23 23:05:57.717, NVIDIA GeForce RTX 5090, 32607 MiB, 30748 MiB, 1440 MiB, 100 %, 254.72 W, 58
2026/09/23 23:06:02.727, NVIDIA GeForce RTX 5090, 32607 MiB, 30748 MiB, 1440 MiB, 100 %, 376.35 W, 51
2026/09/23 23:06:07.732, NVIDIA GeForce RTX 5090, 32607 MiB, 30748 MiB, 1440 MiB, 100 %, 244.63 W, 49
2026/09/23 23:06:12.747, NVIDIA GeForce RTX 5090, 32607 MiB, 30748 MiB, 1440 MiB, 100 %, 317.57 W, 60
2026/09/23 23:06:17.762, NVIDIA GeForce RTX 5090, 32607 MiB, 30748 MiB, 1440 MiB, 100 %, 362.59 W, 50
2026/09/23 23:06:22.767, NVIDIA GeForce RTX 5090, 32607 MiB, 30748 MiB, 1440 MiB, 100 %, 282.47 W, 49
2026/09/23 23:06:27.770, NVIDIA GeForce RTX 5090, 32607 MiB, 30748 MiB, 1440 MiB, 100 %, 243.40 W, 59
2026/09/23 23:06:32.776, NVIDIA GeForce RTX 5090, 32607 MiB, 30748 MiB, 1440 MiB, 100 %, 310.92 W, 60
2026/09/23 23:06:37.780, NVIDIA GeForce RTX 5090, 32607 MiB, 30748 MiB, 1440 MiB, 100 %, 349.89 W, 60
2026/09/23 23:06:42.787, NVIDIA GeForce RTX 5090, 32607 MiB, 30748 MiB, 1440 MiB, 100 %, 413.65 W, 60
2026/09/23 23:06:47.796, NVIDIA GeForce RTX 5090, 32607 MiB, 30748 MiB, 1440 MiB, 100 %, 431.89 W, 57
2026/09/23 23:06:52.802, NVIDIA GeForce RTX 5090, 32607 MiB, 30748 MiB, 1440 MiB, 100 %, 169.72 W, 48
2026/09/23 23:06:57.809, NVIDIA GeForce RTX 5090, 32607 MiB, 30748 MiB, 1440 MiB, 100 %, 195.91 W, 50
2026/09/23 23:07:02.824, NVIDIA GeForce RTX 5090, 32607 MiB, 30748 MiB, 1440 MiB, 100 %, 189.72 W, 48
2026/09/23 23:07:07.832, NVIDIA GeForce RTX 5090, 32607 MiB, 30748 MiB, 1440 MiB, 100 %, 209.19 W, 49
2026/09/23 23:07:12.834, NVIDIA GeForce RTX 5090, 32607 MiB, 30748 MiB, 1440 MiB, 100 %, 221.47 W, 48
2026/09/23 23:07:17.840, NVIDIA GeForce RTX 5090, 32607 MiB, 30748 MiB, 1440 MiB, 100 %, 223.84 W, 48
2026/09/23 23:07:22.853, NVIDIA GeForce RTX 5090, 32607 MiB, 30748 MiB, 1440 MiB, 100 %, 234.91 W, 48
2026/09/23 23:07:27.858, NVIDIA GeForce RTX 5090, 32607 MiB, 30748 MiB, 1440 MiB, 100 %, 256.88 W, 52
2026/09/23 23:07:32.860, NVIDIA GeForce RTX 5090, 32607 MiB, 30748 MiB, 1440 MiB, 99 %, 261.45 W, 58
2026/09/23 23:07:37.862, NVIDIA GeForce RTX 5090, 32607 MiB, 30748 MiB, 1440 MiB, 100 %, 263.49 W, 48
2026/09/23 23:07:42.877, NVIDIA GeForce RTX 5090, 32607 MiB, 30748 MiB, 1440 MiB, 100 %, 257.96 W, 58
2026/09/23 23:07:47.881, NVIDIA GeForce RTX 5090, 32607 MiB, 30748 MiB, 1440 MiB, 100 %, 281.73 W, 50
2026/09/23 23:07:52.886, NVIDIA GeForce RTX 5090, 32607 MiB, 30748 MiB, 1440 MiB, 100 %, 307.25 W, 50
2026/09/23 23:07:57.902, NVIDIA GeForce RTX 5090, 32607 MiB, 30748 MiB, 1440 MiB, 100 %, 298.97 W, 49
2026/09/23 23:08:02.909, NVIDIA GeForce RTX 5090, 32607 MiB, 30748 MiB, 1440 MiB, 100 %, 307.37 W, 49
2026/09/23 23:08:07.924, NVIDIA GeForce RTX 5090, 32607 MiB, 30748 MiB, 1440 MiB, 100 %, 334.51 W, 49
2026/09/23 23:08:12.940, NVIDIA GeForce RTX 5090, 32607 MiB, 30748 MiB, 1440 MiB, 100 %, 323.75 W, 53
2026/09/23 23:08:17.943, NVIDIA GeForce RTX 5090, 32607 MiB, 30748 MiB, 1440 MiB, 100 %, 246.92 W, 59
2026/09/23 23:08:22.944, NVIDIA GeForce RTX 5090, 32607 MiB, 30748 MiB, 1440 MiB, 100 %, 292.05 W, 48
2026/09/23 23:08:27.945, NVIDIA GeForce RTX 5090, 32607 MiB, 30748 MiB, 1440 MiB, 100 %, 335.61 W, 52
2026/09/23 23:08:32.959, NVIDIA GeForce RTX 5090, 32607 MiB, 30748 MiB, 1440 MiB, 100 %, 219.20 W, 54
2026/09/23 23:08:37.960, NVIDIA GeForce RTX 5090, 32607 MiB, 30748 MiB, 1440 MiB, 100 %, 371.53 W, 52
2026/09/23 23:08:42.968, NVIDIA GeForce RTX 5090, 32607 MiB, 30748 MiB, 1440 MiB, 100 %, 226.23 W, 49
2026/09/23 23:08:47.971, NVIDIA GeForce RTX 5090, 32607 MiB, 30748 MiB, 1440 MiB, 100 %, 342.77 W, 59
2026/09/23 23:08:52.977, NVIDIA GeForce RTX 5090, 32607 MiB, 30748 MiB, 1440 MiB, 100 %, 359.07 W, 51
2026/09/23 23:08:57.981, NVIDIA GeForce RTX 5090, 32607 MiB, 30748 MiB, 1440 MiB, 100 %, 232.14 W, 53
2026/09/23 23:09:02.993, NVIDIA GeForce RTX 5090, 32607 MiB, 30748 MiB, 1440 MiB, 100 %, 318.17 W, 59
2026/09/23 23:09:08.006, NVIDIA GeForce RTX 5090, 32607 MiB, 30748 MiB, 1440 MiB, 100 %, 404.84 W, 60
2026/09/23 23:09:13.010, NVIDIA GeForce RTX 5090, 32607 MiB, 30748 MiB, 1440 MiB, 100 %, 403.73 W, 51
2026/09/23 23:09:18.017, NVIDIA GeForce RTX 5090, 32607 MiB, 30748 MiB, 1440 MiB, 100 %, 356.83 W, 52
2026/09/23 23:09:23.031, NVIDIA GeForce RTX 5090, 32607 MiB, 30748 MiB, 1440 MiB, 100 %, 311.23 W, 50
2026/09/23 23:09:28.040, NVIDIA GeForce RTX 5090, 32607 MiB, 30748 MiB, 1440 MiB, 100 %, 261.04 W, 49
2026/09/23 23:09:33.051, NVIDIA GeForce RTX 5090, 32607 MiB, 30748 MiB, 1440 MiB, 100 %, 170.02 W, 48
2026/09/23 23:09:38.054, NVIDIA GeForce RTX 5090, 32607 MiB, 30748 MiB, 1440 MiB, 100 %, 182.26 W, 49
2026/09/23 23:09:43.066, NVIDIA GeForce RTX 5090, 32607 MiB, 30748 MiB, 1440 MiB, 100 %, 203.93 W, 48
2026/09/23 23:09:48.078, NVIDIA GeForce RTX 5090, 32607 MiB, 30748 MiB, 1440 MiB, 100 %, 228.84 W, 53
2026/09/23 23:09:53.090, NVIDIA GeForce RTX 5090, 32607 MiB, 30748 MiB, 1440 MiB, 99 %, 254.64 W, 57
2026/09/23 23:09:58.091, NVIDIA GeForce RTX 5090, 32607 MiB, 30748 MiB, 1440 MiB, 100 %, 236.66 W, 52
2026/09/23 23:10:03.105, NVIDIA GeForce RTX 5090, 32607 MiB, 30748 MiB, 1440 MiB, 99 %, 262.37 W, 57
2026/09/23 23:10:08.107, NVIDIA GeForce RTX 5090, 32607 MiB, 30748 MiB, 1440 MiB, 100 %, 256.49 W, 48
2026/09/23 23:10:13.113, NVIDIA GeForce RTX 5090, 32607 MiB, 30748 MiB, 1440 MiB, 100 %, 263.08 W, 49
2026/09/23 23:10:18.124, NVIDIA GeForce RTX 5090, 32607 MiB, 30748 MiB, 1440 MiB, 99 %, 223.19 W, 54
2026/09/23 23:10:23.126, NVIDIA GeForce RTX 5090, 32607 MiB, 30748 MiB, 1440 MiB, 100 %, 275.69 W, 52
2026/09/23 23:10:28.135, NVIDIA GeForce RTX 5090, 32607 MiB, 30748 MiB, 1440 MiB, 100 %, 300.17 W, 49
2026/09/23 23:10:33.141, NVIDIA GeForce RTX 5090, 32607 MiB, 30748 MiB, 1440 MiB, 100 %, 285.70 W, 48
2026/09/23 23:10:38.154, NVIDIA GeForce RTX 5090, 32607 MiB, 30748 MiB, 1440 MiB, 100 %, 246.70 W, 48
2026/09/23 23:10:43.159, NVIDIA GeForce RTX 5090, 32607 MiB, 30748 MiB, 1440 MiB, 100 %, 266.96 W, 51
2026/09/23 23:10:48.160, NVIDIA GeForce RTX 5090, 32607 MiB, 30748 MiB, 1440 MiB, 100 %, 309.03 W, 48
2026/09/23 23:10:53.173, NVIDIA GeForce RTX 5090, 32607 MiB, 30748 MiB, 1440 MiB, 100 %, 334.87 W, 50
2026/09/23 23:10:58.188, NVIDIA GeForce RTX 5090, 32607 MiB, 30748 MiB, 1440 MiB, 100 %, 308.54 W, 59
2026/09/23 23:11:03.205, NVIDIA GeForce RTX 5090, 32607 MiB, 30748 MiB, 1440 MiB, 100 %, 245.30 W, 48
2026/09/23 23:11:08.213, NVIDIA GeForce RTX 5090, 32607 MiB, 30748 MiB, 1440 MiB, 100 %, 338.05 W, 50
2026/09/23 23:11:13.225, NVIDIA GeForce RTX 5090, 32607 MiB, 30748 MiB, 1440 MiB, 100 %, 250.94 W, 59
2026/09/23 23:11:18.241, NVIDIA GeForce RTX 5090, 32607 MiB, 30748 MiB, 1440 MiB, 100 %, 372.83 W, 53
2026/09/23 23:11:23.248, NVIDIA GeForce RTX 5090, 32607 MiB, 30748 MiB, 1440 MiB, 100 %, 249.79 W, 58
2026/09/23 23:11:28.249, NVIDIA GeForce RTX 5090, 32607 MiB, 30748 MiB, 1440 MiB, 100 %, 364.77 W, 52
2026/09/23 23:11:33.253, NVIDIA GeForce RTX 5090, 32607 MiB, 30748 MiB, 1440 MiB, 100 %, 325.10 W, 49
2026/09/23 23:11:38.256, NVIDIA GeForce RTX 5090, 32607 MiB, 30748 MiB, 1440 MiB, 100 %, 236.80 W, 58
2026/09/23 23:11:43.268, NVIDIA GeForce RTX 5090, 32607 MiB, 30748 MiB, 1440 MiB, 100 %, 333.66 W, 60
2026/09/23 23:11:48.269, NVIDIA GeForce RTX 5090, 32607 MiB, 30748 MiB, 1440 MiB, 100 %, 416.18 W, 52
2026/09/23 23:11:53.278, NVIDIA GeForce RTX 5090, 32607 MiB, 30748 MiB, 1440 MiB, 100 %, 384.01 W, 52
2026/09/23 23:11:58.286, NVIDIA GeForce RTX 5090, 32607 MiB, 30748 MiB, 1440 MiB, 100 %, 349.05 W, 50
2026/09/23 23:12:03.296, NVIDIA GeForce RTX 5090, 32607 MiB, 30748 MiB, 1440 MiB, 100 %, 324.95 W, 49
2026/09/23 23:12:08.308, NVIDIA GeForce RTX 5090, 32607 MiB, 30748 MiB, 1440 MiB, 100 %, 169.65 W, 48
2026/09/23 23:12:13.321, NVIDIA GeForce RTX 5090, 32607 MiB, 30748 MiB, 1440 MiB, 99 %, 177.95 W, 49
2026/09/23 23:12:18.337, NVIDIA GeForce RTX 5090, 32607 MiB, 30748 MiB, 1440 MiB, 100 %, 222.68 W, 55
2026/09/23 23:12:23.348, NVIDIA GeForce RTX 5090, 32607 MiB, 30748 MiB, 1440 MiB, 100 %, 195.57 W, 48
2026/09/23 23:12:28.362, NVIDIA GeForce RTX 5090, 32607 MiB, 30748 MiB, 1440 MiB, 99 %, 232.37 W, 57
2026/09/23 23:12:33.377, NVIDIA GeForce RTX 5090, 32607 MiB, 30748 MiB, 1440 MiB, 99 %, 227.92 W, 51
2026/09/23 23:12:38.383, NVIDIA GeForce RTX 5090, 32607 MiB, 30748 MiB, 1440 MiB, 100 %, 230.02 W, 50
2026/09/23 23:12:43.385, NVIDIA GeForce RTX 5090, 32607 MiB, 30748 MiB, 1440 MiB, 99 %, 258.32 W, 58
2026/09/23 23:12:48.393, NVIDIA GeForce RTX 5090, 32607 MiB, 30748 MiB, 1440 MiB, 100 %, 248.88 W, 48
2026/09/23 23:12:53.393, NVIDIA GeForce RTX 5090, 32607 MiB, 30748 MiB, 1440 MiB, 100 %, 259.04 W, 49
2026/09/23 23:12:58.400, NVIDIA GeForce RTX 5090, 32607 MiB, 30748 MiB, 1440 MiB, 100 %, 237.81 W, 48
2026/09/23 23:13:03.408, NVIDIA GeForce RTX 5090, 32607 MiB, 30748 MiB, 1440 MiB, 100 %, 292.23 W, 58
2026/09/23 23:13:08.416, NVIDIA GeForce RTX 5090, 32607 MiB, 30748 MiB, 1440 MiB, 100 %, 296.95 W, 49
2026/09/23 23:13:13.419, NVIDIA GeForce RTX 5090, 32607 MiB, 30748 MiB, 1440 MiB, 100 %, 295.37 W, 49
2026/09/23 23:13:18.435, NVIDIA GeForce RTX 5090, 32607 MiB, 30748 MiB, 1440 MiB, 100 %, 294.89 W, 48
2026/09/23 23:13:23.450, NVIDIA GeForce RTX 5090, 32607 MiB, 30748 MiB, 1440 MiB, 100 %, 310.93 W, 48
2026/09/23 23:13:28.458, NVIDIA GeForce RTX 5090, 32607 MiB, 30748 MiB, 1440 MiB, 100 %, 339.49 W, 52
2026/09/23 23:13:33.467, NVIDIA GeForce RTX 5090, 32607 MiB, 30748 MiB, 1440 MiB, 100 %, 336.79 W, 52
2026/09/23 23:13:38.475, NVIDIA GeForce RTX 5090, 32607 MiB, 30748 MiB, 1440 MiB, 100 %, 260.69 W, 58
2026/09/23 23:13:43.481, NVIDIA GeForce RTX 5090, 32607 MiB, 30748 MiB, 1440 MiB, 100 %, 303.86 W, 48
2026/09/23 23:13:48.493, NVIDIA GeForce RTX 5090, 32607 MiB, 30748 MiB, 1440 MiB, 100 %, 339.62 W, 57
2026/09/23 23:13:53.495, NVIDIA GeForce RTX 5090, 32607 MiB, 30748 MiB, 1440 MiB, 100 %, 231.73 W, 49
2026/09/23 23:13:58.498, NVIDIA GeForce RTX 5090, 32607 MiB, 30748 MiB, 1440 MiB, 100 %, 350.84 W, 60
2026/09/23 23:14:03.501, NVIDIA GeForce RTX 5090, 32607 MiB, 30748 MiB, 1440 MiB, 100 %, 287.66 W, 49
2026/09/23 23:14:08.517, NVIDIA GeForce RTX 5090, 32607 MiB, 30748 MiB, 1440 MiB, 100 %, 263.77 W, 59
2026/09/23 23:14:13.528, NVIDIA GeForce RTX 5090, 32607 MiB, 30748 MiB, 1440 MiB, 100 %, 397.43 W, 54
2026/09/23 23:14:18.537, NVIDIA GeForce RTX 5090, 32607 MiB, 30748 MiB, 1440 MiB, 100 %, 317.52 W, 49
2026/09/23 23:14:23.547, NVIDIA GeForce RTX 5090, 32607 MiB, 30748 MiB, 1440 MiB, 100 %, 222.96 W, 53
2026/09/23 23:14:28.560, NVIDIA GeForce RTX 5090, 32607 MiB, 30748 MiB, 1440 MiB, 100 %, 278.97 W, 60
2026/09/23 23:14:33.574, NVIDIA GeForce RTX 5090, 32607 MiB, 30748 MiB, 1440 MiB, 100 %, 330.06 W, 60
2026/09/23 23:14:38.581, NVIDIA GeForce RTX 5090, 32607 MiB, 30748 MiB, 1440 MiB, 100 %, 375.74 W, 60
2026/09/23 23:14:43.596, NVIDIA GeForce RTX 5090, 32607 MiB, 30748 MiB, 1440 MiB, 100 %, 360.32 W, 60
2026/09/23 23:14:48.602, NVIDIA GeForce RTX 5090, 32607 MiB, 30748 MiB, 1440 MiB, 100 %, 168.00 W, 49
2026/09/23 23:14:53.607, NVIDIA GeForce RTX 5090, 32607 MiB, 30748 MiB, 1440 MiB, 98 %, 223.25 W, 56
2026/09/23 23:14:58.614, NVIDIA GeForce RTX 5090, 32607 MiB, 30748 MiB, 1440 MiB, 100 %, 192.71 W, 48
2026/09/23 23:15:03.623, NVIDIA GeForce RTX 5090, 32607 MiB, 30748 MiB, 1440 MiB, 100 %, 200.36 W, 49
2026/09/23 23:15:08.630, NVIDIA GeForce RTX 5090, 32607 MiB, 30748 MiB, 1440 MiB, 100 %, 219.41 W, 48
2026/09/23 23:15:13.638, NVIDIA GeForce RTX 5090, 32607 MiB, 30748 MiB, 1440 MiB, 100 %, 224.45 W, 48
2026/09/23 23:15:18.639, NVIDIA GeForce RTX 5090, 32607 MiB, 30748 MiB, 1440 MiB, 100 %, 241.73 W, 51
2026/09/23 23:15:23.649, NVIDIA GeForce RTX 5090, 32607 MiB, 30748 MiB, 1440 MiB, 100 %, 253.15 W, 48
2026/09/23 23:15:28.653, NVIDIA GeForce RTX 5090, 32607 MiB, 30748 MiB, 1440 MiB, 100 %, 253.57 W, 50
2026/09/23 23:15:33.664, NVIDIA GeForce RTX 5090, 32607 MiB, 30748 MiB, 1440 MiB, 100 %, 258.23 W, 48
2026/09/23 23:15:38.678, NVIDIA GeForce RTX 5090, 32607 MiB, 30748 MiB, 1440 MiB, 100 %, 272.04 W, 51
2026/09/23 23:15:43.689, NVIDIA GeForce RTX 5090, 32607 MiB, 30748 MiB, 1440 MiB, 100 %, 296.21 W, 48
2026/09/23 23:15:48.701, NVIDIA GeForce RTX 5090, 32607 MiB, 30748 MiB, 1440 MiB, 100 %, 232.78 W, 48
2026/09/23 23:15:53.711, NVIDIA GeForce RTX 5090, 32607 MiB, 30748 MiB, 1440 MiB, 99 %, 228.01 W, 55
2026/09/23 23:15:58.713, NVIDIA GeForce RTX 5090, 32607 MiB, 30748 MiB, 1440 MiB, 100 %, 238.69 W, 57
2026/09/23 23:16:03.724, NVIDIA GeForce RTX 5090, 32607 MiB, 30748 MiB, 1440 MiB, 100 %, 229.05 W, 53
2026/09/23 23:16:08.732, NVIDIA GeForce RTX 5090, 32607 MiB, 30748 MiB, 1440 MiB, 100 %, 274.05 W, 50
2026/09/23 23:16:13.745, NVIDIA GeForce RTX 5090, 32607 MiB, 30748 MiB, 1440 MiB, 100 %, 331.02 W, 50
2026/09/23 23:16:18.759, NVIDIA GeForce RTX 5090, 32607 MiB, 30748 MiB, 1440 MiB, 100 %, 321.84 W, 59
2026/09/23 23:16:23.774, NVIDIA GeForce RTX 5090, 32607 MiB, 30748 MiB, 1440 MiB, 100 %, 253.61 W, 55
2026/09/23 23:16:28.782, NVIDIA GeForce RTX 5090, 32607 MiB, 30748 MiB, 1440 MiB, 100 %, 342.85 W, 50
2026/09/23 23:16:33.790, NVIDIA GeForce RTX 5090, 32607 MiB, 30748 MiB, 1440 MiB, 100 %, 235.10 W, 58
2026/09/23 23:16:38.800, NVIDIA GeForce RTX 5090, 32607 MiB, 30748 MiB, 1440 MiB, 100 %, 378.17 W, 51
2026/09/23 23:16:43.807, NVIDIA GeForce RTX 5090, 32607 MiB, 30748 MiB, 1440 MiB, 100 %, 262.10 W, 49
2026/09/23 23:16:48.816, NVIDIA GeForce RTX 5090, 32607 MiB, 30748 MiB, 1440 MiB, 100 %, 309.46 W, 60
2026/09/23 23:16:53.817, NVIDIA GeForce RTX 5090, 32607 MiB, 30748 MiB, 1440 MiB, 100 %, 375.75 W, 51
2026/09/23 23:16:58.829, NVIDIA GeForce RTX 5090, 32607 MiB, 30748 MiB, 1440 MiB, 100 %, 310.21 W, 49
2026/09/23 23:17:03.832, NVIDIA GeForce RTX 5090, 32607 MiB, 30748 MiB, 1440 MiB, 100 %, 229.77 W, 56
2026/09/23 23:17:08.837, NVIDIA GeForce RTX 5090, 32607 MiB, 30748 MiB, 1440 MiB, 100 %, 262.22 W, 59
2026/09/23 23:17:13.848, NVIDIA GeForce RTX 5090, 32607 MiB, 30748 MiB, 1440 MiB, 100 %, 338.60 W, 59
2026/09/23 23:17:18.863, NVIDIA GeForce RTX 5090, 32607 MiB, 30748 MiB, 1440 MiB, 100 %, 345.71 W, 60
2026/09/23 23:17:23.871, NVIDIA GeForce RTX 5090, 32607 MiB, 30748 MiB, 1440 MiB, 100 %, 416.92 W, 54
2026/09/23 23:17:28.886, NVIDIA GeForce RTX 5090, 32607 MiB, 30748 MiB, 1440 MiB, 100 %, 171.09 W, 48
2026/09/23 23:17:33.901, NVIDIA GeForce RTX 5090, 32607 MiB, 30748 MiB, 1440 MiB, 100 %, 149.17 W, 47
2026/09/23 23:17:38.911, NVIDIA GeForce RTX 5090, 32607 MiB, 30748 MiB, 1440 MiB, 100 %, 182.13 W, 48
2026/09/23 23:17:43.924, NVIDIA GeForce RTX 5090, 32607 MiB, 30748 MiB, 1440 MiB, 99 %, 219.05 W, 52
2026/09/23 23:17:48.934, NVIDIA GeForce RTX 5090, 32607 MiB, 30748 MiB, 1440 MiB, 100 %, 208.30 W, 48
2026/09/23 23:17:53.942, NVIDIA GeForce RTX 5090, 32607 MiB, 30748 MiB, 1440 MiB, 100 %, 218.13 W, 47
2026/09/23 23:17:58.956, NVIDIA GeForce RTX 5090, 32607 MiB, 30748 MiB, 1440 MiB, 100 %, 237.67 W, 47
2026/09/23 23:18:03.966, NVIDIA GeForce RTX 5090, 32607 MiB, 30748 MiB, 1440 MiB, 100 %, 238.29 W, 48
2026/09/23 23:18:08.981, NVIDIA GeForce RTX 5090, 32607 MiB, 30748 MiB, 1440 MiB, 100 %, 255.93 W, 49
2026/09/23 23:18:13.996, NVIDIA GeForce RTX 5090, 32607 MiB, 30748 MiB, 1440 MiB, 99 %, 232.31 W, 57
2026/09/23 23:18:19.011, NVIDIA GeForce RTX 5090, 32607 MiB, 30748 MiB, 1440 MiB, 100 %, 268.12 W, 53
2026/09/23 23:18:24.024, NVIDIA GeForce RTX 5090, 32607 MiB, 30748 MiB, 1440 MiB, 100 %, 261.00 W, 48
2026/09/23 23:18:29.028, NVIDIA GeForce RTX 5090, 32607 MiB, 30748 MiB, 1440 MiB, 100 %, 268.46 W, 58
2026/09/23 23:18:34.033, NVIDIA GeForce RTX 5090, 32607 MiB, 30748 MiB, 1440 MiB, 100 %, 295.15 W, 52
2026/09/23 23:18:39.036, NVIDIA GeForce RTX 5090, 32607 MiB, 30748 MiB, 1440 MiB, 100 %, 295.89 W, 50
2026/09/23 23:18:44.047, NVIDIA GeForce RTX 5090, 32607 MiB, 30748 MiB, 1440 MiB, 100 %, 320.27 W, 51
2026/09/23 23:18:49.051, NVIDIA GeForce RTX 5090, 32607 MiB, 30748 MiB, 1440 MiB, 100 %, 316.07 W, 58
2026/09/23 23:18:54.060, NVIDIA GeForce RTX 5090, 32607 MiB, 30748 MiB, 1440 MiB, 100 %, 258.13 W, 58
2026/09/23 23:18:59.069, NVIDIA GeForce RTX 5090, 32607 MiB, 30748 MiB, 1440 MiB, 100 %, 280.05 W, 48
2026/09/23 23:19:04.072, NVIDIA GeForce RTX 5090, 32607 MiB, 30748 MiB, 1440 MiB, 100 %, 352.24 W, 51
2026/09/23 23:19:09.079, NVIDIA GeForce RTX 5090, 32607 MiB, 30748 MiB, 1440 MiB, 100 %, 225.97 W, 58
2026/09/23 23:19:14.093, NVIDIA GeForce RTX 5090, 32607 MiB, 30748 MiB, 1440 MiB, 100 %, 345.80 W, 49
2026/09/23 23:19:19.108, NVIDIA GeForce RTX 5090, 32607 MiB, 30748 MiB, 1440 MiB, 100 %, 259.98 W, 57
2026/09/23 23:19:24.118, NVIDIA GeForce RTX 5090, 32607 MiB, 30748 MiB, 1440 MiB, 100 %, 382.47 W, 52
2026/09/23 23:19:29.126, NVIDIA GeForce RTX 5090, 32607 MiB, 30748 MiB, 1440 MiB, 100 %, 274.59 W, 59
2026/09/23 23:19:34.138, NVIDIA GeForce RTX 5090, 32607 MiB, 30748 MiB, 1440 MiB, 100 %, 396.85 W, 53
2026/09/23 23:19:39.154, NVIDIA GeForce RTX 5090, 32607 MiB, 30748 MiB, 1440 MiB, 100 %, 330.22 W, 49
2026/09/23 23:19:44.162, NVIDIA GeForce RTX 5090, 32607 MiB, 30748 MiB, 1440 MiB, 100 %, 225.28 W, 53
2026/09/23 23:19:49.171, NVIDIA GeForce RTX 5090, 32607 MiB, 30748 MiB, 1440 MiB, 100 %, 265.52 W, 60
2026/09/23 23:19:54.185, NVIDIA GeForce RTX 5090, 32607 MiB, 30748 MiB, 1440 MiB, 100 %, 317.54 W, 60
2026/09/23 23:19:59.198, NVIDIA GeForce RTX 5090, 32607 MiB, 30748 MiB, 1440 MiB, 100 %, 374.26 W, 60
2026/09/23 23:20:04.208, NVIDIA GeForce RTX 5090, 32607 MiB, 30748 MiB, 1440 MiB, 100 %, 396.03 W, 60
2026/09/23 23:20:09.221, NVIDIA GeForce RTX 5090, 32607 MiB, 30748 MiB, 1440 MiB, 100 %, 169.29 W, 48
2026/09/23 23:20:14.227, NVIDIA GeForce RTX 5090, 32607 MiB, 30748 MiB, 1440 MiB, 100 %, 170.59 W, 48
2026/09/23 23:20:19.235, NVIDIA GeForce RTX 5090, 32607 MiB, 30748 MiB, 1440 MiB, 100 %, 208.11 W, 50
2026/09/23 23:20:24.239, NVIDIA GeForce RTX 5090, 32607 MiB, 30748 MiB, 1440 MiB, 100 %, 196.78 W, 48
2026/09/23 23:20:29.245, NVIDIA GeForce RTX 5090, 32607 MiB, 30748 MiB, 1440 MiB, 99 %, 247.00 W, 58
2026/09/23 23:20:34.248, NVIDIA GeForce RTX 5090, 32607 MiB, 30748 MiB, 1440 MiB, 100 %, 221.65 W, 50
2026/09/23 23:20:39.256, NVIDIA GeForce RTX 5090, 32607 MiB, 30748 MiB, 1440 MiB, 100 %, 242.03 W, 51
2026/09/23 23:20:44.270, NVIDIA GeForce RTX 5090, 32607 MiB, 30748 MiB, 1440 MiB, 99 %, 245.67 W, 58
2026/09/23 23:20:49.276, NVIDIA GeForce RTX 5090, 32607 MiB, 30748 MiB, 1440 MiB, 100 %, 250.92 W, 47
2026/09/23 23:20:54.288, NVIDIA GeForce RTX 5090, 32607 MiB, 30748 MiB, 1440 MiB, 100 %, 261.65 W, 51
2026/09/23 23:20:59.303, NVIDIA GeForce RTX 5090, 32607 MiB, 30748 MiB, 1440 MiB, 100 %, 276.98 W, 47
2026/09/23 23:21:04.311, NVIDIA GeForce RTX 5090, 32607 MiB, 30748 MiB, 1440 MiB, 100 %, 231.04 W, 57
2026/09/23 23:21:09.312, NVIDIA GeForce RTX 5090, 32607 MiB, 30748 MiB, 1440 MiB, 100 %, 303.91 W, 53
2026/09/23 23:21:14.321, NVIDIA GeForce RTX 5090, 32607 MiB, 30748 MiB, 1440 MiB, 100 %, 305.09 W, 50
2026/09/23 23:21:19.332, NVIDIA GeForce RTX 5090, 32607 MiB, 30748 MiB, 1440 MiB, 100 %, 296.89 W, 50
2026/09/23 23:21:24.344, NVIDIA GeForce RTX 5090, 32607 MiB, 30748 MiB, 1440 MiB, 100 %, 321.92 W, 51
2026/09/23 23:21:29.346, NVIDIA GeForce RTX 5090, 32607 MiB, 30748 MiB, 1440 MiB, 100 %, 331.24 W, 59
2026/09/23 23:21:34.361, NVIDIA GeForce RTX 5090, 32607 MiB, 30748 MiB, 1440 MiB, 100 %, 253.81 W, 58
2026/09/23 23:21:39.373, NVIDIA GeForce RTX 5090, 32607 MiB, 30748 MiB, 1440 MiB, 100 %, 285.35 W, 48
2026/09/23 23:21:44.387, NVIDIA GeForce RTX 5090, 32607 MiB, 30748 MiB, 1440 MiB, 100 %, 353.79 W, 51
2026/09/23 23:21:49.400, NVIDIA GeForce RTX 5090, 32607 MiB, 30748 MiB, 1440 MiB, 100 %, 232.98 W, 58
2026/09/23 23:21:54.408, NVIDIA GeForce RTX 5090, 32607 MiB, 30748 MiB, 1440 MiB, 100 %, 347.73 W, 50
2026/09/23 23:21:59.408, NVIDIA GeForce RTX 5090, 32607 MiB, 30748 MiB, 1440 MiB, 100 %, 249.16 W, 57
2026/09/23 23:22:04.419, NVIDIA GeForce RTX 5090, 32607 MiB, 30748 MiB, 1440 MiB, 100 %, 361.14 W, 53
2026/09/23 23:22:09.430, NVIDIA GeForce RTX 5090, 32607 MiB, 30748 MiB, 1440 MiB, 100 %, 280.49 W, 49
2026/09/23 23:22:14.435, NVIDIA GeForce RTX 5090, 32607 MiB, 30748 MiB, 1440 MiB, 100 %, 260.56 W, 59
2026/09/23 23:22:19.439, NVIDIA GeForce RTX 5090, 32607 MiB, 30748 MiB, 1440 MiB, 100 %, 369.50 W, 60
2026/09/23 23:22:24.439, NVIDIA GeForce RTX 5090, 32607 MiB, 30748 MiB, 1440 MiB, 100 %, 388.36 W, 50
2026/09/23 23:22:29.454, NVIDIA GeForce RTX 5090, 32607 MiB, 30748 MiB, 1440 MiB, 100 %, 323.42 W, 49
2026/09/23 23:22:34.470, NVIDIA GeForce RTX 5090, 32607 MiB, 30748 MiB, 1440 MiB, 100 %, 259.94 W, 52
2026/09/23 23:22:39.473, NVIDIA GeForce RTX 5090, 32607 MiB, 30748 MiB, 1440 MiB, 100 %, 221.72 W, 49
2026/09/23 23:22:44.478, NVIDIA GeForce RTX 5090, 32607 MiB, 30748 MiB, 1440 MiB, 100 %, 304.67 W, 60
2026/09/23 23:22:49.485, NVIDIA GeForce RTX 5090, 32607 MiB, 30748 MiB, 1440 MiB, 100 %, 168.47 W, 49
2026/09/23 23:22:54.501, NVIDIA GeForce RTX 5090, 32607 MiB, 30748 MiB, 1440 MiB, 100 %, 178.62 W, 49
2026/09/23 23:22:59.510, NVIDIA GeForce RTX 5090, 32607 MiB, 30748 MiB, 1440 MiB, 100 %, 225.84 W, 50
2026/09/23 23:23:04.519, NVIDIA GeForce RTX 5090, 32607 MiB, 30748 MiB, 1440 MiB, 100 %, 200.03 W, 48
2026/09/23 23:23:09.525, NVIDIA GeForce RTX 5090, 32607 MiB, 30748 MiB, 1440 MiB, 99 %, 238.99 W, 56
2026/09/23 23:23:14.531, NVIDIA GeForce RTX 5090, 32607 MiB, 30748 MiB, 1440 MiB, 99 %, 257.72 W, 58
2026/09/23 23:23:19.536, NVIDIA GeForce RTX 5090, 32607 MiB, 30748 MiB, 1440 MiB, 99 %, 262.69 W, 58
2026/09/23 23:23:24.539, NVIDIA GeForce RTX 5090, 32607 MiB, 30748 MiB, 1440 MiB, 100 %, 263.18 W, 54
2026/09/23 23:23:29.549, NVIDIA GeForce RTX 5090, 32607 MiB, 30748 MiB, 1440 MiB, 100 %, 266.05 W, 48
2026/09/23 23:23:34.560, NVIDIA GeForce RTX 5090, 32607 MiB, 30748 MiB, 1440 MiB, 99 %, 253.62 W, 58
2026/09/23 23:23:39.569, NVIDIA GeForce RTX 5090, 32607 MiB, 30748 MiB, 1440 MiB, 100 %, 286.46 W, 48
2026/09/23 23:23:44.579, NVIDIA GeForce RTX 5090, 32607 MiB, 30748 MiB, 1440 MiB, 100 %, 253.53 W, 48
2026/09/23 23:23:49.595, NVIDIA GeForce RTX 5090, 32607 MiB, 30748 MiB, 1440 MiB, 100 %, 261.55 W, 58
2026/09/23 23:23:54.604, NVIDIA GeForce RTX 5090, 32607 MiB, 30748 MiB, 1440 MiB, 100 %, 290.25 W, 58
2026/09/23 23:23:59.619, NVIDIA GeForce RTX 5090, 32607 MiB, 30748 MiB, 1440 MiB, 100 %, 284.56 W, 58
2026/09/23 23:24:04.628, NVIDIA GeForce RTX 5090, 32607 MiB, 30748 MiB, 1440 MiB, 100 %, 257.72 W, 58
2026/09/23 23:24:09.631, NVIDIA GeForce RTX 5090, 32607 MiB, 30748 MiB, 1440 MiB, 100 %, 233.37 W, 57
2026/09/23 23:24:14.641, NVIDIA GeForce RTX 5090, 32607 MiB, 30748 MiB, 1440 MiB, 100 %, 265.62 W, 50
2026/09/23 23:24:19.642, NVIDIA GeForce RTX 5090, 32607 MiB, 30748 MiB, 1440 MiB, 100 %, 248.50 W, 48
2026/09/23 23:24:24.650, NVIDIA GeForce RTX 5090, 32607 MiB, 30748 MiB, 1440 MiB, 100 %, 356.76 W, 50
2026/09/23 23:24:29.663, NVIDIA GeForce RTX 5090, 32607 MiB, 30748 MiB, 1440 MiB, 100 %, 256.27 W, 59
2026/09/23 23:24:34.667, NVIDIA GeForce RTX 5090, 32607 MiB, 30748 MiB, 1440 MiB, 100 %, 361.23 W, 55
2026/09/23 23:24:39.681, NVIDIA GeForce RTX 5090, 32607 MiB, 30748 MiB, 1440 MiB, 100 %, 235.69 W, 58
2026/09/23 23:24:44.689, NVIDIA GeForce RTX 5090, 32607 MiB, 30748 MiB, 1440 MiB, 100 %, 386.26 W, 54
2026/09/23 23:24:49.691, NVIDIA GeForce RTX 5090, 32607 MiB, 30748 MiB, 1440 MiB, 100 %, 292.50 W, 49
2026/09/23 23:24:54.707, NVIDIA GeForce RTX 5090, 32607 MiB, 30748 MiB, 1440 MiB, 100 %, 238.71 W, 59
2026/09/23 23:24:59.708, NVIDIA GeForce RTX 5090, 32607 MiB, 30748 MiB, 1440 MiB, 100 %, 347.16 W, 60
2026/09/23 23:25:04.721, NVIDIA GeForce RTX 5090, 32607 MiB, 30748 MiB, 1440 MiB, 100 %, 389.38 W, 52
2026/09/23 23:25:09.730, NVIDIA GeForce RTX 5090, 32607 MiB, 30748 MiB, 1440 MiB, 100 %, 358.47 W, 51
2026/09/23 23:25:14.743, NVIDIA GeForce RTX 5090, 32607 MiB, 30748 MiB, 1440 MiB, 100 %, 303.78 W, 49
2026/09/23 23:25:19.749, NVIDIA GeForce RTX 5090, 32607 MiB, 30748 MiB, 1440 MiB, 100 %, 258.03 W, 55
2026/09/23 23:25:24.757, NVIDIA GeForce RTX 5090, 32607 MiB, 30748 MiB, 1440 MiB, 100 %, 170.37 W, 49
2026/09/23 23:25:29.759, NVIDIA GeForce RTX 5090, 32607 MiB, 30748 MiB, 1440 MiB, 100 %, 172.65 W, 47
2026/09/23 23:25:34.774, NVIDIA GeForce RTX 5090, 32607 MiB, 30748 MiB, 1440 MiB, 100 %, 184.11 W, 48
2026/09/23 23:25:39.778, NVIDIA GeForce RTX 5090, 32607 MiB, 30748 MiB, 1440 MiB, 100 %, 205.27 W, 51
2026/09/23 23:25:44.793, NVIDIA GeForce RTX 5090, 32607 MiB, 30748 MiB, 1440 MiB, 100 %, 209.46 W, 48
2026/09/23 23:25:49.804, NVIDIA GeForce RTX 5090, 32607 MiB, 30748 MiB, 1440 MiB, 100 %, 232.84 W, 51
2026/09/23 23:25:54.815, NVIDIA GeForce RTX 5090, 32607 MiB, 30748 MiB, 1440 MiB, 100 %, 229.97 W, 47
2026/09/23 23:25:59.827, NVIDIA GeForce RTX 5090, 32607 MiB, 30748 MiB, 1440 MiB, 100 %, 240.70 W, 48
2026/09/23 23:26:04.835, NVIDIA GeForce RTX 5090, 32607 MiB, 30748 MiB, 1440 MiB, 100 %, 262.58 W, 51
2026/09/23 23:26:09.838, NVIDIA GeForce RTX 5090, 32607 MiB, 30748 MiB, 1440 MiB, 100 %, 260.11 W, 48
2026/09/23 23:26:14.843, NVIDIA GeForce RTX 5090, 32607 MiB, 30748 MiB, 1440 MiB, 100 %, 284.36 W, 52
2026/09/23 23:26:19.852, NVIDIA GeForce RTX 5090, 32607 MiB, 30748 MiB, 1440 MiB, 100 %, 279.01 W, 48
2026/09/23 23:26:24.855, NVIDIA GeForce RTX 5090, 32607 MiB, 30748 MiB, 1440 MiB, 100 %, 275.06 W, 48
2026/09/23 23:26:29.865, NVIDIA GeForce RTX 5090, 32607 MiB, 30748 MiB, 1440 MiB, 100 %, 231.44 W, 56
2026/09/23 23:26:34.880, NVIDIA GeForce RTX 5090, 32607 MiB, 30748 MiB, 1440 MiB, 99 %, 237.95 W, 58
2026/09/23 23:26:39.887, NVIDIA GeForce RTX 5090, 32607 MiB, 30748 MiB, 1440 MiB, 100 %, 229.19 W, 57
2026/09/23 23:26:44.897, NVIDIA GeForce RTX 5090, 32607 MiB, 30748 MiB, 1440 MiB, 100 %, 252.73 W, 49
2026/09/23 23:26:49.898, NVIDIA GeForce RTX 5090, 32607 MiB, 30748 MiB, 1440 MiB, 100 %, 328.73 W, 49
2026/09/23 23:26:54.911, NVIDIA GeForce RTX 5090, 32607 MiB, 30748 MiB, 1440 MiB, 100 %, 336.17 W, 54
2026/09/23 23:26:59.918, NVIDIA GeForce RTX 5090, 32607 MiB, 30748 MiB, 1440 MiB, 100 %, 235.96 W, 58
2026/09/23 23:27:04.931, NVIDIA GeForce RTX 5090, 32607 MiB, 30748 MiB, 1440 MiB, 100 %, 361.77 W, 51
2026/09/23 23:27:09.932, NVIDIA GeForce RTX 5090, 32607 MiB, 30748 MiB, 1440 MiB, 100 %, 277.87 W, 59
2026/09/23 23:27:14.940, NVIDIA GeForce RTX 5090, 32607 MiB, 30748 MiB, 1440 MiB, 100 %, 372.38 W, 51
2026/09/23 23:27:19.948, NVIDIA GeForce RTX 5090, 32607 MiB, 30748 MiB, 1440 MiB, 100 %, 242.28 W, 59
2026/09/23 23:27:24.959, NVIDIA GeForce RTX 5090, 32607 MiB, 30748 MiB, 1440 MiB, 100 %, 390.42 W, 53
2026/09/23 23:27:29.966, NVIDIA GeForce RTX 5090, 32607 MiB, 30748 MiB, 1440 MiB, 100 %, 292.55 W, 49
2026/09/23 23:27:34.971, NVIDIA GeForce RTX 5090, 32607 MiB, 30748 MiB, 1440 MiB, 100 %, 234.89 W, 59
2026/09/23 23:27:39.987, NVIDIA GeForce RTX 5090, 32607 MiB, 30748 MiB, 1440 MiB, 100 %, 319.94 W, 60
2026/09/23 23:27:44.987, NVIDIA GeForce RTX 5090, 32607 MiB, 30748 MiB, 1440 MiB, 100 %, 390.07 W, 61
2026/09/23 23:27:49.993, NVIDIA GeForce RTX 5090, 32607 MiB, 30748 MiB, 1440 MiB, 100 %, 385.27 W, 52
2026/09/23 23:27:55.006, NVIDIA GeForce RTX 5090, 32607 MiB, 30748 MiB, 1440 MiB, 100 %, 377.78 W, 56
2026/09/23 23:28:00.017, NVIDIA GeForce RTX 5090, 32607 MiB, 30748 MiB, 1440 MiB, 100 %, 379.61 W, 51
2026/09/23 23:28:05.024, NVIDIA GeForce RTX 5090, 32607 MiB, 30748 MiB, 1440 MiB, 100 %, 169.46 W, 48
2026/09/23 23:28:10.039, NVIDIA GeForce RTX 5090, 32607 MiB, 30748 MiB, 1440 MiB, 100 %, 175.50 W, 48
2026/09/23 23:28:15.047, NVIDIA GeForce RTX 5090, 32607 MiB, 30748 MiB, 1440 MiB, 100 %, 186.77 W, 48
2026/09/23 23:28:20.059, NVIDIA GeForce RTX 5090, 32607 MiB, 30748 MiB, 1440 MiB, 100 %, 218.05 W, 51
2026/09/23 23:28:25.060, NVIDIA GeForce RTX 5090, 32607 MiB, 30748 MiB, 1440 MiB, 100 %, 213.95 W, 48
2026/09/23 23:28:30.072, NVIDIA GeForce RTX 5090, 32607 MiB, 30748 MiB, 1440 MiB, 100 %, 221.82 W, 48
2026/09/23 23:28:35.074, NVIDIA GeForce RTX 5090, 32607 MiB, 30748 MiB, 1440 MiB, 100 %, 232.57 W, 48
2026/09/23 23:28:40.075, NVIDIA GeForce RTX 5090, 32607 MiB, 30748 MiB, 1440 MiB, 100 %, 254.54 W, 48
2026/09/23 23:28:45.075, NVIDIA GeForce RTX 5090, 32607 MiB, 30748 MiB, 1440 MiB, 100 %, 253.91 W, 53
2026/09/23 23:28:50.090, NVIDIA GeForce RTX 5090, 32607 MiB, 30748 MiB, 1440 MiB, 100 %, 256.11 W, 47
2026/09/23 23:28:55.106, NVIDIA GeForce RTX 5090, 32607 MiB, 30748 MiB, 1440 MiB, 100 %, 265.83 W, 58
2026/09/23 23:29:00.113, NVIDIA GeForce RTX 5090, 32607 MiB, 30748 MiB, 1440 MiB, 100 %, 295.50 W, 53
2026/09/23 23:29:05.115, NVIDIA GeForce RTX 5090, 32607 MiB, 30748 MiB, 1440 MiB, 100 %, 289.46 W, 48
2026/09/23 23:29:10.124, NVIDIA GeForce RTX 5090, 32607 MiB, 30748 MiB, 1440 MiB, 100 %, 289.91 W, 48
2026/09/23 23:29:15.128, NVIDIA GeForce RTX 5090, 32607 MiB, 30748 MiB, 1440 MiB, 100 %, 295.00 W, 48
2026/09/23 23:29:20.130, NVIDIA GeForce RTX 5090, 32607 MiB, 30748 MiB, 1440 MiB, 100 %, 293.91 W, 48
2026/09/23 23:29:25.132, NVIDIA GeForce RTX 5090, 32607 MiB, 30748 MiB, 1440 MiB, 100 %, 330.74 W, 49
2026/09/23 23:29:30.143, NVIDIA GeForce RTX 5090, 32607 MiB, 30748 MiB, 1440 MiB, 100 %, 339.19 W, 52
2026/09/23 23:29:35.147, NVIDIA GeForce RTX 5090, 32607 MiB, 30748 MiB, 1440 MiB, 100 %, 252.58 W, 58
2026/09/23 23:29:40.152, NVIDIA GeForce RTX 5090, 32607 MiB, 30748 MiB, 1440 MiB, 100 %, 281.86 W, 48
2026/09/23 23:29:45.160, NVIDIA GeForce RTX 5090, 32607 MiB, 30748 MiB, 1440 MiB, 100 %, 348.17 W, 60
2026/09/23 23:29:50.163, NVIDIA GeForce RTX 5090, 32607 MiB, 30748 MiB, 1440 MiB, 100 %, 260.67 W, 49
2026/09/23 23:29:55.165, NVIDIA GeForce RTX 5090, 32607 MiB, 30748 MiB, 1440 MiB, 100 %, 325.23 W, 60
2026/09/23 23:30:00.180, NVIDIA GeForce RTX 5090, 32607 MiB, 30748 MiB, 1440 MiB, 100 %, 230.24 W, 59
2026/09/23 23:30:05.186, NVIDIA GeForce RTX 5090, 32607 MiB, 30748 MiB, 1440 MiB, 100 %, 374.76 W, 55
2026/09/23 23:30:10.191, NVIDIA GeForce RTX 5090, 32607 MiB, 30748 MiB, 1440 MiB, 100 %, 314.09 W, 50
2026/09/23 23:30:15.206, NVIDIA GeForce RTX 5090, 32607 MiB, 30748 MiB, 1440 MiB, 100 %, 224.37 W, 56
2026/09/23 23:30:20.219, NVIDIA GeForce RTX 5090, 32607 MiB, 30748 MiB, 1440 MiB, 100 %, 285.38 W, 60
2026/09/23 23:30:25.223, NVIDIA GeForce RTX 5090, 32607 MiB, 30748 MiB, 1440 MiB, 100 %, 343.93 W, 60
2026/09/23 23:30:30.233, NVIDIA GeForce RTX 5090, 32607 MiB, 30748 MiB, 1440 MiB, 100 %, 374.13 W, 60
2026/09/23 23:30:35.239, NVIDIA GeForce RTX 5090, 32607 MiB, 30748 MiB, 1440 MiB, 100 %, 431.55 W, 61
2026/09/23 23:30:40.255, NVIDIA GeForce RTX 5090, 32607 MiB, 30748 MiB, 1440 MiB, 100 %, 383.93 W, 51
2026/09/23 23:30:45.263, NVIDIA GeForce RTX 5090, 32607 MiB, 30748 MiB, 1440 MiB, 100 %, 168.87 W, 48
2026/09/23 23:30:50.271, NVIDIA GeForce RTX 5090, 32607 MiB, 30748 MiB, 1440 MiB, 100 %, 218.11 W, 50
2026/09/23 23:30:55.275, NVIDIA GeForce RTX 5090, 32607 MiB, 30748 MiB, 1440 MiB, 99 %, 215.13 W, 55
2026/09/23 23:31:00.287, NVIDIA GeForce RTX 5090, 32607 MiB, 30748 MiB, 1440 MiB, 100 %, 203.20 W, 49
2026/09/23 23:31:05.298, NVIDIA GeForce RTX 5090, 32607 MiB, 30748 MiB, 1440 MiB, 100 %, 221.10 W, 48
2026/09/23 23:31:10.302, NVIDIA GeForce RTX 5090, 32607 MiB, 30748 MiB, 1440 MiB, 100 %, 227.54 W, 48
2026/09/23 23:31:15.305, NVIDIA GeForce RTX 5090, 32607 MiB, 30748 MiB, 1440 MiB, 100 %, 236.59 W, 47
2026/09/23 23:31:20.318, NVIDIA GeForce RTX 5090, 32607 MiB, 30748 MiB, 1440 MiB, 100 %, 256.61 W, 48
2026/09/23 23:31:25.333, NVIDIA GeForce RTX 5090, 32607 MiB, 30748 MiB, 1440 MiB, 100 %, 255.01 W, 53
2026/09/23 23:31:30.335, NVIDIA GeForce RTX 5090, 32607 MiB, 30748 MiB, 1440 MiB, 100 %, 270.90 W, 48
2026/09/23 23:31:35.336, NVIDIA GeForce RTX 5090, 32607 MiB, 30748 MiB, 1440 MiB, 100 %, 254.76 W, 58
2026/09/23 23:31:40.336, NVIDIA GeForce RTX 5090, 32607 MiB, 30748 MiB, 1440 MiB, 100 %, 289.71 W, 50
2026/09/23 23:31:45.339, NVIDIA GeForce RTX 5090, 32607 MiB, 30748 MiB, 1440 MiB, 100 %, 307.47 W, 49
2026/09/23 23:31:50.340, NVIDIA GeForce RTX 5090, 32607 MiB, 30748 MiB, 1440 MiB, 100 %, 307.62 W, 48
2026/09/23 23:31:55.346, NVIDIA GeForce RTX 5090, 32607 MiB, 30748 MiB, 1440 MiB, 100 %, 316.53 W, 48
2026/09/23 23:32:00.359, NVIDIA GeForce RTX 5090, 32607 MiB, 30748 MiB, 1440 MiB, 100 %, 326.28 W, 50
2026/09/23 23:32:05.364, NVIDIA GeForce RTX 5090, 32607 MiB, 30748 MiB, 1440 MiB, 100 %, 332.77 W, 51
2026/09/23 23:32:10.368, NVIDIA GeForce RTX 5090, 32607 MiB, 30748 MiB, 1440 MiB, 100 %, 294.95 W, 59
2026/09/23 23:32:15.380, NVIDIA GeForce RTX 5090, 32607 MiB, 30748 MiB, 1440 MiB, 100 %, 222.69 W, 49
2026/09/23 23:32:20.386, NVIDIA GeForce RTX 5090, 32607 MiB, 30748 MiB, 1440 MiB, 100 %, 336.71 W, 50
2026/09/23 23:32:25.397, NVIDIA GeForce RTX 5090, 32607 MiB, 30748 MiB, 1440 MiB, 100 %, 259.71 W, 59
2026/09/23 23:32:30.406, NVIDIA GeForce RTX 5090, 32607 MiB, 30748 MiB, 1440 MiB, 100 %, 372.43 W, 53
2026/09/23 23:32:35.418, NVIDIA GeForce RTX 5090, 32607 MiB, 30748 MiB, 1440 MiB, 100 %, 236.39 W, 59
2026/09/23 23:32:40.426, NVIDIA GeForce RTX 5090, 32607 MiB, 30748 MiB, 1440 MiB, 100 %, 363.61 W, 53
2026/09/23 23:32:45.433, NVIDIA GeForce RTX 5090, 32607 MiB, 30748 MiB, 1440 MiB, 100 %, 309.88 W, 49
2026/09/23 23:32:50.441, NVIDIA GeForce RTX 5090, 32607 MiB, 30748 MiB, 1440 MiB, 100 %, 254.61 W, 59
2026/09/23 23:32:55.456, NVIDIA GeForce RTX 5090, 32607 MiB, 30748 MiB, 1440 MiB, 100 %, 332.76 W, 60
2026/09/23 23:33:00.472, NVIDIA GeForce RTX 5090, 32607 MiB, 30748 MiB, 1440 MiB, 100 %, 389.01 W, 53
2026/09/23 23:33:05.479, NVIDIA GeForce RTX 5090, 32607 MiB, 30748 MiB, 1440 MiB, 100 %, 389.87 W, 56
2026/09/23 23:33:10.487, NVIDIA GeForce RTX 5090, 32607 MiB, 30748 MiB, 1440 MiB, 100 %, 311.61 W, 50
2026/09/23 23:33:15.501, NVIDIA GeForce RTX 5090, 32607 MiB, 30748 MiB, 1440 MiB, 100 %, 298.81 W, 49
2026/09/23 23:33:20.502, NVIDIA GeForce RTX 5090, 32607 MiB, 30748 MiB, 1440 MiB, 100 %, 222.87 W, 49
2026/09/23 23:33:25.506, NVIDIA GeForce RTX 5090, 32607 MiB, 30748 MiB, 1440 MiB, 100 %, 169.45 W, 48
2026/09/23 23:33:30.519, NVIDIA GeForce RTX 5090, 32607 MiB, 30748 MiB, 1440 MiB, 99 %, 228.87 W, 52
2026/09/23 23:33:35.534, NVIDIA GeForce RTX 5090, 32607 MiB, 30748 MiB, 1440 MiB, 100 %, 191.88 W, 49
2026/09/23 23:33:40.543, NVIDIA GeForce RTX 5090, 32607 MiB, 30748 MiB, 1440 MiB, 100 %, 211.81 W, 50
2026/09/23 23:33:45.550, NVIDIA GeForce RTX 5090, 32607 MiB, 30748 MiB, 1440 MiB, 100 %, 218.36 W, 51
2026/09/23 23:33:50.552, NVIDIA GeForce RTX 5090, 32607 MiB, 30748 MiB, 1440 MiB, 100 %, 225.90 W, 48
2026/09/23 23:33:55.559, NVIDIA GeForce RTX 5090, 32607 MiB, 30748 MiB, 1440 MiB, 100 %, 237.28 W, 49
2026/09/23 23:34:00.566, NVIDIA GeForce RTX 5090, 32607 MiB, 30748 MiB, 1440 MiB, 99 %, 258.48 W, 54
2026/09/23 23:34:05.572, NVIDIA GeForce RTX 5090, 32607 MiB, 30748 MiB, 1440 MiB, 100 %, 266.63 W, 48
2026/09/23 23:34:10.580, NVIDIA GeForce RTX 5090, 32607 MiB, 30748 MiB, 1440 MiB, 100 %, 279.15 W, 51
2026/09/23 23:34:15.591, NVIDIA GeForce RTX 5090, 32607 MiB, 30748 MiB, 1440 MiB, 100 %, 281.50 W, 48
2026/09/23 23:34:20.596, NVIDIA GeForce RTX 5090, 32607 MiB, 30748 MiB, 1440 MiB, 100 %, 228.17 W, 57
2026/09/23 23:34:25.607, NVIDIA GeForce RTX 5090, 32607 MiB, 30748 MiB, 1440 MiB, 100 %, 264.32 W, 58
2026/09/23 23:34:30.621, NVIDIA GeForce RTX 5090, 32607 MiB, 30748 MiB, 1440 MiB, 100 %, 294.20 W, 59
2026/09/23 23:34:35.636, NVIDIA GeForce RTX 5090, 32607 MiB, 30748 MiB, 1440 MiB, 100 %, 312.31 W, 59
2026/09/23 23:34:40.648, NVIDIA GeForce RTX 5090, 32607 MiB, 30748 MiB, 1440 MiB, 99 %, 262.63 W, 59
2026/09/23 23:34:45.656, NVIDIA GeForce RTX 5090, 32607 MiB, 30748 MiB, 1440 MiB, 100 %, 253.10 W, 57
2026/09/23 23:34:50.670, NVIDIA GeForce RTX 5090, 32607 MiB, 30748 MiB, 1440 MiB, 100 %, 285.99 W, 48
2026/09/23 23:34:55.679, NVIDIA GeForce RTX 5090, 32607 MiB, 30748 MiB, 1440 MiB, 100 %, 349.33 W, 52
2026/09/23 23:35:00.690, NVIDIA GeForce RTX 5090, 32607 MiB, 30748 MiB, 1440 MiB, 100 %, 251.61 W, 58
2026/09/23 23:35:05.706, NVIDIA GeForce RTX 5090, 32607 MiB, 30748 MiB, 1440 MiB, 100 %, 351.96 W, 55
2026/09/23 23:35:10.715, NVIDIA GeForce RTX 5090, 32607 MiB, 30748 MiB, 1440 MiB, 100 %, 374.12 W, 52
2026/09/23 23:35:15.727, NVIDIA GeForce RTX 5090, 32607 MiB, 30748 MiB, 1440 MiB, 100 %, 242.15 W, 50
2026/09/23 23:35:20.734, NVIDIA GeForce RTX 5090, 32607 MiB, 30748 MiB, 1440 MiB, 100 %, 334.13 W, 60
2026/09/23 23:35:25.736, NVIDIA GeForce RTX 5090, 32607 MiB, 30748 MiB, 1440 MiB, 100 %, 376.02 W, 52
2026/09/23 23:35:30.743, NVIDIA GeForce RTX 5090, 32607 MiB, 30748 MiB, 1440 MiB, 100 %, 232.89 W, 50
2026/09/23 23:35:35.758, NVIDIA GeForce RTX 5090, 32607 MiB, 30748 MiB, 1440 MiB, 100 %, 281.49 W, 59
2026/09/23 23:35:40.762, NVIDIA GeForce RTX 5090, 32607 MiB, 30748 MiB, 1440 MiB, 100 %, 351.57 W, 60
2026/09/23 23:35:45.767, NVIDIA GeForce RTX 5090, 32607 MiB, 30748 MiB, 1440 MiB, 100 %, 396.57 W, 54
2026/09/23 23:35:50.781, NVIDIA GeForce RTX 5090, 32607 MiB, 30748 MiB, 1440 MiB, 100 %, 387.33 W, 51
2026/09/23 23:35:55.787, NVIDIA GeForce RTX 5090, 32607 MiB, 30748 MiB, 1440 MiB, 100 %, 371.86 W, 55
2026/09/23 23:36:00.801, NVIDIA GeForce RTX 5090, 32607 MiB, 30748 MiB, 1440 MiB, 100 %, 168.50 W, 49
2026/09/23 23:36:05.816, NVIDIA GeForce RTX 5090, 32607 MiB, 30748 MiB, 1440 MiB, 100 %, 168.80 W, 48
2026/09/23 23:36:10.817, NVIDIA GeForce RTX 5090, 32607 MiB, 30748 MiB, 1440 MiB, 100 %, 183.15 W, 48
2026/09/23 23:36:15.828, NVIDIA GeForce RTX 5090, 32607 MiB, 30748 MiB, 1440 MiB, 100 %, 192.45 W, 49
2026/09/23 23:36:20.834, NVIDIA GeForce RTX 5090, 32607 MiB, 30748 MiB, 1440 MiB, 100 %, 213.76 W, 48
2026/09/23 23:36:25.839, NVIDIA GeForce RTX 5090, 32607 MiB, 30748 MiB, 1440 MiB, 99 %, 260.92 W, 57
2026/09/23 23:36:30.853, NVIDIA GeForce RTX 5090, 32607 MiB, 30748 MiB, 1440 MiB, 99 %, 276.95 W, 58
2026/09/23 23:36:35.856, NVIDIA GeForce RTX 5090, 32607 MiB, 30748 MiB, 1440 MiB, 99 %, 262.69 W, 56
2026/09/23 23:36:40.863, NVIDIA GeForce RTX 5090, 32607 MiB, 30748 MiB, 1440 MiB, 100 %, 259.18 W, 50
2026/09/23 23:36:45.878, NVIDIA GeForce RTX 5090, 32607 MiB, 30748 MiB, 1440 MiB, 100 %, 257.47 W, 49
2026/09/23 23:36:50.890, NVIDIA GeForce RTX 5090, 32607 MiB, 30748 MiB, 1440 MiB, 100 %, 226.93 W, 48
2026/09/23 23:36:55.904, NVIDIA GeForce RTX 5090, 32607 MiB, 30748 MiB, 1440 MiB, 100 %, 276.56 W, 53
2026/09/23 23:37:00.917, NVIDIA GeForce RTX 5090, 32607 MiB, 30748 MiB, 1440 MiB, 100 %, 284.95 W, 49
2026/09/23 23:37:05.921, NVIDIA GeForce RTX 5090, 32607 MiB, 30748 MiB, 1440 MiB, 100 %, 300.80 W, 48
2026/09/23 23:37:10.935, NVIDIA GeForce RTX 5090, 32607 MiB, 30748 MiB, 1440 MiB, 100 %, 293.27 W, 48
2026/09/23 23:37:15.946, NVIDIA GeForce RTX 5090, 32607 MiB, 30748 MiB, 1440 MiB, 100 %, 301.26 W, 48
2026/09/23 23:37:20.952, NVIDIA GeForce RTX 5090, 32607 MiB, 30748 MiB, 1440 MiB, 100 %, 310.97 W, 49
2026/09/23 23:37:25.954, NVIDIA GeForce RTX 5090, 32607 MiB, 30748 MiB, 1440 MiB, 100 %, 334.90 W, 50
2026/09/23 23:37:30.959, NVIDIA GeForce RTX 5090, 32607 MiB, 30748 MiB, 1440 MiB, 100 %, 297.94 W, 59
2026/09/23 23:37:35.962, NVIDIA GeForce RTX 5090, 32607 MiB, 30748 MiB, 1440 MiB, 100 %, 230.19 W, 49
2026/09/23 23:37:40.969, NVIDIA GeForce RTX 5090, 32607 MiB, 30748 MiB, 1440 MiB, 100 %, 338.33 W, 50
2026/09/23 23:37:45.984, NVIDIA GeForce RTX 5090, 32607 MiB, 30748 MiB, 1440 MiB, 100 %, 262.06 W, 59
2026/09/23 23:37:51.000, NVIDIA GeForce RTX 5090, 32607 MiB, 30748 MiB, 1440 MiB, 100 %, 351.71 W, 50
2026/09/23 23:37:56.007, NVIDIA GeForce RTX 5090, 32607 MiB, 30748 MiB, 1440 MiB, 100 %, 230.84 W, 57
2026/09/23 23:38:01.021, NVIDIA GeForce RTX 5090, 32607 MiB, 30748 MiB, 1440 MiB, 100 %, 360.03 W, 60
2026/09/23 23:38:06.034, NVIDIA GeForce RTX 5090, 32607 MiB, 30748 MiB, 1440 MiB, 100 %, 330.16 W, 50
2026/09/23 23:38:11.038, NVIDIA GeForce RTX 5090, 32607 MiB, 30748 MiB, 1440 MiB, 100 %, 252.30 W, 56
2026/09/23 23:38:16.053, NVIDIA GeForce RTX 5090, 32607 MiB, 30748 MiB, 1440 MiB, 100 %, 307.08 W, 60
2026/09/23 23:38:21.066, NVIDIA GeForce RTX 5090, 32607 MiB, 30748 MiB, 1440 MiB, 100 %, 408.78 W, 60
2026/09/23 23:38:26.077, NVIDIA GeForce RTX 5090, 32607 MiB, 30748 MiB, 1440 MiB, 100 %, 406.34 W, 52
2026/09/23 23:38:31.079, NVIDIA GeForce RTX 5090, 32607 MiB, 30748 MiB, 1440 MiB, 100 %, 369.97 W, 50
2026/09/23 23:38:36.086, NVIDIA GeForce RTX 5090, 32607 MiB, 30748 MiB, 1440 MiB, 100 %, 351.70 W, 52
2026/09/23 23:38:41.102, NVIDIA GeForce RTX 5090, 32607 MiB, 30748 MiB, 1440 MiB, 100 %, 170.91 W, 49
2026/09/23 23:38:46.115, NVIDIA GeForce RTX 5090, 32607 MiB, 30748 MiB, 1440 MiB, 100 %, 174.00 W, 48
2026/09/23 23:38:51.129, NVIDIA GeForce RTX 5090, 32607 MiB, 30748 MiB, 1440 MiB, 100 %, 189.98 W, 48
2026/09/23 23:38:56.145, NVIDIA GeForce RTX 5090, 32607 MiB, 30748 MiB, 1440 MiB, 100 %, 222.02 W, 53
2026/09/23 23:39:01.154, NVIDIA GeForce RTX 5090, 32607 MiB, 30748 MiB, 1440 MiB, 100 %, 216.03 W, 49
2026/09/23 23:39:06.157, NVIDIA GeForce RTX 5090, 32607 MiB, 30748 MiB, 1440 MiB, 100 %, 233.68 W, 48
2026/09/23 23:39:11.158, NVIDIA GeForce RTX 5090, 32607 MiB, 30748 MiB, 1440 MiB, 100 %, 234.27 W, 48
2026/09/23 23:39:16.161, NVIDIA GeForce RTX 5090, 32607 MiB, 30748 MiB, 1440 MiB, 100 %, 244.73 W, 50
2026/09/23 23:39:21.166, NVIDIA GeForce RTX 5090, 32607 MiB, 30748 MiB, 1440 MiB, 99 %, 263.13 W, 57
2026/09/23 23:39:26.179, NVIDIA GeForce RTX 5090, 32607 MiB, 30748 MiB, 1440 MiB, 100 %, 276.74 W, 49
2026/09/23 23:39:31.193, NVIDIA GeForce RTX 5090, 32607 MiB, 30748 MiB, 1440 MiB, 100 %, 230.00 W, 56
2026/09/23 23:39:36.195, NVIDIA GeForce RTX 5090, 32607 MiB, 30748 MiB, 1440 MiB, 100 %, 282.30 W, 54
2026/09/23 23:39:41.202, NVIDIA GeForce RTX 5090, 32607 MiB, 30748 MiB, 1440 MiB, 100 %, 298.32 W, 49
2026/09/23 23:39:46.212, NVIDIA GeForce RTX 5090, 32607 MiB, 30748 MiB, 1440 MiB, 100 %, 315.92 W, 49
2026/09/23 23:39:51.217, NVIDIA GeForce RTX 5090, 32607 MiB, 30748 MiB, 1440 MiB, 100 %, 315.97 W, 49
2026/09/23 23:39:56.229, NVIDIA GeForce RTX 5090, 32607 MiB, 30748 MiB, 1440 MiB, 100 %, 334.41 W, 52
2026/09/23 23:40:01.233, NVIDIA GeForce RTX 5090, 32607 MiB, 30748 MiB, 1440 MiB, 100 %, 332.92 W, 52
2026/09/23 23:40:06.244, NVIDIA GeForce RTX 5090, 32607 MiB, 30748 MiB, 1440 MiB, 100 %, 324.95 W, 50
2026/09/23 23:40:11.245, NVIDIA GeForce RTX 5090, 32607 MiB, 30748 MiB, 1440 MiB, 100 %, 319.46 W, 59
2026/09/23 23:40:16.246, NVIDIA GeForce RTX 5090, 32607 MiB, 30748 MiB, 1440 MiB, 100 %, 252.35 W, 52
2026/09/23 23:40:21.247, NVIDIA GeForce RTX 5090, 32607 MiB, 30748 MiB, 1440 MiB, 100 %, 365.08 W, 55
2026/09/23 23:40:26.262, NVIDIA GeForce RTX 5090, 32607 MiB, 30748 MiB, 1440 MiB, 100 %, 239.33 W, 50
2026/09/23 23:40:31.274, NVIDIA GeForce RTX 5090, 32607 MiB, 30748 MiB, 1440 MiB, 100 %, 342.65 W, 60
2026/09/23 23:40:36.281, NVIDIA GeForce RTX 5090, 32607 MiB, 30748 MiB, 1440 MiB, 100 %, 337.83 W, 50
2026/09/23 23:40:41.286, NVIDIA GeForce RTX 5090, 32607 MiB, 30748 MiB, 1440 MiB, 100 %, 230.84 W, 57
2026/09/23 23:40:46.287, NVIDIA GeForce RTX 5090, 32607 MiB, 30748 MiB, 1440 MiB, 100 %, 342.13 W, 60
2026/09/23 23:40:51.292, NVIDIA GeForce RTX 5090, 32607 MiB, 30748 MiB, 1440 MiB, 100 %, 392.32 W, 51
2026/09/23 23:40:56.293, NVIDIA GeForce RTX 5090, 32607 MiB, 30748 MiB, 1440 MiB, 100 %, 340.92 W, 50
2026/09/23 23:41:01.301, NVIDIA GeForce RTX 5090, 32607 MiB, 30748 MiB, 1440 MiB, 100 %, 278.39 W, 56
2026/09/23 23:41:06.304, NVIDIA GeForce RTX 5090, 32607 MiB, 30748 MiB, 1440 MiB, 100 %, 222.68 W, 53
2026/09/23 23:41:11.309, NVIDIA GeForce RTX 5090, 32607 MiB, 30748 MiB, 1440 MiB, 100 %, 243.45 W, 59
2026/09/23 23:41:16.321, NVIDIA GeForce RTX 5090, 32607 MiB, 30748 MiB, 1440 MiB, 100 %, 169.95 W, 49
2026/09/23 23:41:21.333, NVIDIA GeForce RTX 5090, 32607 MiB, 30748 MiB, 1440 MiB, 100 %, 168.48 W, 48
2026/09/23 23:41:26.339, NVIDIA GeForce RTX 5090, 32607 MiB, 30748 MiB, 1440 MiB, 100 %, 169.36 W, 48
2026/09/23 23:41:31.353, NVIDIA GeForce RTX 5090, 32607 MiB, 30748 MiB, 1440 MiB, 100 %, 175.42 W, 48
2026/09/23 23:41:36.369, NVIDIA GeForce RTX 5090, 32607 MiB, 30748 MiB, 1440 MiB, 100 %, 192.91 W, 48
2026/09/23 23:41:41.370, NVIDIA GeForce RTX 5090, 32607 MiB, 30748 MiB, 1440 MiB, 99 %, 250.93 W, 55
2026/09/23 23:41:46.373, NVIDIA GeForce RTX 5090, 32607 MiB, 30748 MiB, 1440 MiB, 100 %, 213.15 W, 49
2026/09/23 23:41:51.385, NVIDIA GeForce RTX 5090, 32607 MiB, 30748 MiB, 1440 MiB, 100 %, 224.25 W, 48
2026/09/23 23:41:56.392, NVIDIA GeForce RTX 5090, 32607 MiB, 30748 MiB, 1440 MiB, 100 %, 237.53 W, 50
2026/09/23 23:42:01.401, NVIDIA GeForce RTX 5090, 32607 MiB, 30748 MiB, 1440 MiB, 100 %, 255.70 W, 51
2026/09/23 23:42:06.416, NVIDIA GeForce RTX 5090, 32607 MiB, 30748 MiB, 1440 MiB, 100 %, 253.30 W, 47
2026/09/23 23:42:11.430, NVIDIA GeForce RTX 5090, 32607 MiB, 30748 MiB, 1440 MiB, 100 %, 263.90 W, 49
2026/09/23 23:42:16.435, NVIDIA GeForce RTX 5090, 32607 MiB, 30748 MiB, 1440 MiB, 100 %, 249.51 W, 48
2026/09/23 23:42:21.442, NVIDIA GeForce RTX 5090, 32607 MiB, 30748 MiB, 1440 MiB, 100 %, 259.13 W, 58
2026/09/23 23:42:26.452, NVIDIA GeForce RTX 5090, 32607 MiB, 30748 MiB, 1440 MiB, 100 %, 298.63 W, 52
2026/09/23 23:42:31.463, NVIDIA GeForce RTX 5090, 32607 MiB, 30748 MiB, 1440 MiB, 100 %, 290.73 W, 50
2026/09/23 23:42:36.464, NVIDIA GeForce RTX 5090, 32607 MiB, 30748 MiB, 1440 MiB, 100 %, 315.35 W, 50
2026/09/23 23:42:41.480, NVIDIA GeForce RTX 5090, 32607 MiB, 30748 MiB, 1440 MiB, 100 %, 313.30 W, 52
2026/09/23 23:42:46.492, NVIDIA GeForce RTX 5090, 32607 MiB, 30748 MiB, 1440 MiB, 100 %, 299.08 W, 59
2026/09/23 23:42:51.498, NVIDIA GeForce RTX 5090, 32607 MiB, 30748 MiB, 1440 MiB, 100 %, 242.58 W, 58
2026/09/23 23:42:56.504, NVIDIA GeForce RTX 5090, 32607 MiB, 30748 MiB, 1440 MiB, 100 %, 291.52 W, 48
2026/09/23 23:43:01.519, NVIDIA GeForce RTX 5090, 32607 MiB, 30748 MiB, 1440 MiB, 100 %, 355.69 W, 54
2026/09/23 23:43:06.529, NVIDIA GeForce RTX 5090, 32607 MiB, 30748 MiB, 1440 MiB, 100 %, 230.57 W, 55
2026/09/23 23:43:11.544, NVIDIA GeForce RTX 5090, 32607 MiB, 30748 MiB, 1440 MiB, 100 %, 371.11 W, 52
2026/09/23 23:43:16.557, NVIDIA GeForce RTX 5090, 32607 MiB, 30748 MiB, 1440 MiB, 100 %, 260.06 W, 49
2026/09/23 23:43:21.571, NVIDIA GeForce RTX 5090, 32607 MiB, 30748 MiB, 1440 MiB, 100 %, 327.42 W, 59
2026/09/23 23:43:26.577, NVIDIA GeForce RTX 5090, 32607 MiB, 30748 MiB, 1440 MiB, 100 %, 382.08 W, 56
2026/09/23 23:43:31.584, NVIDIA GeForce RTX 5090, 32607 MiB, 30748 MiB, 1440 MiB, 100 %, 242.81 W, 50
2026/09/23 23:43:36.589, NVIDIA GeForce RTX 5090, 32607 MiB, 30748 MiB, 1440 MiB, 100 %, 261.05 W, 60
2026/09/23 23:43:41.598, NVIDIA GeForce RTX 5090, 32607 MiB, 30748 MiB, 1440 MiB, 100 %, 346.37 W, 60
2026/09/23 23:43:46.605, NVIDIA GeForce RTX 5090, 32607 MiB, 30748 MiB, 1440 MiB, 100 %, 413.48 W, 54
2026/09/23 23:43:51.620, NVIDIA GeForce RTX 5090, 32607 MiB, 30748 MiB, 1440 MiB, 100 %, 385.10 W, 51
2026/09/23 23:43:56.634, NVIDIA GeForce RTX 5090, 32607 MiB, 30748 MiB, 1440 MiB, 100 %, 368.02 W, 52
2026/09/23 23:44:01.644, NVIDIA GeForce RTX 5090, 32607 MiB, 30748 MiB, 1440 MiB, 100 %, 273.69 W, 50
2026/09/23 23:44:06.645, NVIDIA GeForce RTX 5090, 32607 MiB, 30748 MiB, 1440 MiB, 100 %, 169.27 W, 48
2026/09/23 23:44:11.656, NVIDIA GeForce RTX 5090, 32607 MiB, 30748 MiB, 1440 MiB, 100 %, 167.82 W, 49
2026/09/23 23:44:16.669, NVIDIA GeForce RTX 5090, 32607 MiB, 30748 MiB, 1440 MiB, 100 %, 183.96 W, 48
2026/09/23 23:44:21.680, NVIDIA GeForce RTX 5090, 32607 MiB, 30748 MiB, 1440 MiB, 99 %, 216.39 W, 58
2026/09/23 23:44:26.695, NVIDIA GeForce RTX 5090, 32607 MiB, 30748 MiB, 1440 MiB, 100 %, 206.11 W, 48
2026/09/23 23:44:31.710, NVIDIA GeForce RTX 5090, 32607 MiB, 30748 MiB, 1440 MiB, 100 %, 214.82 W, 48
2026/09/23 23:44:36.720, NVIDIA GeForce RTX 5090, 32607 MiB, 30748 MiB, 1440 MiB, 100 %, 235.60 W, 47
2026/09/23 23:44:41.721, NVIDIA GeForce RTX 5090, 32607 MiB, 30748 MiB, 1440 MiB, 100 %, 235.52 W, 47
2026/09/23 23:44:46.734, NVIDIA GeForce RTX 5090, 32607 MiB, 30748 MiB, 1440 MiB, 100 %, 246.09 W, 49
2026/09/23 23:44:51.742, NVIDIA GeForce RTX 5090, 32607 MiB, 30748 MiB, 1440 MiB, 99 %, 262.90 W, 59
2026/09/23 23:44:56.743, NVIDIA GeForce RTX 5090, 32607 MiB, 30748 MiB, 1440 MiB, 100 %, 266.00 W, 48
2026/09/23 23:45:01.747, NVIDIA GeForce RTX 5090, 32607 MiB, 30748 MiB, 1440 MiB, 100 %, 240.01 W, 58
2026/09/23 23:45:06.758, NVIDIA GeForce RTX 5090, 32607 MiB, 30748 MiB, 1440 MiB, 100 %, 284.62 W, 51
2026/09/23 23:45:11.770, NVIDIA GeForce RTX 5090, 32607 MiB, 30748 MiB, 1440 MiB, 100 %, 223.01 W, 51
2026/09/23 23:45:16.784, NVIDIA GeForce RTX 5090, 32607 MiB, 30748 MiB, 1440 MiB, 100 %, 228.08 W, 54
2026/09/23 23:45:21.789, NVIDIA GeForce RTX 5090, 32607 MiB, 30748 MiB, 1440 MiB, 100 %, 219.71 W, 48
2026/09/23 23:45:26.800, NVIDIA GeForce RTX 5090, 32607 MiB, 30748 MiB, 1440 MiB, 100 %, 267.24 W, 48
2026/09/23 23:45:31.800, NVIDIA GeForce RTX 5090, 32607 MiB, 30748 MiB, 1440 MiB, 100 %, 335.69 W, 49
2026/09/23 23:45:36.807, NVIDIA GeForce RTX 5090, 32607 MiB, 30748 MiB, 1440 MiB, 100 %, 343.76 W, 55
2026/09/23 23:45:41.817, NVIDIA GeForce RTX 5090, 32607 MiB, 30748 MiB, 1440 MiB, 100 %, 232.04 W, 57
2026/09/23 23:45:46.825, NVIDIA GeForce RTX 5090, 32607 MiB, 30748 MiB, 1440 MiB, 100 %, 359.48 W, 51
2026/09/23 23:45:51.835, NVIDIA GeForce RTX 5090, 32607 MiB, 30748 MiB, 1440 MiB, 100 %, 262.28 W, 58
2026/09/23 23:45:56.847, NVIDIA GeForce RTX 5090, 32607 MiB, 30748 MiB, 1440 MiB, 100 %, 374.31 W, 56
2026/09/23 23:46:01.860, NVIDIA GeForce RTX 5090, 32607 MiB, 30748 MiB, 1440 MiB, 100 %, 234.04 W, 57
2026/09/23 23:46:06.875, NVIDIA GeForce RTX 5090, 32607 MiB, 30748 MiB, 1440 MiB, 100 %, 388.54 W, 56
2026/09/23 23:46:11.884, NVIDIA GeForce RTX 5090, 32607 MiB, 30748 MiB, 1440 MiB, 100 %, 312.55 W, 49
2026/09/23 23:46:16.889, NVIDIA GeForce RTX 5090, 32607 MiB, 30748 MiB, 1440 MiB, 100 %, 232.82 W, 58
2026/09/23 23:46:21.896, NVIDIA GeForce RTX 5090, 32607 MiB, 30748 MiB, 1440 MiB, 100 %, 335.20 W, 60
2026/09/23 23:46:26.901, NVIDIA GeForce RTX 5090, 32607 MiB, 30748 MiB, 1440 MiB, 100 %, 416.73 W, 55
2026/09/23 23:46:31.912, NVIDIA GeForce RTX 5090, 32607 MiB, 30748 MiB, 1440 MiB, 100 %, 384.08 W, 50
2026/09/23 23:46:36.927, NVIDIA GeForce RTX 5090, 32607 MiB, 30748 MiB, 1440 MiB, 100 %, 332.40 W, 50
2026/09/23 23:46:41.939, NVIDIA GeForce RTX 5090, 32607 MiB, 30748 MiB, 1440 MiB, 100 %, 311.79 W, 50
2026/09/23 23:46:46.941, NVIDIA GeForce RTX 5090, 32607 MiB, 30748 MiB, 1440 MiB, 100 %, 171.38 W, 49
2026/09/23 23:46:51.952, NVIDIA GeForce RTX 5090, 32607 MiB, 30748 MiB, 1440 MiB, 100 %, 169.01 W, 48
2026/09/23 23:46:56.965, NVIDIA GeForce RTX 5090, 32607 MiB, 30748 MiB, 1440 MiB, 100 %, 169.60 W, 48
2026/09/23 23:47:01.970, NVIDIA GeForce RTX 5090, 32607 MiB, 30748 MiB, 1440 MiB, 100 %, 181.09 W, 47
2026/09/23 23:47:06.973, NVIDIA GeForce RTX 5090, 32607 MiB, 30748 MiB, 1440 MiB, 100 %, 196.98 W, 48
2026/09/23 23:47:11.984, NVIDIA GeForce RTX 5090, 32607 MiB, 30748 MiB, 1440 MiB, 99 %, 235.96 W, 55
2026/09/23 23:47:16.985, NVIDIA GeForce RTX 5090, 32607 MiB, 30748 MiB, 1440 MiB, 100 %, 215.19 W, 50
2026/09/23 23:47:21.999, NVIDIA GeForce RTX 5090, 32607 MiB, 30748 MiB, 1440 MiB, 100 %, 235.61 W, 49
2026/09/23 23:47:27.001, NVIDIA GeForce RTX 5090, 32607 MiB, 30748 MiB, 1440 MiB, 100 %, 247.42 W, 50
2026/09/23 23:47:32.005, NVIDIA GeForce RTX 5090, 32607 MiB, 30748 MiB, 1440 MiB, 99 %, 262.86 W, 58
2026/09/23 23:47:37.020, NVIDIA GeForce RTX 5090, 32607 MiB, 30748 MiB, 1440 MiB, 100 %, 255.02 W, 47
2026/09/23 23:47:42.035, NVIDIA GeForce RTX 5090, 32607 MiB, 30748 MiB, 1440 MiB, 100 %, 279.85 W, 52
2026/09/23 23:47:47.043, NVIDIA GeForce RTX 5090, 32607 MiB, 30748 MiB, 1440 MiB, 100 %, 274.45 W, 48
2026/09/23 23:47:52.044, NVIDIA GeForce RTX 5090, 32607 MiB, 30748 MiB, 1440 MiB, 100 %, 219.96 W, 52
2026/09/23 23:47:57.047, NVIDIA GeForce RTX 5090, 32607 MiB, 30748 MiB, 1440 MiB, 100 %, 257.79 W, 57
2026/09/23 23:48:02.059, NVIDIA GeForce RTX 5090, 32607 MiB, 30748 MiB, 1440 MiB, 100 %, 261.24 W, 58
2026/09/23 23:48:07.069, NVIDIA GeForce RTX 5090, 32607 MiB, 30748 MiB, 1440 MiB, 100 %, 256.69 W, 58
2026/09/23 23:48:12.070, NVIDIA GeForce RTX 5090, 32607 MiB, 30748 MiB, 1440 MiB, 100 %, 225.90 W, 57
2026/09/23 23:48:17.078, NVIDIA GeForce RTX 5090, 32607 MiB, 30748 MiB, 1440 MiB, 100 %, 268.79 W, 49
2026/09/23 23:48:22.091, NVIDIA GeForce RTX 5090, 32607 MiB, 30748 MiB, 1440 MiB, 100 %, 341.84 W, 49
2026/09/23 23:48:27.107, NVIDIA GeForce RTX 5090, 32607 MiB, 30748 MiB, 1440 MiB, 100 %, 326.61 W, 59
2026/09/23 23:48:32.118, NVIDIA GeForce RTX 5090, 32607 MiB, 30748 MiB, 1440 MiB, 100 %, 219.87 W, 54
2026/09/23 23:48:37.122, NVIDIA GeForce RTX 5090, 32607 MiB, 30748 MiB, 1440 MiB, 100 %, 365.56 W, 51
2026/09/23 23:48:42.128, NVIDIA GeForce RTX 5090, 32607 MiB, 30748 MiB, 1440 MiB, 100 %, 229.94 W, 55
2026/09/23 23:48:47.140, NVIDIA GeForce RTX 5090, 32607 MiB, 30748 MiB, 1440 MiB, 100 %, 380.11 W, 55
2026/09/23 23:48:52.153, NVIDIA GeForce RTX 5090, 32607 MiB, 30748 MiB, 1440 MiB, 100 %, 287.26 W, 48
2026/09/23 23:48:57.165, NVIDIA GeForce RTX 5090, 32607 MiB, 30748 MiB, 1440 MiB, 100 %, 268.48 W, 59
2026/09/23 23:49:02.174, NVIDIA GeForce RTX 5090, 32607 MiB, 30748 MiB, 1440 MiB, 100 %, 401.24 W, 55
2026/09/23 23:49:07.182, NVIDIA GeForce RTX 5090, 32607 MiB, 30748 MiB, 1440 MiB, 100 %, 367.37 W, 50
2026/09/23 23:49:12.193, NVIDIA GeForce RTX 5090, 32607 MiB, 30748 MiB, 1440 MiB, 100 %, 258.35 W, 51
2026/09/23 23:49:17.199, NVIDIA GeForce RTX 5090, 32607 MiB, 30748 MiB, 1440 MiB, 100 %, 233.70 W, 57
2026/09/23 23:49:22.203, NVIDIA GeForce RTX 5090, 32607 MiB, 30748 MiB, 1440 MiB, 100 %, 279.23 W, 59
2026/09/23 23:49:27.214, NVIDIA GeForce RTX 5090, 32607 MiB, 30748 MiB, 1440 MiB, 100 %, 304.37 W, 60
2026/09/23 23:49:32.222, NVIDIA GeForce RTX 5090, 32607 MiB, 30748 MiB, 1440 MiB, 100 %, 169.28 W, 49
2026/09/23 23:49:37.237, NVIDIA GeForce RTX 5090, 32607 MiB, 30748 MiB, 1440 MiB, 100 %, 169.28 W, 48
2026/09/23 23:49:42.251, NVIDIA GeForce RTX 5090, 32607 MiB, 30748 MiB, 1440 MiB, 100 %, 169.87 W, 48
2026/09/23 23:49:47.255, NVIDIA GeForce RTX 5090, 32607 MiB, 30748 MiB, 1440 MiB, 100 %, 172.40 W, 49
2026/09/23 23:49:52.260, NVIDIA GeForce RTX 5090, 32607 MiB, 30748 MiB, 1440 MiB, 99 %, 228.97 W, 52
2026/09/23 23:49:57.268, NVIDIA GeForce RTX 5090, 32607 MiB, 30748 MiB, 1440 MiB, 100 %, 202.24 W, 47
2026/09/23 23:50:02.277, NVIDIA GeForce RTX 5090, 32607 MiB, 30748 MiB, 1440 MiB, 99 %, 267.67 W, 58
2026/09/23 23:50:07.282, NVIDIA GeForce RTX 5090, 32607 MiB, 30748 MiB, 1440 MiB, 100 %, 228.86 W, 49
2026/09/23 23:50:12.289, NVIDIA GeForce RTX 5090, 32607 MiB, 30748 MiB, 1440 MiB, 100 %, 229.27 W, 49
2026/09/23 23:50:17.297, NVIDIA GeForce RTX 5090, 32607 MiB, 30748 MiB, 1440 MiB, 100 %, 252.17 W, 47
2026/09/23 23:50:22.309, NVIDIA GeForce RTX 5090, 32607 MiB, 30748 MiB, 1440 MiB, 100 %, 251.27 W, 49
2026/09/23 23:50:27.316, NVIDIA GeForce RTX 5090, 32607 MiB, 30748 MiB, 1440 MiB, 99 %, 262.87 W, 55
2026/09/23 23:50:32.331, NVIDIA GeForce RTX 5090, 32607 MiB, 30748 MiB, 1440 MiB, 100 %, 270.03 W, 49
2026/09/23 23:50:37.336, NVIDIA GeForce RTX 5090, 32607 MiB, 30748 MiB, 1440 MiB, 100 %, 285.58 W, 47
2026/09/23 23:50:42.347, NVIDIA GeForce RTX 5090, 32607 MiB, 30748 MiB, 1440 MiB, 100 %, 230.52 W, 55
2026/09/23 23:50:47.361, NVIDIA GeForce RTX 5090, 32607 MiB, 30748 MiB, 1440 MiB, 100 %, 257.13 W, 58
2026/09/23 23:50:52.377, NVIDIA GeForce RTX 5090, 32607 MiB, 30748 MiB, 1440 MiB, 100 %, 267.48 W, 58
2026/09/23 23:50:57.391, NVIDIA GeForce RTX 5090, 32607 MiB, 30748 MiB, 1440 MiB, 100 %, 257.11 W, 58
2026/09/23 23:51:02.397, NVIDIA GeForce RTX 5090, 32607 MiB, 30748 MiB, 1440 MiB, 100 %, 257.75 W, 58
2026/09/23 23:51:07.406, NVIDIA GeForce RTX 5090, 32607 MiB, 30748 MiB, 1440 MiB, 100 %, 286.13 W, 52
2026/09/23 23:51:12.409, NVIDIA GeForce RTX 5090, 32607 MiB, 30748 MiB, 1440 MiB, 100 %, 332.18 W, 50
2026/09/23 23:51:17.420, NVIDIA GeForce RTX 5090, 32607 MiB, 30748 MiB, 1440 MiB, 100 %, 289.68 W, 58
2026/09/23 23:51:22.432, NVIDIA GeForce RTX 5090, 32607 MiB, 30748 MiB, 1440 MiB, 100 %, 275.52 W, 48
2026/09/23 23:51:27.440, NVIDIA GeForce RTX 5090, 32607 MiB, 30748 MiB, 1440 MiB, 100 %, 347.51 W, 59
2026/09/23 23:51:32.444, NVIDIA GeForce RTX 5090, 32607 MiB, 30748 MiB, 1440 MiB, 100 %, 275.55 W, 48
2026/09/23 23:51:37.457, NVIDIA GeForce RTX 5090, 32607 MiB, 30748 MiB, 1440 MiB, 100 %, 315.73 W, 59
2026/09/23 23:51:42.458, NVIDIA GeForce RTX 5090, 32607 MiB, 30748 MiB, 1440 MiB, 100 %, 379.13 W, 56
2026/09/23 23:51:47.468, NVIDIA GeForce RTX 5090, 32607 MiB, 30748 MiB, 1440 MiB, 100 %, 232.60 W, 49
2026/09/23 23:51:52.472, NVIDIA GeForce RTX 5090, 32607 MiB, 30748 MiB, 1440 MiB, 100 %, 269.34 W, 59
2026/09/23 23:51:57.483, NVIDIA GeForce RTX 5090, 32607 MiB, 30748 MiB, 1440 MiB, 100 %, 351.95 W, 60
2026/09/23 23:52:02.493, NVIDIA GeForce RTX 5090, 32607 MiB, 30748 MiB, 1440 MiB, 100 %, 401.79 W, 51
2026/09/23 23:52:07.504, NVIDIA GeForce RTX 5090, 32607 MiB, 30748 MiB, 1440 MiB, 100 %, 357.54 W, 51
2026/09/23 23:52:12.515, NVIDIA GeForce RTX 5090, 32607 MiB, 30748 MiB, 1440 MiB, 100 %, 303.63 W, 49
2026/09/23 23:52:17.523, NVIDIA GeForce RTX 5090, 32607 MiB, 30748 MiB, 1440 MiB, 100 %, 303.00 W, 55
2026/09/23 23:52:22.537, NVIDIA GeForce RTX 5090, 32607 MiB, 30748 MiB, 1440 MiB, 100 %, 168.83 W, 48
2026/09/23 23:52:27.545, NVIDIA GeForce RTX 5090, 32607 MiB, 30748 MiB, 1440 MiB, 100 %, 168.90 W, 48
2026/09/23 23:52:32.549, NVIDIA GeForce RTX 5090, 32607 MiB, 30748 MiB, 1440 MiB, 100 %, 172.08 W, 47
2026/09/23 23:52:37.555, NVIDIA GeForce RTX 5090, 32607 MiB, 30748 MiB, 1440 MiB, 100 %, 183.80 W, 47
2026/09/23 23:52:42.568, NVIDIA GeForce RTX 5090, 32607 MiB, 30748 MiB, 1440 MiB, 100 %, 204.15 W, 50
2026/09/23 23:52:47.571, NVIDIA GeForce RTX 5090, 32607 MiB, 30748 MiB, 1440 MiB, 100 %, 215.77 W, 47
2026/09/23 23:52:52.579, NVIDIA GeForce RTX 5090, 32607 MiB, 30748 MiB, 1440 MiB, 100 %, 219.37 W, 47
2026/09/23 23:52:57.584, NVIDIA GeForce RTX 5090, 32607 MiB, 30748 MiB, 1440 MiB, 100 %, 233.68 W, 47
2026/09/23 23:53:02.587, NVIDIA GeForce RTX 5090, 32607 MiB, 30748 MiB, 1440 MiB, 100 %, 250.82 W, 47
2026/09/23 23:53:07.601, NVIDIA GeForce RTX 5090, 32607 MiB, 30748 MiB, 1440 MiB, 100 %, 262.93 W, 49
2026/09/23 23:53:12.614, NVIDIA GeForce RTX 5090, 32607 MiB, 30748 MiB, 1440 MiB, 100 %, 254.09 W, 47
2026/09/23 23:53:17.626, NVIDIA GeForce RTX 5090, 32607 MiB, 30748 MiB, 1440 MiB, 100 %, 269.79 W, 49
2026/09/23 23:53:22.633, NVIDIA GeForce RTX 5090, 32607 MiB, 30748 MiB, 1440 MiB, 100 %, 277.76 W, 47
2026/09/23 23:53:27.638, NVIDIA GeForce RTX 5090, 32607 MiB, 30748 MiB, 1440 MiB, 100 %, 221.80 W, 52
2026/09/23 23:53:32.648, NVIDIA GeForce RTX 5090, 32607 MiB, 30748 MiB, 1440 MiB, 100 %, 253.73 W, 57
2026/09/23 23:53:37.660, NVIDIA GeForce RTX 5090, 32607 MiB, 30748 MiB, 1440 MiB, 100 %, 252.64 W, 57
2026/09/23 23:53:42.666, NVIDIA GeForce RTX 5090, 32607 MiB, 30748 MiB, 1440 MiB, 100 %, 266.60 W, 57
2026/09/23 23:53:47.667, NVIDIA GeForce RTX 5090, 32607 MiB, 30748 MiB, 1440 MiB, 100 %, 223.59 W, 52
2026/09/23 23:53:52.682, NVIDIA GeForce RTX 5090, 32607 MiB, 30748 MiB, 1440 MiB, 100 %, 289.31 W, 47
2026/09/23 23:53:57.690, NVIDIA GeForce RTX 5090, 32607 MiB, 30748 MiB, 1440 MiB, 100 %, 345.71 W, 50
2026/09/23 23:54:02.694, NVIDIA GeForce RTX 5090, 32607 MiB, 30748 MiB, 1440 MiB, 100 %, 260.74 W, 58
2026/09/23 23:54:07.709, NVIDIA GeForce RTX 5090, 32607 MiB, 30748 MiB, 1440 MiB, 100 %, 311.57 W, 48
2026/09/23 23:54:12.722, NVIDIA GeForce RTX 5090, 32607 MiB, 30748 MiB, 1440 MiB, 100 %, 303.17 W, 58
2026/09/23 23:54:17.730, NVIDIA GeForce RTX 5090, 32607 MiB, 30748 MiB, 1440 MiB, 100 %, 317.76 W, 48
2026/09/23 23:54:22.739, NVIDIA GeForce RTX 5090, 32607 MiB, 30748 MiB, 1440 MiB, 100 %, 277.58 W, 59
2026/09/23 23:54:27.751, NVIDIA GeForce RTX 5090, 32607 MiB, 30748 MiB, 1440 MiB, 100 %, 367.13 W, 52
2026/09/23 23:54:32.759, NVIDIA GeForce RTX 5090, 32607 MiB, 30748 MiB, 1440 MiB, 100 %, 285.82 W, 48
2026/09/23 23:54:37.770, NVIDIA GeForce RTX 5090, 32607 MiB, 30748 MiB, 1440 MiB, 100 %, 231.23 W, 58
2026/09/23 23:54:42.783, NVIDIA GeForce RTX 5090, 32607 MiB, 30748 MiB, 1440 MiB, 100 %, 334.51 W, 58
2026/09/23 23:54:47.793, NVIDIA GeForce RTX 5090, 32607 MiB, 30748 MiB, 1440 MiB, 100 %, 392.47 W, 59
2026/09/23 23:54:52.803, NVIDIA GeForce RTX 5090, 32607 MiB, 30748 MiB, 1440 MiB, 100 %, 408.12 W, 51
2026/09/23 23:54:57.812, NVIDIA GeForce RTX 5090, 32607 MiB, 30748 MiB, 1440 MiB, 100 %, 227.55 W, 54
2026/09/23 23:55:02.822, NVIDIA GeForce RTX 5090, 32607 MiB, 30748 MiB, 1440 MiB, 100 %, 287.36 W, 59
2026/09/23 23:55:07.827, NVIDIA GeForce RTX 5090, 32607 MiB, 30748 MiB, 1440 MiB, 100 %, 167.96 W, 47
2026/09/23 23:55:12.836, NVIDIA GeForce RTX 5090, 32607 MiB, 30748 MiB, 1440 MiB, 100 %, 167.78 W, 47
2026/09/23 23:55:17.843, NVIDIA GeForce RTX 5090, 32607 MiB, 30748 MiB, 1440 MiB, 100 %, 173.45 W, 47
2026/09/23 23:55:22.850, NVIDIA GeForce RTX 5090, 32607 MiB, 30748 MiB, 1440 MiB, 100 %, 189.36 W, 47
2026/09/23 23:55:27.865, NVIDIA GeForce RTX 5090, 32607 MiB, 30748 MiB, 1440 MiB, 99 %, 255.63 W, 56
2026/09/23 23:55:32.874, NVIDIA GeForce RTX 5090, 32607 MiB, 30748 MiB, 1440 MiB, 100 %, 212.95 W, 48
2026/09/23 23:55:37.888, NVIDIA GeForce RTX 5090, 32607 MiB, 30748 MiB, 1440 MiB, 100 %, 232.26 W, 48
2026/09/23 23:55:42.896, NVIDIA GeForce RTX 5090, 32607 MiB, 30748 MiB, 1440 MiB, 100 %, 238.00 W, 48
2026/09/23 23:55:47.899, NVIDIA GeForce RTX 5090, 32607 MiB, 30748 MiB, 1440 MiB, 100 %, 255.86 W, 51
2026/09/23 23:55:52.909, NVIDIA GeForce RTX 5090, 32607 MiB, 30748 MiB, 1440 MiB, 100 %, 253.09 W, 47
2026/09/23 23:55:57.920, NVIDIA GeForce RTX 5090, 32607 MiB, 30748 MiB, 1440 MiB, 100 %, 263.23 W, 48
2026/09/23 23:56:02.927, NVIDIA GeForce RTX 5090, 32607 MiB, 30748 MiB, 1440 MiB, 100 %, 258.58 W, 48
2026/09/23 23:56:07.929, NVIDIA GeForce RTX 5090, 32607 MiB, 30748 MiB, 1440 MiB, 100 %, 259.39 W, 57
2026/09/23 23:56:12.945, NVIDIA GeForce RTX 5090, 32607 MiB, 30748 MiB, 1440 MiB, 100 %, 298.20 W, 51
2026/09/23 23:56:17.958, NVIDIA GeForce RTX 5090, 32607 MiB, 30748 MiB, 1440 MiB, 100 %, 291.10 W, 49
2026/09/23 23:56:22.960, NVIDIA GeForce RTX 5090, 32607 MiB, 30748 MiB, 1440 MiB, 100 %, 315.69 W, 49
2026/09/23 23:56:27.974, NVIDIA GeForce RTX 5090, 32607 MiB, 30748 MiB, 1440 MiB, 100 %, 315.92 W, 52
2026/09/23 23:56:32.975, NVIDIA GeForce RTX 5090, 32607 MiB, 30748 MiB, 1440 MiB, 100 %, 288.88 W, 58
2026/09/23 23:56:37.984, NVIDIA GeForce RTX 5090, 32607 MiB, 30748 MiB, 1440 MiB, 100 %, 228.04 W, 52
2026/09/23 23:56:42.990, NVIDIA GeForce RTX 5090, 32607 MiB, 30748 MiB, 1440 MiB, 100 %, 348.36 W, 49
2026/09/23 23:56:48.004, NVIDIA GeForce RTX 5090, 32607 MiB, 30748 MiB, 1440 MiB, 100 %, 310.83 W, 57
2026/09/23 23:56:53.015, NVIDIA GeForce RTX 5090, 32607 MiB, 30748 MiB, 1440 MiB, 100 %, 256.10 W, 47
2026/09/23 23:56:58.027, NVIDIA GeForce RTX 5090, 32607 MiB, 30748 MiB, 1440 MiB, 100 %, 344.73 W, 59
2026/09/23 23:57:03.030, NVIDIA GeForce RTX 5090, 32607 MiB, 30748 MiB, 1440 MiB, 100 %, 279.11 W, 48
2026/09/23 23:57:08.046, NVIDIA GeForce RTX 5090, 32607 MiB, 30748 MiB, 1440 MiB, 100 %, 303.79 W, 59
2026/09/23 23:57:13.047, NVIDIA GeForce RTX 5090, 32607 MiB, 30748 MiB, 1440 MiB, 100 %, 378.16 W, 50
2026/09/23 23:57:18.062, NVIDIA GeForce RTX 5090, 32607 MiB, 30748 MiB, 1440 MiB, 100 %, 267.28 W, 48
2026/09/23 23:57:23.071, NVIDIA GeForce RTX 5090, 32607 MiB, 30748 MiB, 1440 MiB, 100 %, 256.13 W, 59
2026/09/23 23:57:28.072, NVIDIA GeForce RTX 5090, 32607 MiB, 30748 MiB, 1440 MiB, 100 %, 324.65 W, 59
2026/09/23 23:57:33.086, NVIDIA GeForce RTX 5090, 32607 MiB, 30748 MiB, 1440 MiB, 100 %, 373.21 W, 60
2026/09/23 23:57:38.098, NVIDIA GeForce RTX 5090, 32607 MiB, 30748 MiB, 1440 MiB, 100 %, 400.24 W, 53
2026/09/23 23:57:43.101, NVIDIA GeForce RTX 5090, 32607 MiB, 30748 MiB, 1440 MiB, 100 %, 407.32 W, 51
2026/09/23 23:57:48.113, NVIDIA GeForce RTX 5090, 32607 MiB, 30748 MiB, 1440 MiB, 100 %, 319.23 W, 50
2026/09/23 23:57:53.118, NVIDIA GeForce RTX 5090, 32607 MiB, 30748 MiB, 1440 MiB, 100 %, 169.76 W, 47
2026/09/23 23:57:58.125, NVIDIA GeForce RTX 5090, 32607 MiB, 30748 MiB, 1440 MiB, 100 %, 173.64 W, 49
2026/09/23 23:58:03.137, NVIDIA GeForce RTX 5090, 32607 MiB, 30748 MiB, 1440 MiB, 99 %, 227.85 W, 56
2026/09/23 23:58:08.140, NVIDIA GeForce RTX 5090, 32607 MiB, 30748 MiB, 1440 MiB, 100 %, 194.12 W, 47
2026/09/23 23:58:13.142, NVIDIA GeForce RTX 5090, 32607 MiB, 30748 MiB, 1440 MiB, 99 %, 246.77 W, 55
2026/09/23 23:58:18.156, NVIDIA GeForce RTX 5090, 32607 MiB, 30748 MiB, 1440 MiB, 100 %, 249.53 W, 52
2026/09/23 23:58:23.159, NVIDIA GeForce RTX 5090, 32607 MiB, 30748 MiB, 1440 MiB, 100 %, 240.17 W, 50
2026/09/23 23:58:28.165, NVIDIA GeForce RTX 5090, 32607 MiB, 30748 MiB, 1440 MiB, 99 %, 264.24 W, 57
2026/09/23 23:58:33.170, NVIDIA GeForce RTX 5090, 32607 MiB, 30748 MiB, 1440 MiB, 100 %, 261.00 W, 48
2026/09/23 23:58:38.174, NVIDIA GeForce RTX 5090, 32607 MiB, 30748 MiB, 1440 MiB, 100 %, 265.66 W, 49
2026/09/23 23:58:43.185, NVIDIA GeForce RTX 5090, 32607 MiB, 30748 MiB, 1440 MiB, 100 %, 267.56 W, 47
2026/09/23 23:58:48.188, NVIDIA GeForce RTX 5090, 32607 MiB, 30748 MiB, 1440 MiB, 100 %, 265.75 W, 59
2026/09/23 23:58:53.196, NVIDIA GeForce RTX 5090, 32607 MiB, 30748 MiB, 1440 MiB, 100 %, 279.21 W, 49
2026/09/23 23:58:58.207, NVIDIA GeForce RTX 5090, 32607 MiB, 30748 MiB, 1440 MiB, 100 %, 294.48 W, 50
2026/09/23 23:59:03.210, NVIDIA GeForce RTX 5090, 32607 MiB, 30748 MiB, 1440 MiB, 100 %, 311.89 W, 48
2026/09/23 23:59:08.226, NVIDIA GeForce RTX 5090, 32607 MiB, 30748 MiB, 1440 MiB, 100 %, 330.45 W, 49
2026/09/23 23:59:13.228, NVIDIA GeForce RTX 5090, 32607 MiB, 30748 MiB, 1440 MiB, 100 %, 310.20 W, 49
2026/09/23 23:59:18.243, NVIDIA GeForce RTX 5090, 32607 MiB, 30748 MiB, 1440 MiB, 100 %, 292.20 W, 58
2026/09/23 23:59:23.247, NVIDIA GeForce RTX 5090, 32607 MiB, 30748 MiB, 1440 MiB, 100 %, 223.06 W, 54
2026/09/23 23:59:28.247, NVIDIA GeForce RTX 5090, 32607 MiB, 30748 MiB, 1440 MiB, 100 %, 352.38 W, 50
2026/09/23 23:59:33.254, NVIDIA GeForce RTX 5090, 32607 MiB, 30748 MiB, 1440 MiB, 100 %, 288.48 W, 59
2026/09/23 23:59:38.258, NVIDIA GeForce RTX 5090, 32607 MiB, 30748 MiB, 1440 MiB, 100 %, 299.30 W, 48
2026/09/23 23:59:43.271, NVIDIA GeForce RTX 5090, 32607 MiB, 30748 MiB, 1440 MiB, 100 %, 312.82 W, 59
2026/09/23 23:59:48.278, NVIDIA GeForce RTX 5090, 32607 MiB, 30748 MiB, 1440 MiB, 100 %, 355.70 W, 49
2026/09/23 23:59:53.293, NVIDIA GeForce RTX 5090, 32607 MiB, 30748 MiB, 1440 MiB, 100 %, 236.92 W, 58
2026/09/23 23:59:58.305, NVIDIA GeForce RTX 5090, 32607 MiB, 30748 MiB, 1440 MiB, 100 %, 358.59 W, 59
2026/09/24 00:00:03.316, NVIDIA GeForce RTX 5090, 32607 MiB, 30748 MiB, 1440 MiB, 100 %, 371.42 W, 51
2026/09/24 00:00:08.325, NVIDIA GeForce RTX 5090, 32607 MiB, 30748 MiB, 1440 MiB, 100 %, 254.86 W, 51
2026/09/24 00:00:13.328, NVIDIA GeForce RTX 5090, 32607 MiB, 30748 MiB, 1440 MiB, 100 %, 256.48 W, 59
2026/09/24 00:00:18.333, NVIDIA GeForce RTX 5090, 32607 MiB, 30748 MiB, 1440 MiB, 100 %, 307.71 W, 59
2026/09/24 00:00:23.339, NVIDIA GeForce RTX 5090, 32607 MiB, 30748 MiB, 1440 MiB, 100 %, 392.25 W, 50
2026/09/24 00:00:28.351, NVIDIA GeForce RTX 5090, 32607 MiB, 30748 MiB, 1440 MiB, 100 %, 377.89 W, 51
2026/09/24 00:00:33.362, NVIDIA GeForce RTX 5090, 32607 MiB, 30748 MiB, 1440 MiB, 100 %, 169.27 W, 48
2026/09/24 00:00:38.374, NVIDIA GeForce RTX 5090, 32607 MiB, 30748 MiB, 1440 MiB, 100 %, 169.24 W, 47
2026/09/24 00:00:43.384, NVIDIA GeForce RTX 5090, 32607 MiB, 30748 MiB, 1440 MiB, 100 %, 178.17 W, 47
2026/09/24 00:00:48.396, NVIDIA GeForce RTX 5090, 32607 MiB, 30748 MiB, 1440 MiB, 100 %, 192.76 W, 49
2026/09/24 00:00:53.412, NVIDIA GeForce RTX 5090, 32607 MiB, 30748 MiB, 1440 MiB, 100 %, 204.09 W, 47
2026/09/24 00:00:58.422, NVIDIA GeForce RTX 5090, 32607 MiB, 30748 MiB, 1440 MiB, 99 %, 251.43 W, 56
2026/09/24 00:01:03.435, NVIDIA GeForce RTX 5090, 32607 MiB, 30748 MiB, 1440 MiB, 99 %, 260.17 W, 57
2026/09/24 00:01:08.438, NVIDIA GeForce RTX 5090, 32607 MiB, 30748 MiB, 1440 MiB, 100 %, 236.81 W, 53
2026/09/24 00:01:13.445, NVIDIA GeForce RTX 5090, 32607 MiB, 30748 MiB, 1440 MiB, 100 %, 246.99 W, 47
2026/09/24 00:01:18.449, NVIDIA GeForce RTX 5090, 32607 MiB, 30748 MiB, 1440 MiB, 100 %, 257.23 W, 51
2026/09/24 00:01:23.461, NVIDIA GeForce RTX 5090, 32607 MiB, 30748 MiB, 1440 MiB, 100 %, 273.37 W, 49
2026/09/24 00:01:28.475, NVIDIA GeForce RTX 5090, 32607 MiB, 30748 MiB, 1440 MiB, 99 %, 266.35 W, 58
2026/09/24 00:01:33.490, NVIDIA GeForce RTX 5090, 32607 MiB, 30748 MiB, 1440 MiB, 100 %, 292.44 W, 49
2026/09/24 00:01:38.505, NVIDIA GeForce RTX 5090, 32607 MiB, 30748 MiB, 1440 MiB, 100 %, 293.43 W, 48
2026/09/24 00:01:43.508, NVIDIA GeForce RTX 5090, 32607 MiB, 30748 MiB, 1440 MiB, 100 %, 293.37 W, 48
2026/09/24 00:01:48.519, NVIDIA GeForce RTX 5090, 32607 MiB, 30748 MiB, 1440 MiB, 100 %, 318.11 W, 48
2026/09/24 00:01:53.520, NVIDIA GeForce RTX 5090, 32607 MiB, 30748 MiB, 1440 MiB, 100 %, 318.34 W, 49
2026/09/24 00:01:58.532, NVIDIA GeForce RTX 5090, 32607 MiB, 30748 MiB, 1440 MiB, 100 %, 335.54 W, 51
2026/09/24 00:02:03.534, NVIDIA GeForce RTX 5090, 32607 MiB, 30748 MiB, 1440 MiB, 100 %, 280.51 W, 58
2026/09/24 00:02:08.550, NVIDIA GeForce RTX 5090, 32607 MiB, 30748 MiB, 1440 MiB, 100 %, 261.04 W, 48
2026/09/24 00:02:13.565, NVIDIA GeForce RTX 5090, 32607 MiB, 30748 MiB, 1440 MiB, 100 %, 338.16 W, 52
2026/09/24 00:02:18.570, NVIDIA GeForce RTX 5090, 32607 MiB, 30748 MiB, 1440 MiB, 100 %, 251.38 W, 56
2026/09/24 00:02:23.580, NVIDIA GeForce RTX 5090, 32607 MiB, 30748 MiB, 1440 MiB, 100 %, 352.34 W, 51
2026/09/24 00:02:28.581, NVIDIA GeForce RTX 5090, 32607 MiB, 30748 MiB, 1440 MiB, 100 %, 234.68 W, 49
2026/09/24 00:02:33.595, NVIDIA GeForce RTX 5090, 32607 MiB, 30748 MiB, 1440 MiB, 100 %, 335.00 W, 59
2026/09/24 00:02:38.609, NVIDIA GeForce RTX 5090, 32607 MiB, 30748 MiB, 1440 MiB, 100 %, 380.82 W, 49
2026/09/24 00:02:43.625, NVIDIA GeForce RTX 5090, 32607 MiB, 30748 MiB, 1440 MiB, 100 %, 261.05 W, 54
2026/09/24 00:02:48.638, NVIDIA GeForce RTX 5090, 32607 MiB, 30748 MiB, 1440 MiB, 100 %, 253.57 W, 59
2026/09/24 00:02:53.652, NVIDIA GeForce RTX 5090, 32607 MiB, 30748 MiB, 1440 MiB, 100 %, 330.09 W, 58
2026/09/24 00:02:58.658, NVIDIA GeForce RTX 5090, 32607 MiB, 30748 MiB, 1440 MiB, 100 %, 386.77 W, 60
2026/09/24 00:03:03.660, NVIDIA GeForce RTX 5090, 32607 MiB, 30748 MiB, 1440 MiB, 100 %, 402.73 W, 52
2026/09/24 00:03:08.669, NVIDIA GeForce RTX 5090, 32607 MiB, 30748 MiB, 1440 MiB, 100 %, 408.68 W, 51
2026/09/24 00:03:13.680, NVIDIA GeForce RTX 5090, 32607 MiB, 30748 MiB, 1440 MiB, 100 %, 169.93 W, 48
2026/09/24 00:03:18.695, NVIDIA GeForce RTX 5090, 32607 MiB, 30748 MiB, 1440 MiB, 100 %, 168.58 W, 47
2026/09/24 00:03:23.702, NVIDIA GeForce RTX 5090, 32607 MiB, 30748 MiB, 1440 MiB, 100 %, 175.20 W, 47
2026/09/24 00:03:28.716, NVIDIA GeForce RTX 5090, 32607 MiB, 30748 MiB, 1440 MiB, 100 %, 186.35 W, 48
2026/09/24 00:03:33.721, NVIDIA GeForce RTX 5090, 32607 MiB, 30748 MiB, 1440 MiB, 99 %, 239.28 W, 55
2026/09/24 00:03:38.723, NVIDIA GeForce RTX 5090, 32607 MiB, 30748 MiB, 1440 MiB, 100 %, 218.95 W, 48
2026/09/24 00:03:43.730, NVIDIA GeForce RTX 5090, 32607 MiB, 30748 MiB, 1440 MiB, 100 %, 221.91 W, 48
2026/09/24 00:03:48.746, NVIDIA GeForce RTX 5090, 32607 MiB, 30748 MiB, 1440 MiB, 100 %, 241.92 W, 48
2026/09/24 00:03:53.759, NVIDIA GeForce RTX 5090, 32607 MiB, 30748 MiB, 1440 MiB, 100 %, 251.29 W, 50
2026/09/24 00:03:58.772, NVIDIA GeForce RTX 5090, 32607 MiB, 30748 MiB, 1440 MiB, 100 %, 226.09 W, 56
2026/09/24 00:04:03.789, NVIDIA GeForce RTX 5090, 32607 MiB, 30748 MiB, 1440 MiB, 100 %, 268.28 W, 48
2026/09/24 00:04:08.803, NVIDIA GeForce RTX 5090, 32607 MiB, 30748 MiB, 1440 MiB, 100 %, 270.00 W, 55
2026/09/24 00:04:13.819, NVIDIA GeForce RTX 5090, 32607 MiB, 30748 MiB, 1440 MiB, 100 %, 261.79 W, 53
2026/09/24 00:04:18.821, NVIDIA GeForce RTX 5090, 32607 MiB, 30748 MiB, 1440 MiB, 100 %, 296.19 W, 48
2026/09/24 00:04:23.823, NVIDIA GeForce RTX 5090, 32607 MiB, 30748 MiB, 1440 MiB, 100 %, 313.99 W, 48
2026/09/24 00:04:28.823, NVIDIA GeForce RTX 5090, 32607 MiB, 30748 MiB, 1440 MiB, 100 %, 313.74 W, 48
2026/09/24 00:04:33.833, NVIDIA GeForce RTX 5090, 32607 MiB, 30748 MiB, 1440 MiB, 100 %, 332.50 W, 50
2026/09/24 00:04:38.842, NVIDIA GeForce RTX 5090, 32607 MiB, 30748 MiB, 1440 MiB, 100 %, 330.58 W, 50
2026/09/24 00:04:43.848, NVIDIA GeForce RTX 5090, 32607 MiB, 30748 MiB, 1440 MiB, 100 %, 298.04 W, 59
2026/09/24 00:04:48.861, NVIDIA GeForce RTX 5090, 32607 MiB, 30748 MiB, 1440 MiB, 100 %, 325.92 W, 59
2026/09/24 00:04:53.869, NVIDIA GeForce RTX 5090, 32607 MiB, 30748 MiB, 1440 MiB, 100 %, 227.29 W, 55
2026/09/24 00:04:58.876, NVIDIA GeForce RTX 5090, 32607 MiB, 30748 MiB, 1440 MiB, 100 %, 362.91 W, 50
2026/09/24 00:05:03.885, NVIDIA GeForce RTX 5090, 32607 MiB, 30748 MiB, 1440 MiB, 100 %, 240.47 W, 59
2026/09/24 00:05:08.897, NVIDIA GeForce RTX 5090, 32607 MiB, 30748 MiB, 1440 MiB, 100 %, 355.62 W, 50
2026/09/24 00:05:13.898, NVIDIA GeForce RTX 5090, 32607 MiB, 30748 MiB, 1440 MiB, 100 %, 247.72 W, 48
2026/09/24 00:05:18.910, NVIDIA GeForce RTX 5090, 32607 MiB, 30748 MiB, 1440 MiB, 100 %, 319.52 W, 59
2026/09/24 00:05:23.911, NVIDIA GeForce RTX 5090, 32607 MiB, 30748 MiB, 1440 MiB, 100 %, 384.70 W, 50
2026/09/24 00:05:28.918, NVIDIA GeForce RTX 5090, 32607 MiB, 30748 MiB, 1440 MiB, 100 %, 285.54 W, 48
2026/09/24 00:05:33.928, NVIDIA GeForce RTX 5090, 32607 MiB, 30748 MiB, 1440 MiB, 100 %, 237.74 W, 58
2026/09/24 00:05:38.934, NVIDIA GeForce RTX 5090, 32607 MiB, 30748 MiB, 1440 MiB, 100 %, 296.54 W, 60
2026/09/24 00:05:43.941, NVIDIA GeForce RTX 5090, 32607 MiB, 30748 MiB, 1440 MiB, 100 %, 346.70 W, 60
2026/09/24 00:05:48.949, NVIDIA GeForce RTX 5090, 32607 MiB, 30748 MiB, 1440 MiB, 100 %, 405.45 W, 60
2026/09/24 00:05:53.964, NVIDIA GeForce RTX 5090, 32607 MiB, 30748 MiB, 1440 MiB, 100 %, 395.93 W, 52
2026/09/24 00:05:58.974, NVIDIA GeForce RTX 5090, 32607 MiB, 30748 MiB, 1440 MiB, 100 %, 168.10 W, 48
2026/09/24 00:06:03.986, NVIDIA GeForce RTX 5090, 32607 MiB, 30748 MiB, 1440 MiB, 100 %, 170.20 W, 48
2026/09/24 00:06:09.001, NVIDIA GeForce RTX 5090, 32607 MiB, 30748 MiB, 1440 MiB, 100 %, 175.90 W, 47
2026/09/24 00:06:14.003, NVIDIA GeForce RTX 5090, 32607 MiB, 30748 MiB, 1440 MiB, 100 %, 191.36 W, 49
2026/09/24 00:06:19.010, NVIDIA GeForce RTX 5090, 32607 MiB, 30748 MiB, 1440 MiB, 100 %, 203.24 W, 47
2026/09/24 00:06:24.012, NVIDIA GeForce RTX 5090, 32607 MiB, 30748 MiB, 1440 MiB, 99 %, 238.66 W, 55
2026/09/24 00:06:29.021, NVIDIA GeForce RTX 5090, 32607 MiB, 30748 MiB, 1440 MiB, 100 %, 234.73 W, 51
2026/09/24 00:06:34.024, NVIDIA GeForce RTX 5090, 32607 MiB, 30748 MiB, 1440 MiB, 99 %, 246.34 W, 55
2026/09/24 00:06:39.038, NVIDIA GeForce RTX 5090, 32607 MiB, 30748 MiB, 1440 MiB, 99 %, 260.88 W, 55
2026/09/24 00:06:44.054, NVIDIA GeForce RTX 5090, 32607 MiB, 30748 MiB, 1440 MiB, 100 %, 254.60 W, 48
2026/09/24 00:06:49.069, NVIDIA GeForce RTX 5090, 32607 MiB, 30748 MiB, 1440 MiB, 100 %, 259.12 W, 57
2026/09/24 00:06:54.072, NVIDIA GeForce RTX 5090, 32607 MiB, 30748 MiB, 1440 MiB, 100 %, 288.86 W, 50
2026/09/24 00:06:59.086, NVIDIA GeForce RTX 5090, 32607 MiB, 30748 MiB, 1440 MiB, 100 %, 275.67 W, 47
2026/09/24 00:07:04.094, NVIDIA GeForce RTX 5090, 32607 MiB, 30748 MiB, 1440 MiB, 100 %, 227.97 W, 54
2026/09/24 00:07:09.096, NVIDIA GeForce RTX 5090, 32607 MiB, 30748 MiB, 1440 MiB, 99 %, 252.92 W, 57
2026/09/24 00:07:14.100, NVIDIA GeForce RTX 5090, 32607 MiB, 30748 MiB, 1440 MiB, 100 %, 252.43 W, 56
2026/09/24 00:07:19.112, NVIDIA GeForce RTX 5090, 32607 MiB, 30748 MiB, 1440 MiB, 100 %, 223.38 W, 51
2026/09/24 00:07:24.114, NVIDIA GeForce RTX 5090, 32607 MiB, 30748 MiB, 1440 MiB, 100 %, 281.03 W, 47
2026/09/24 00:07:29.127, NVIDIA GeForce RTX 5090, 32607 MiB, 30748 MiB, 1440 MiB, 100 %, 342.44 W, 49
2026/09/24 00:07:34.133, NVIDIA GeForce RTX 5090, 32607 MiB, 30748 MiB, 1440 MiB, 100 %, 325.07 W, 59
2026/09/24 00:07:39.148, NVIDIA GeForce RTX 5090, 32607 MiB, 30748 MiB, 1440 MiB, 100 %, 247.84 W, 49
2026/09/24 00:07:44.157, NVIDIA GeForce RTX 5090, 32607 MiB, 30748 MiB, 1440 MiB, 100 %, 343.59 W, 52
2026/09/24 00:07:49.160, NVIDIA GeForce RTX 5090, 32607 MiB, 30748 MiB, 1440 MiB, 100 %, 219.84 W, 48
2026/09/24 00:07:54.173, NVIDIA GeForce RTX 5090, 32607 MiB, 30748 MiB, 1440 MiB, 100 %, 348.03 W, 59
2026/09/24 00:07:59.182, NVIDIA GeForce RTX 5090, 32607 MiB, 30748 MiB, 1440 MiB, 100 %, 313.43 W, 49
2026/09/24 00:08:04.196, NVIDIA GeForce RTX 5090, 32607 MiB, 30748 MiB, 1440 MiB, 100 %, 257.39 W, 59
2026/09/24 00:08:09.212, NVIDIA GeForce RTX 5090, 32607 MiB, 30748 MiB, 1440 MiB, 100 %, 372.29 W, 59
2026/09/24 00:08:14.226, NVIDIA GeForce RTX 5090, 32607 MiB, 30748 MiB, 1440 MiB, 100 %, 357.88 W, 51
2026/09/24 00:08:19.241, NVIDIA GeForce RTX 5090, 32607 MiB, 30748 MiB, 1440 MiB, 100 %, 263.57 W, 52
2026/09/24 00:08:24.253, NVIDIA GeForce RTX 5090, 32607 MiB, 30748 MiB, 1440 MiB, 100 %, 227.69 W, 57
2026/09/24 00:08:29.267, NVIDIA GeForce RTX 5090, 32607 MiB, 30748 MiB, 1440 MiB, 100 %, 258.38 W, 60
2026/09/24 00:08:34.276, NVIDIA GeForce RTX 5090, 32607 MiB, 30748 MiB, 1440 MiB, 100 %, 293.55 W, 60
2026/09/24 00:08:39.284, NVIDIA GeForce RTX 5090, 32607 MiB, 30748 MiB, 1440 MiB, 100 %, 170.53 W, 48
2026/09/24 00:08:44.295, NVIDIA GeForce RTX 5090, 32607 MiB, 30748 MiB, 1440 MiB, 100 %, 168.70 W, 47
2026/09/24 00:08:49.310, NVIDIA GeForce RTX 5090, 32607 MiB, 30748 MiB, 1440 MiB, 100 %, 165.17 W, 47
2026/09/24 00:08:54.323, NVIDIA GeForce RTX 5090, 32607 MiB, 30748 MiB, 1440 MiB, 99 %, 210.76 W, 55
2026/09/24 00:08:59.331, NVIDIA GeForce RTX 5090, 32607 MiB, 30748 MiB, 1440 MiB, 100 %, 198.67 W, 47
2026/09/24 00:09:04.344, NVIDIA GeForce RTX 5090, 32607 MiB, 30748 MiB, 1440 MiB, 99 %, 260.87 W, 56
2026/09/24 00:09:09.345, NVIDIA GeForce RTX 5090, 32607 MiB, 30748 MiB, 1440 MiB, 100 %, 217.30 W, 49
2026/09/24 00:09:14.356, NVIDIA GeForce RTX 5090, 32607 MiB, 30748 MiB, 1440 MiB, 100 %, 228.06 W, 49
2026/09/24 00:09:19.369, NVIDIA GeForce RTX 5090, 32607 MiB, 30748 MiB, 1440 MiB, 100 %, 248.65 W, 51
2026/09/24 00:09:24.380, NVIDIA GeForce RTX 5090, 32607 MiB, 30748 MiB, 1440 MiB, 100 %, 254.66 W, 49
2026/09/24 00:09:29.388, NVIDIA GeForce RTX 5090, 32607 MiB, 30748 MiB, 1440 MiB, 99 %, 261.05 W, 56
2026/09/24 00:09:34.398, NVIDIA GeForce RTX 5090, 32607 MiB, 30748 MiB, 1440 MiB, 100 %, 281.91 W, 49
2026/09/24 00:09:39.410, NVIDIA GeForce RTX 5090, 32607 MiB, 30748 MiB, 1440 MiB, 100 %, 262.45 W, 47
2026/09/24 00:09:44.413, NVIDIA GeForce RTX 5090, 32607 MiB, 30748 MiB, 1440 MiB, 100 %, 256.35 W, 57
2026/09/24 00:09:49.425, NVIDIA GeForce RTX 5090, 32607 MiB, 30748 MiB, 1440 MiB, 100 %, 293.92 W, 58
2026/09/24 00:09:54.431, NVIDIA GeForce RTX 5090, 32607 MiB, 30748 MiB, 1440 MiB, 100 %, 302.96 W, 58
2026/09/24 00:09:59.442, NVIDIA GeForce RTX 5090, 32607 MiB, 30748 MiB, 1440 MiB, 100 %, 296.02 W, 57
2026/09/24 00:10:04.458, NVIDIA GeForce RTX 5090, 32607 MiB, 30748 MiB, 1440 MiB, 100 %, 260.60 W, 58
2026/09/24 00:10:09.469, NVIDIA GeForce RTX 5090, 32607 MiB, 30748 MiB, 1440 MiB, 100 %, 250.66 W, 56
2026/09/24 00:10:14.473, NVIDIA GeForce RTX 5090, 32607 MiB, 30748 MiB, 1440 MiB, 100 %, 325.10 W, 48
2026/09/24 00:10:19.484, NVIDIA GeForce RTX 5090, 32607 MiB, 30748 MiB, 1440 MiB, 100 %, 352.22 W, 53
2026/09/24 00:10:24.495, NVIDIA GeForce RTX 5090, 32607 MiB, 30748 MiB, 1440 MiB, 100 %, 232.15 W, 57
2026/09/24 00:10:29.496, NVIDIA GeForce RTX 5090, 32607 MiB, 30748 MiB, 1440 MiB, 100 %, 358.90 W, 50
2026/09/24 00:10:34.502, NVIDIA GeForce RTX 5090, 32607 MiB, 30748 MiB, 1440 MiB, 100 %, 253.56 W, 56
2026/09/24 00:10:39.517, NVIDIA GeForce RTX 5090, 32607 MiB, 30748 MiB, 1440 MiB, 100 %, 382.03 W, 53
2026/09/24 00:10:44.527, NVIDIA GeForce RTX 5090, 32607 MiB, 30748 MiB, 1440 MiB, 100 %, 288.82 W, 48
2026/09/24 00:10:49.541, NVIDIA GeForce RTX 5090, 32607 MiB, 30748 MiB, 1440 MiB, 100 %, 280.36 W, 59
2026/09/24 00:10:54.547, NVIDIA GeForce RTX 5090, 32607 MiB, 30748 MiB, 1440 MiB, 100 %, 403.26 W, 56
2026/09/24 00:10:59.558, NVIDIA GeForce RTX 5090, 32607 MiB, 30748 MiB, 1440 MiB, 100 %, 368.06 W, 50
2026/09/24 00:11:04.574, NVIDIA GeForce RTX 5090, 32607 MiB, 30748 MiB, 1440 MiB, 100 %, 260.04 W, 48
2026/09/24 00:11:09.580, NVIDIA GeForce RTX 5090, 32607 MiB, 30748 MiB, 1440 MiB, 100 %, 223.15 W, 53
2026/09/24 00:11:14.588, NVIDIA GeForce RTX 5090, 32607 MiB, 30748 MiB, 1440 MiB, 100 %, 257.97 W, 59
2026/09/24 00:11:19.602, NVIDIA GeForce RTX 5090, 32607 MiB, 30748 MiB, 1440 MiB, 100 %, 278.36 W, 59
2026/09/24 00:11:24.603, NVIDIA GeForce RTX 5090, 32607 MiB, 30748 MiB, 1440 MiB, 100 %, 168.75 W, 48
2026/09/24 00:11:29.617, NVIDIA GeForce RTX 5090, 32607 MiB, 30748 MiB, 1440 MiB, 100 %, 169.10 W, 48
2026/09/24 00:11:34.619, NVIDIA GeForce RTX 5090, 32607 MiB, 30748 MiB, 1440 MiB, 0 %, 98.55 W, 45
2026/09/24 00:11:39.622, NVIDIA GeForce RTX 5090, 32607 MiB, 30748 MiB, 1440 MiB, 0 %, 37.11 W, 43
2026/09/24 00:11:44.630, NVIDIA GeForce RTX 5090, 32607 MiB, 30748 MiB, 1440 MiB, 0 %, 18.98 W, 42
2026/09/24 00:11:49.634, NVIDIA GeForce RTX 5090, 32607 MiB, 30748 MiB, 1440 MiB, 0 %, 18.10 W, 42
2026/09/24 00:11:54.645, NV